hpi_flavor,frequency,place_name,index,gdp_pc,inflation_avg,unemployment_rate,current_account_bal,date,gspc_close
purchase-only,monthly,East North Central Division,100.0,36944.07,4.216,6.85,0.047,01/01/91,343.9299927
purchase-only,monthly,East North Central Division,100.95,36944.07,4.216,6.85,0.047,01/02/91,367.0700073
purchase-only,monthly,East North Central Division,100.92,36944.07,4.216,6.85,0.047,01/03/91,375.2200012
purchase-only,monthly,East North Central Division,100.98,36944.07,4.216,6.85,0.047,01/04/91,375.3399963
purchase-only,monthly,East North Central Division,101.36,36944.07,4.216,6.85,0.047,01/05/91,389.8299866
purchase-only,monthly,East North Central Division,101.5,36944.07,4.216,6.85,0.047,01/06/91,371.1600037
purchase-only,monthly,East North Central Division,101.84,36944.07,4.216,6.85,0.047,01/07/91,387.8099976
purchase-only,monthly,East North Central Division,102.03,36944.07,4.216,6.85,0.047,01/08/91,395.4299927
purchase-only,monthly,East North Central Division,101.99,36944.07,4.216,6.85,0.047,01/09/91,387.8599854
purchase-only,monthly,East North Central Division,102.33,36944.07,4.216,6.85,0.047,01/10/91,392.4500122
purchase-only,monthly,East North Central Division,103.34,36944.07,4.216,6.85,0.047,01/11/91,375.2200012
purchase-only,monthly,East North Central Division,103.39,36944.07,4.216,6.85,0.047,01/12/91,417.0899963
purchase-only,monthly,East North Central Division,103.88,37741.19,3.042,7.492,-0.792,01/01/92,408.7799988
purchase-only,monthly,East North Central Division,104.4,37741.19,3.042,7.492,-0.792,01/02/92,412.7000122
purchase-only,monthly,East North Central Division,105.14,37741.19,3.042,7.492,-0.792,01/03/92,403.6900024
purchase-only,monthly,East North Central Division,105.19,37741.19,3.042,7.492,-0.792,01/04/92,414.9500122
purchase-only,monthly,East North Central Division,105.52,37741.19,3.042,7.492,-0.792,01/05/92,415.3500061
purchase-only,monthly,East North Central Division,105.56,37741.19,3.042,7.492,-0.792,01/06/92,408.1400146
purchase-only,monthly,East North Central Division,105.94,37741.19,3.042,7.492,-0.792,01/07/92,424.2099915
purchase-only,monthly,East North Central Division,106.42,37741.19,3.042,7.492,-0.792,01/08/92,414.0299988
purchase-only,monthly,East North Central Division,106.67,37741.19,3.042,7.492,-0.792,01/09/92,417.7999878
purchase-only,monthly,East North Central Division,107.37,37741.19,3.042,7.492,-0.792,01/10/92,418.6799927
purchase-only,monthly,East North Central Division,107.75,37741.19,3.042,7.492,-0.792,01/11/92,431.3500061
purchase-only,monthly,East North Central Division,108.41,37741.19,3.042,7.492,-0.792,01/12/92,435.7099915
purchase-only,monthly,East North Central Division,108.52,38277.58,2.97,6.908,-1.237,01/01/93,438.7799988
purchase-only,monthly,East North Central Division,108.34,38277.58,2.97,6.908,-1.237,01/02/93,443.3800049
purchase-only,monthly,East North Central Division,108.92,38277.58,2.97,6.908,-1.237,01/03/93,451.6700134
purchase-only,monthly,East North Central Division,109.43,38277.58,2.97,6.908,-1.237,01/04/93,440.1900024
purchase-only,monthly,East North Central Division,109.78,38277.58,2.97,6.908,-1.237,01/05/93,450.1900024
purchase-only,monthly,East North Central Division,110.48,38277.58,2.97,6.908,-1.237,01/06/93,450.5299988
purchase-only,monthly,East North Central Division,110.88,38277.58,2.97,6.908,-1.237,01/07/93,448.1300049
purchase-only,monthly,East North Central Division,111.38,38277.58,2.97,6.908,-1.237,01/08/93,463.5599976
purchase-only,monthly,East North Central Division,112.14,38277.58,2.97,6.908,-1.237,01/09/93,458.9299927
purchase-only,monthly,East North Central Division,112.36,38277.58,2.97,6.908,-1.237,01/10/93,467.8299866
purchase-only,monthly,East North Central Division,112.89,38277.58,2.97,6.908,-1.237,01/11/93,461.7900085
purchase-only,monthly,East North Central Division,113.45,38277.58,2.97,6.908,-1.237,01/12/93,466.4500122
purchase-only,monthly,East North Central Division,114.13,39339.0,2.596,6.1,-1.669,01/01/94,481.6099854
purchase-only,monthly,East North Central Division,114.38,39339.0,2.596,6.1,-1.669,01/02/94,467.1400146
purchase-only,monthly,East North Central Division,114.78,39339.0,2.596,6.1,-1.669,01/03/94,445.769989
purchase-only,monthly,East North Central Division,115.49,39339.0,2.596,6.1,-1.669,01/04/94,450.9100037
purchase-only,monthly,East North Central Division,116.02,39339.0,2.596,6.1,-1.669,01/05/94,456.5
purchase-only,monthly,East North Central Division,116.32,39339.0,2.596,6.1,-1.669,01/06/94,444.269989
purchase-only,monthly,East North Central Division,116.52,39339.0,2.596,6.1,-1.669,01/07/94,458.2600098
purchase-only,monthly,East North Central Division,117.01,39339.0,2.596,6.1,-1.669,01/08/94,475.4899902
purchase-only,monthly,East North Central Division,117.32,39339.0,2.596,6.1,-1.669,01/09/94,462.7099915
purchase-only,monthly,East North Central Division,118.02,39339.0,2.596,6.1,-1.669,01/10/94,472.3500061
purchase-only,monthly,East North Central Division,118.48,39339.0,2.596,6.1,-1.669,01/11/94,453.6900024
purchase-only,monthly,East North Central Division,118.53,39339.0,2.596,6.1,-1.669,01/12/94,459.269989
purchase-only,monthly,East North Central Division,119.31,39919.87,2.805,5.592,-1.487,01/01/95,470.4200134
purchase-only,monthly,East North Central Division,119.9,39919.87,2.805,5.592,-1.487,01/02/95,487.3900146
purchase-only,monthly,East North Central Division,120.12,39919.87,2.805,5.592,-1.487,01/03/95,500.7099915
purchase-only,monthly,East North Central Division,120.81,39919.87,2.805,5.592,-1.487,01/04/95,514.710022
purchase-only,monthly,East North Central Division,120.77,39919.87,2.805,5.592,-1.487,01/05/95,533.4000244
purchase-only,monthly,East North Central Division,121.58,39919.87,2.805,5.592,-1.487,01/06/95,544.75
purchase-only,monthly,East North Central Division,122.18,39919.87,2.805,5.592,-1.487,01/07/95,562.0599976
purchase-only,monthly,East North Central Division,122.86,39919.87,2.805,5.592,-1.487,01/08/95,561.8800049
purchase-only,monthly,East North Central Division,123.36,39919.87,2.805,5.592,-1.487,01/09/95,584.4099731
purchase-only,monthly,East North Central Division,123.74,39919.87,2.805,5.592,-1.487,01/10/95,581.5
purchase-only,monthly,East North Central Division,124.01,39919.87,2.805,5.592,-1.487,01/11/95,605.3699951
purchase-only,monthly,East North Central Division,124.79,39919.87,2.805,5.592,-1.487,01/12/95,615.9299927
purchase-only,monthly,East North Central Division,125.19,40946.0,2.937,5.408,-1.546,01/01/96,636.0200195
purchase-only,monthly,East North Central Division,125.86,40946.0,2.937,5.408,-1.546,01/02/96,640.4299927
purchase-only,monthly,East North Central Division,126.35,40946.0,2.937,5.408,-1.546,01/03/96,645.5
purchase-only,monthly,East North Central Division,127.41,40946.0,2.937,5.408,-1.546,01/04/96,654.1699829
purchase-only,monthly,East North Central Division,127.6,40946.0,2.937,5.408,-1.546,01/05/96,669.1199951
purchase-only,monthly,East North Central Division,127.76,40946.0,2.937,5.408,-1.546,01/06/96,670.6300049
purchase-only,monthly,East North Central Division,128.45,40946.0,2.937,5.408,-1.546,01/07/96,639.9500122
purchase-only,monthly,East North Central Division,128.35,40946.0,2.937,5.408,-1.546,01/08/96,651.9899902
purchase-only,monthly,East North Central Division,128.85,40946.0,2.937,5.408,-1.546,01/09/96,687.3300171
purchase-only,monthly,East North Central Division,128.81,40946.0,2.937,5.408,-1.546,01/10/96,705.2700195
purchase-only,monthly,East North Central Division,130.02,40946.0,2.937,5.408,-1.546,01/11/96,757.0200195
purchase-only,monthly,East North Central Division,130.23,40946.0,2.937,5.408,-1.546,01/12/96,740.7399902
purchase-only,monthly,East North Central Division,130.35,42258.86,2.338,4.942,-1.641,01/01/97,786.1599731
purchase-only,monthly,East North Central Division,130.52,42258.86,2.338,4.942,-1.641,01/02/97,790.8200073
purchase-only,monthly,East North Central Division,131.34,42258.86,2.338,4.942,-1.641,01/03/97,757.1199951
purchase-only,monthly,East North Central Division,131.29,42258.86,2.338,4.942,-1.641,01/04/97,801.3400269
purchase-only,monthly,East North Central Division,132.07,42258.86,2.338,4.942,-1.641,01/05/97,848.2800293
purchase-only,monthly,East North Central Division,132.24,42258.86,2.338,4.942,-1.641,01/06/97,885.1400146
purchase-only,monthly,East North Central Division,132.62,42258.86,2.338,4.942,-1.641,01/07/97,954.3099976
purchase-only,monthly,East North Central Division,132.99,42258.86,2.338,4.942,-1.641,01/08/97,899.4699707
purchase-only,monthly,East North Central Division,133.19,42258.86,2.338,4.942,-1.641,01/09/97,947.2800293
purchase-only,monthly,East North Central Division,133.73,42258.86,2.338,4.942,-1.641,01/10/97,914.6199951
purchase-only,monthly,East North Central Division,134.1,42258.86,2.338,4.942,-1.641,01/11/97,955.4000244
purchase-only,monthly,East North Central Division,134.42,42258.86,2.338,4.942,-1.641,01/12/97,970.4299927
purchase-only,monthly,East North Central Division,135.0,43640.76,1.547,4.5,-2.373,01/01/98,980.2800293
purchase-only,monthly,East North Central Division,135.64,43640.76,1.547,4.5,-2.373,01/02/98,1049.339966
purchase-only,monthly,East North Central Division,136.06,43640.76,1.547,4.5,-2.373,01/03/98,1101.75
purchase-only,monthly,East North Central Division,136.44,43640.76,1.547,4.5,-2.373,01/04/98,1111.75
purchase-only,monthly,East North Central Division,136.82,43640.76,1.547,4.5,-2.373,01/05/98,1090.819946
purchase-only,monthly,East North Central Division,137.5,43640.76,1.547,4.5,-2.373,01/06/98,1133.839966
purchase-only,monthly,East North Central Division,137.82,43640.76,1.547,4.5,-2.373,01/07/98,1120.670044
purchase-only,monthly,East North Central Division,138.41,43640.76,1.547,4.5,-2.373,01/08/98,957.2800293
purchase-only,monthly,East North Central Division,139.18,43640.76,1.547,4.5,-2.373,01/09/98,1017.01001
purchase-only,monthly,East North Central Division,139.96,43640.76,1.547,4.5,-2.373,01/10/98,1098.670044
purchase-only,monthly,East North Central Division,140.82,43640.76,1.547,4.5,-2.373,01/11/98,1163.630005
purchase-only,monthly,East North Central Division,141.2,43640.76,1.547,4.5,-2.373,01/12/98,1229.22998
purchase-only,monthly,East North Central Division,141.75,45213.48,2.193,4.217,-2.976,01/01/99,1279.640015
purchase-only,monthly,East North Central Division,142.47,45213.48,2.193,4.217,-2.976,01/02/99,1238.329956
purchase-only,monthly,East North Central Division,142.9,45213.48,2.193,4.217,-2.976,01/03/99,1286.369995
purchase-only,monthly,East North Central Division,143.37,45213.48,2.193,4.217,-2.976,01/04/99,1335.180054
purchase-only,monthly,East North Central Division,144.31,45213.48,2.193,4.217,-2.976,01/05/99,1301.839966
purchase-only,monthly,East North Central Division,144.77,45213.48,2.193,4.217,-2.976,01/06/99,1372.709961
purchase-only,monthly,East North Central Division,145.47,45213.48,2.193,4.217,-2.976,01/07/99,1328.719971
purchase-only,monthly,East North Central Division,146.39,45213.48,2.193,4.217,-2.976,01/08/99,1320.410034
purchase-only,monthly,East North Central Division,146.66,45213.48,2.193,4.217,-2.976,01/09/99,1282.709961
purchase-only,monthly,East North Central Division,147.35,45213.48,2.193,4.217,-2.976,01/10/99,1362.930054
purchase-only,monthly,East North Central Division,147.6,45213.48,2.193,4.217,-2.976,01/11/99,1388.910034
purchase-only,monthly,East North Central Division,148.42,45213.48,2.193,4.217,-2.976,01/12/99,1469.25
purchase-only,monthly,East North Central Division,150.08,46539.99,3.367,3.967,-3.921,01/01/00,1394.459961
purchase-only,monthly,East North Central Division,149.24,46539.99,3.367,3.967,-3.921,01/02/00,1366.420044
purchase-only,monthly,East North Central Division,150.7,46539.99,3.367,3.967,-3.921,01/03/00,1498.579956
purchase-only,monthly,East North Central Division,151.34,46539.99,3.367,3.967,-3.921,01/04/00,1452.430054
purchase-only,monthly,East North Central Division,151.71,46539.99,3.367,3.967,-3.921,01/05/00,1420.599976
purchase-only,monthly,East North Central Division,152.78,46539.99,3.367,3.967,-3.921,01/06/00,1454.599976
purchase-only,monthly,East North Central Division,153.48,46539.99,3.367,3.967,-3.921,01/07/00,1430.829956
purchase-only,monthly,East North Central Division,153.84,46539.99,3.367,3.967,-3.921,01/08/00,1517.680054
purchase-only,monthly,East North Central Division,154.26,46539.99,3.367,3.967,-3.921,01/09/00,1436.51001
purchase-only,monthly,East North Central Division,154.74,46539.99,3.367,3.967,-3.921,01/10/00,1429.400024
purchase-only,monthly,East North Central Division,155.24,46539.99,3.367,3.967,-3.921,01/11/00,1314.949951
purchase-only,monthly,East North Central Division,156.25,46539.99,3.367,3.967,-3.921,01/12/00,1320.280029
purchase-only,monthly,East North Central Division,156.82,46503.1,2.817,4.742,-3.724,01/01/01,1366.01001
purchase-only,monthly,East North Central Division,157.55,46503.1,2.817,4.742,-3.724,01/02/01,1239.939941
purchase-only,monthly,East North Central Division,158.02,46503.1,2.817,4.742,-3.724,01/03/01,1160.329956
purchase-only,monthly,East North Central Division,158.8,46503.1,2.817,4.742,-3.724,01/04/01,1249.459961
purchase-only,monthly,East North Central Division,159.29,46503.1,2.817,4.742,-3.724,01/05/01,1255.819946
purchase-only,monthly,East North Central Division,159.73,46503.1,2.817,4.742,-3.724,01/06/01,1224.380005
purchase-only,monthly,East North Central Division,160.28,46503.1,2.817,4.742,-3.724,01/07/01,1211.22998
purchase-only,monthly,East North Central Division,160.79,46503.1,2.817,4.742,-3.724,01/08/01,1133.579956
purchase-only,monthly,East North Central Division,161.48,46503.1,2.817,4.742,-3.724,01/09/01,1040.939941
purchase-only,monthly,East North Central Division,162.54,46503.1,2.817,4.742,-3.724,01/10/01,1059.780029
purchase-only,monthly,East North Central Division,162.71,46503.1,2.817,4.742,-3.724,01/11/01,1139.449951
purchase-only,monthly,East North Central Division,163.31,46503.1,2.817,4.742,-3.724,01/12/01,1148.079956
purchase-only,monthly,East North Central Division,164.18,46831.46,1.596,5.783,-4.173,01/01/02,1130.199951
purchase-only,monthly,East North Central Division,164.35,46831.46,1.596,5.783,-4.173,01/02/02,1106.72998
purchase-only,monthly,East North Central Division,165.21,46831.46,1.596,5.783,-4.173,01/03/02,1147.390015
purchase-only,monthly,East North Central Division,165.47,46831.46,1.596,5.783,-4.173,01/04/02,1076.920044
purchase-only,monthly,East North Central Division,166.09,46831.46,1.596,5.783,-4.173,01/05/02,1067.140015
purchase-only,monthly,East North Central Division,166.97,46831.46,1.596,5.783,-4.173,01/06/02,989.8200073
purchase-only,monthly,East North Central Division,167.32,46831.46,1.596,5.783,-4.173,01/07/02,911.6199951
purchase-only,monthly,East North Central Division,167.93,46831.46,1.596,5.783,-4.173,01/08/02,916.0700073
purchase-only,monthly,East North Central Division,168.74,46831.46,1.596,5.783,-4.173,01/09/02,815.2800293
purchase-only,monthly,East North Central Division,169.11,46831.46,1.596,5.783,-4.173,01/10/02,885.7600098
purchase-only,monthly,East North Central Division,170.4,46831.46,1.596,5.783,-4.173,01/11/02,936.3099976
purchase-only,monthly,East North Central Division,170.58,46831.46,1.596,5.783,-4.173,01/12/02,879.8200073
purchase-only,monthly,East North Central Division,171.76,47691.56,2.298,5.992,-4.559,01/01/03,855.7000122
purchase-only,monthly,East North Central Division,172.04,47691.56,2.298,5.992,-4.559,01/02/03,841.1500244
purchase-only,monthly,East North Central Division,172.32,47691.56,2.298,5.992,-4.559,01/03/03,848.1799927
purchase-only,monthly,East North Central Division,173.03,47691.56,2.298,5.992,-4.559,01/04/03,916.9199829
purchase-only,monthly,East North Central Division,173.72,47691.56,2.298,5.992,-4.559,01/05/03,963.5900269
purchase-only,monthly,East North Central Division,174.11,47691.56,2.298,5.992,-4.559,01/06/03,974.5
purchase-only,monthly,East North Central Division,174.96,47691.56,2.298,5.992,-4.559,01/07/03,990.3099976
purchase-only,monthly,East North Central Division,175.71,47691.56,2.298,5.992,-4.559,01/08/03,1008.01001
purchase-only,monthly,East North Central Division,176.29,47691.56,2.298,5.992,-4.559,01/09/03,995.9699707
purchase-only,monthly,East North Central Division,177.17,47691.56,2.298,5.992,-4.559,01/10/03,1050.709961
purchase-only,monthly,East North Central Division,177.94,47691.56,2.298,5.992,-4.559,01/11/03,1058.199951
purchase-only,monthly,East North Central Division,178.89,47691.56,2.298,5.992,-4.559,01/12/03,1111.920044
purchase-only,monthly,East North Central Division,178.54,49080.56,2.668,5.542,-5.205,01/01/04,1131.130005
purchase-only,monthly,East North Central Division,180.11,49080.56,2.668,5.542,-5.205,01/02/04,1144.939941
purchase-only,monthly,East North Central Division,180.46,49080.56,2.668,5.542,-5.205,01/03/04,1126.209961
purchase-only,monthly,East North Central Division,181.03,49080.56,2.668,5.542,-5.205,01/04/04,1107.300049
purchase-only,monthly,East North Central Division,181.64,49080.56,2.668,5.542,-5.205,01/05/04,1120.680054
purchase-only,monthly,East North Central Division,182.47,49080.56,2.668,5.542,-5.205,01/06/04,1140.839966
purchase-only,monthly,East North Central Division,183.12,49080.56,2.668,5.542,-5.205,01/07/04,1101.719971
purchase-only,monthly,East North Central Division,183.76,49080.56,2.668,5.542,-5.205,01/08/04,1104.23999
purchase-only,monthly,East North Central Division,183.94,49080.56,2.668,5.542,-5.205,01/09/04,1114.579956
purchase-only,monthly,East North Central Division,184.84,49080.56,2.668,5.542,-5.205,01/10/04,1130.199951
purchase-only,monthly,East North Central Division,185.64,49080.56,2.668,5.542,-5.205,01/11/04,1173.819946
purchase-only,monthly,East North Central Division,186.19,49080.56,2.668,5.542,-5.205,01/12/04,1211.920044
purchase-only,monthly,East North Central Division,186.97,50322.52,3.366,5.083,-5.746,01/01/05,1181.27002
purchase-only,monthly,East North Central Division,186.34,50322.52,3.366,5.083,-5.746,01/02/05,1203.599976
purchase-only,monthly,East North Central Division,187.78,50322.52,3.366,5.083,-5.746,01/03/05,1180.589966
purchase-only,monthly,East North Central Division,188.63,50322.52,3.366,5.083,-5.746,01/04/05,1156.849976
purchase-only,monthly,East North Central Division,188.78,50322.52,3.366,5.083,-5.746,01/05/05,1191.5
purchase-only,monthly,East North Central Division,189.12,50322.52,3.366,5.083,-5.746,01/06/05,1191.329956
purchase-only,monthly,East North Central Division,189.63,50322.52,3.366,5.083,-5.746,01/07/05,1234.180054
purchase-only,monthly,East North Central Division,189.87,50322.52,3.366,5.083,-5.746,01/08/05,1220.329956
purchase-only,monthly,East North Central Division,191.38,50322.52,3.366,5.083,-5.746,01/09/05,1228.810059
purchase-only,monthly,East North Central Division,191.64,50322.52,3.366,5.083,-5.746,01/10/05,1207.01001
purchase-only,monthly,East North Central Division,191.79,50322.52,3.366,5.083,-5.746,01/11/05,1249.47998
purchase-only,monthly,East North Central Division,191.71,50322.52,3.366,5.083,-5.746,01/12/05,1248.290039
purchase-only,monthly,East North Central Division,192.23,51235.84,3.222,4.608,-5.911,01/01/06,1280.079956
purchase-only,monthly,East North Central Division,192.31,51235.84,3.222,4.608,-5.911,01/02/06,1280.660034
purchase-only,monthly,East North Central Division,192.31,51235.84,3.222,4.608,-5.911,01/03/06,1294.869995
purchase-only,monthly,East North Central Division,193.24,51235.84,3.222,4.608,-5.911,01/04/06,1310.609985
purchase-only,monthly,East North Central Division,192.72,51235.84,3.222,4.608,-5.911,01/05/06,1270.089966
purchase-only,monthly,East North Central Division,192.26,51235.84,3.222,4.608,-5.911,01/06/06,1270.199951
purchase-only,monthly,East North Central Division,192.38,51235.84,3.222,4.608,-5.911,01/07/06,1276.660034
purchase-only,monthly,East North Central Division,191.92,51235.84,3.222,4.608,-5.911,01/08/06,1303.819946
purchase-only,monthly,East North Central Division,192.09,51235.84,3.222,4.608,-5.911,01/09/06,1335.849976
purchase-only,monthly,East North Central Division,191.6,51235.84,3.222,4.608,-5.911,01/10/06,1377.939941
purchase-only,monthly,East North Central Division,190.87,51235.84,3.222,4.608,-5.911,01/11/06,1400.630005
purchase-only,monthly,East North Central Division,191.73,51235.84,3.222,4.608,-5.911,01/12/06,1418.300049
purchase-only,monthly,East North Central Division,192.55,51751.28,2.871,4.617,-5.089,01/01/07,1438.23999
purchase-only,monthly,East North Central Division,191.79,51751.28,2.871,4.617,-5.089,01/02/07,1406.819946
purchase-only,monthly,East North Central Division,191.91,51751.28,2.871,4.617,-5.089,01/03/07,1420.859985
purchase-only,monthly,East North Central Division,191.15,51751.28,2.871,4.617,-5.089,01/04/07,1482.369995
purchase-only,monthly,East North Central Division,190.19,51751.28,2.871,4.617,-5.089,01/05/07,1530.619995
purchase-only,monthly,East North Central Division,189.81,51751.28,2.871,4.617,-5.089,01/06/07,1503.349976
purchase-only,monthly,East North Central Division,188.5,51751.28,2.871,4.617,-5.089,01/07/07,1455.27002
purchase-only,monthly,East North Central Division,187.99,51751.28,2.871,4.617,-5.089,01/08/07,1473.98999
purchase-only,monthly,East North Central Division,186.63,51751.28,2.871,4.617,-5.089,01/09/07,1526.75
purchase-only,monthly,East North Central Division,185.34,51751.28,2.871,4.617,-5.089,01/10/07,1549.380005
purchase-only,monthly,East North Central Division,184.46,51751.28,2.871,4.617,-5.089,01/11/07,1481.140015
purchase-only,monthly,East North Central Division,183.25,51751.28,2.871,4.617,-5.089,01/12/07,1468.359985
purchase-only,monthly,East North Central Division,181.99,51335.91,3.815,5.8,-4.716,01/01/08,1378.550049
purchase-only,monthly,East North Central Division,181.63,51335.91,3.815,5.8,-4.716,01/02/08,1330.630005
purchase-only,monthly,East North Central Division,180.65,51335.91,3.815,5.8,-4.716,01/03/08,1322.699951
purchase-only,monthly,East North Central Division,178.94,51335.91,3.815,5.8,-4.716,01/04/08,1385.589966
purchase-only,monthly,East North Central Division,177.39,51335.91,3.815,5.8,-4.716,01/05/08,1400.380005
purchase-only,monthly,East North Central Division,176.85,51335.91,3.815,5.8,-4.716,01/06/08,1280.0
purchase-only,monthly,East North Central Division,175.7,51335.91,3.815,5.8,-4.716,01/07/08,1267.380005
purchase-only,monthly,East North Central Division,174.63,51335.91,3.815,5.8,-4.716,01/08/08,1282.829956
purchase-only,monthly,East North Central Division,171.88,51335.91,3.815,5.8,-4.716,01/09/08,1166.359985
purchase-only,monthly,East North Central Division,171.56,51335.91,3.815,5.8,-4.716,01/10/08,968.75
purchase-only,monthly,East North Central Division,168.61,51335.91,3.815,5.8,-4.716,01/11/08,896.2399902
purchase-only,monthly,East North Central Division,168.72,51335.91,3.815,5.8,-4.716,01/12/08,903.25
purchase-only,monthly,East North Central Division,171.99,49569.21,-0.32,9.283,-2.623,01/01/09,825.8800049
purchase-only,monthly,East North Central Division,170.9,49569.21,-0.32,9.283,-2.623,01/02/09,735.0900269
purchase-only,monthly,East North Central Division,169.58,49569.21,-0.32,9.283,-2.623,01/03/09,797.8699951
purchase-only,monthly,East North Central Division,168.09,49569.21,-0.32,9.283,-2.623,01/04/09,872.8099976
purchase-only,monthly,East North Central Division,169.23,49569.21,-0.32,9.283,-2.623,01/05/09,919.1400146
purchase-only,monthly,East North Central Division,167.93,49569.21,-0.32,9.283,-2.623,01/06/09,919.3200073
purchase-only,monthly,East North Central Division,166.7,49569.21,-0.32,9.283,-2.623,01/07/09,987.4799805
purchase-only,monthly,East North Central Division,166.4,49569.21,-0.32,9.283,-2.623,01/08/09,1020.619995
purchase-only,monthly,East North Central Division,166.92,49569.21,-0.32,9.283,-2.623,01/09/09,1057.079956
purchase-only,monthly,East North Central Division,166.01,49569.21,-0.32,9.283,-2.623,01/10/09,1036.189941
purchase-only,monthly,East North Central Division,167.39,49569.21,-0.32,9.283,-2.623,01/11/09,1095.630005
purchase-only,monthly,East North Central Division,165.11,49569.21,-0.32,9.283,-2.623,01/12/09,1115.099976
purchase-only,monthly,East North Central Division,165.02,50523.5,1.637,9.608,-2.871,01/01/10,1073.869995
purchase-only,monthly,East North Central Division,164.21,50523.5,1.637,9.608,-2.871,01/02/10,1104.48999
purchase-only,monthly,East North Central Division,164.47,50523.5,1.637,9.608,-2.871,01/03/10,1169.430054
purchase-only,monthly,East North Central Division,164.42,50523.5,1.637,9.608,-2.871,01/04/10,1186.689941
purchase-only,monthly,East North Central Division,164.66,50523.5,1.637,9.608,-2.871,01/05/10,1089.410034
purchase-only,monthly,East North Central Division,162.72,50523.5,1.637,9.608,-2.871,01/06/10,1030.709961
purchase-only,monthly,East North Central Division,161.77,50523.5,1.637,9.608,-2.871,01/07/10,1101.599976
purchase-only,monthly,East North Central Division,162.39,50523.5,1.637,9.608,-2.871,01/08/10,1049.329956
purchase-only,monthly,East North Central Division,160.49,50523.5,1.637,9.608,-2.871,01/09/10,1141.199951
purchase-only,monthly,East North Central Division,162.69,50523.5,1.637,9.608,-2.871,01/10/10,1183.26001
purchase-only,monthly,East North Central Division,161.72,50523.5,1.637,9.608,-2.871,01/11/10,1180.550049
purchase-only,monthly,East North Central Division,159.62,50523.5,1.637,9.608,-2.871,01/12/10,1257.640015
purchase-only,monthly,East North Central Division,159.04,50943.53,3.14,8.933,-2.919,01/01/11,1286.119995
purchase-only,monthly,East North Central Division,157.7,50943.53,3.14,8.933,-2.919,01/02/11,1327.219971
purchase-only,monthly,East North Central Division,154.53,50943.53,3.14,8.933,-2.919,01/03/11,1325.829956
purchase-only,monthly,East North Central Division,154.88,50943.53,3.14,8.933,-2.919,01/04/11,1363.609985
purchase-only,monthly,East North Central Division,155.65,50943.53,3.14,8.933,-2.919,01/05/11,1345.199951
purchase-only,monthly,East North Central Division,156.49,50943.53,3.14,8.933,-2.919,01/06/11,1320.640015
purchase-only,monthly,East North Central Division,157.89,50943.53,3.14,8.933,-2.919,01/07/11,1292.280029
purchase-only,monthly,East North Central Division,156.0,50943.53,3.14,8.933,-2.919,01/08/11,1218.890015
purchase-only,monthly,East North Central Division,156.75,50943.53,3.14,8.933,-2.919,01/09/11,1131.420044
purchase-only,monthly,East North Central Division,155.41,50943.53,3.14,8.933,-2.919,01/10/11,1253.300049
purchase-only,monthly,East North Central Division,157.81,50943.53,3.14,8.933,-2.919,01/11/11,1246.959961
purchase-only,monthly,East North Central Division,157.04,50943.53,3.14,8.933,-2.919,01/12/11,1257.599976
purchase-only,monthly,East North Central Division,156.16,51736.82,2.073,8.075,-2.573,01/01/12,1312.410034
purchase-only,monthly,East North Central Division,156.14,51736.82,2.073,8.075,-2.573,01/02/12,1365.680054
purchase-only,monthly,East North Central Division,157.29,51736.82,2.073,8.075,-2.573,01/03/12,1408.469971
purchase-only,monthly,East North Central Division,158.01,51736.82,2.073,8.075,-2.573,01/04/12,1397.910034
purchase-only,monthly,East North Central Division,159.18,51736.82,2.073,8.075,-2.573,01/05/12,1310.329956
purchase-only,monthly,East North Central Division,159.41,51736.82,2.073,8.075,-2.573,01/06/12,1362.160034
purchase-only,monthly,East North Central Division,159.34,51736.82,2.073,8.075,-2.573,01/07/12,1379.319946
purchase-only,monthly,East North Central Division,160.24,51736.82,2.073,8.075,-2.573,01/08/12,1406.579956
purchase-only,monthly,East North Central Division,160.59,51736.82,2.073,8.075,-2.573,01/09/12,1440.670044
purchase-only,monthly,East North Central Division,161.23,51736.82,2.073,8.075,-2.573,01/10/12,1412.160034
purchase-only,monthly,East North Central Division,160.48,51736.82,2.073,8.075,-2.573,01/11/12,1416.180054
purchase-only,monthly,East North Central Division,160.96,51736.82,2.073,8.075,-2.573,01/12/12,1426.189941
purchase-only,monthly,East North Central Division,162.52,52329.15,1.466,7.358,-2.016,01/01/13,1498.109985
purchase-only,monthly,East North Central Division,163.08,52329.15,1.466,7.358,-2.016,01/02/13,1514.680054
purchase-only,monthly,East North Central Division,164.66,52329.15,1.466,7.358,-2.016,01/03/13,1569.189941
purchase-only,monthly,East North Central Division,165.57,52329.15,1.466,7.358,-2.016,01/04/13,1597.569946
purchase-only,monthly,East North Central Division,166.25,52329.15,1.466,7.358,-2.016,01/05/13,1630.73999
purchase-only,monthly,East North Central Division,167.1,52329.15,1.466,7.358,-2.016,01/06/13,1606.280029
purchase-only,monthly,East North Central Division,168.23,52329.15,1.466,7.358,-2.016,01/07/13,1685.72998
purchase-only,monthly,East North Central Division,168.52,52329.15,1.466,7.358,-2.016,01/08/13,1632.969971
purchase-only,monthly,East North Central Division,169.13,52329.15,1.466,7.358,-2.016,01/09/13,1681.550049
purchase-only,monthly,East North Central Division,169.15,52329.15,1.466,7.358,-2.016,01/10/13,1756.540039
purchase-only,monthly,East North Central Division,169.29,52329.15,1.466,7.358,-2.016,01/11/13,1805.810059
purchase-only,monthly,East North Central Division,170.72,52329.15,1.466,7.358,-2.016,01/12/13,1848.359985
purchase-only,monthly,East North Central Division,171.21,53141.85,1.615,6.158,-2.109,01/01/14,1782.589966
purchase-only,monthly,East North Central Division,171.33,53141.85,1.615,6.158,-2.109,01/02/14,1859.449951
purchase-only,monthly,East North Central Division,171.93,53141.85,1.615,6.158,-2.109,01/03/14,1872.339966
purchase-only,monthly,East North Central Division,172.82,53141.85,1.615,6.158,-2.109,01/04/14,1883.949951
purchase-only,monthly,East North Central Division,172.48,53141.85,1.615,6.158,-2.109,01/05/14,1923.569946
purchase-only,monthly,East North Central Division,173.01,53141.85,1.615,6.158,-2.109,01/06/14,1960.22998
purchase-only,monthly,East North Central Division,174.2,53141.85,1.615,6.158,-2.109,01/07/14,1930.670044
purchase-only,monthly,East North Central Division,174.98,53141.85,1.615,6.158,-2.109,01/08/14,2003.369995
purchase-only,monthly,East North Central Division,175.15,53141.85,1.615,6.158,-2.109,01/09/14,1972.290039
purchase-only,monthly,East North Central Division,176.36,53141.85,1.615,6.158,-2.109,01/10/14,2018.050049
purchase-only,monthly,East North Central Division,175.88,53141.85,1.615,6.158,-2.109,01/11/14,2067.560059
purchase-only,monthly,East North Central Division,177.7,53141.85,1.615,6.158,-2.109,01/12/14,2058.899902
purchase-only,monthly,East North Central Division,176.98,54187.9,0.121,5.275,-2.244,01/01/15,1994.98999
purchase-only,monthly,East North Central Division,178.73,54187.9,0.121,5.275,-2.244,01/02/15,2104.5
purchase-only,monthly,East North Central Division,178.75,54187.9,0.121,5.275,-2.244,01/03/15,2067.889893
purchase-only,monthly,East North Central Division,179.34,54187.9,0.121,5.275,-2.244,01/04/15,2085.51001
purchase-only,monthly,East North Central Division,180.49,54187.9,0.121,5.275,-2.244,01/05/15,2107.389893
purchase-only,monthly,East North Central Division,181.48,54187.9,0.121,5.275,-2.244,01/06/15,2063.110107
purchase-only,monthly,East North Central Division,181.07,54187.9,0.121,5.275,-2.244,01/07/15,2103.840088
purchase-only,monthly,East North Central Division,180.5,54187.9,0.121,5.275,-2.244,01/08/15,1972.180054
purchase-only,monthly,East North Central Division,182.3,54187.9,0.121,5.275,-2.244,01/09/15,1920.030029
purchase-only,monthly,East North Central Division,183.26,54187.9,0.121,5.275,-2.244,01/10/15,2079.360107
purchase-only,monthly,East North Central Division,184.19,54187.9,0.121,5.275,-2.244,01/11/15,2080.409912
purchase-only,monthly,East North Central Division,184.75,54187.9,0.121,5.275,-2.244,01/12/15,2043.939941
purchase-only,monthly,East North Central Division,185.59,54700.34,1.267,4.875,-2.119,01/01/16,1940.23999
purchase-only,monthly,East North Central Division,184.69,54700.34,1.267,4.875,-2.119,01/02/16,1932.22998
purchase-only,monthly,East North Central Division,186.54,54700.34,1.267,4.875,-2.119,01/03/16,2059.73999
purchase-only,monthly,East North Central Division,187.12,54700.34,1.267,4.875,-2.119,01/04/16,2065.300049
purchase-only,monthly,East North Central Division,188.13,54700.34,1.267,4.875,-2.119,01/05/16,2096.949951
purchase-only,monthly,East North Central Division,189.21,54700.34,1.267,4.875,-2.119,01/06/16,2098.860107
purchase-only,monthly,East North Central Division,189.96,54700.34,1.267,4.875,-2.119,01/07/16,2173.600098
purchase-only,monthly,East North Central Division,191.48,54700.34,1.267,4.875,-2.119,01/08/16,2170.949951
purchase-only,monthly,East North Central Division,192.01,54700.34,1.267,4.875,-2.119,01/09/16,2168.27002
purchase-only,monthly,East North Central Division,193.16,54700.34,1.267,4.875,-2.119,01/10/16,2126.149902
purchase-only,monthly,East North Central Division,193.73,54700.34,1.267,4.875,-2.119,01/11/16,2198.810059
purchase-only,monthly,East North Central Division,195.2,54700.34,1.267,4.875,-2.119,01/12/16,2238.830078
purchase-only,monthly,East North Central Division,195.16,55572.58,2.131,4.358,-1.887,01/01/17,2278.870117
purchase-only,monthly,East North Central Division,196.38,55572.58,2.131,4.358,-1.887,01/02/17,2363.639893
purchase-only,monthly,East North Central Division,198.02,55572.58,2.131,4.358,-1.887,01/03/17,2362.719971
purchase-only,monthly,East North Central Division,198.22,55572.58,2.131,4.358,-1.887,01/04/17,2384.199951
purchase-only,monthly,East North Central Division,199.2,55572.58,2.131,4.358,-1.887,01/05/17,2411.800049
purchase-only,monthly,East North Central Division,199.17,55572.58,2.131,4.358,-1.887,01/06/17,2423.409912
purchase-only,monthly,East North Central Division,200.76,55572.58,2.131,4.358,-1.887,01/07/17,2470.300049
purchase-only,monthly,East North Central Division,201.9,55572.58,2.131,4.358,-1.887,01/08/17,2471.649902
purchase-only,monthly,East North Central Division,202.34,55572.58,2.131,4.358,-1.887,01/09/17,2519.360107
purchase-only,monthly,East North Central Division,203.68,55572.58,2.131,4.358,-1.887,01/10/17,2575.26001
purchase-only,monthly,East North Central Division,204.6,55572.58,2.131,4.358,-1.887,01/11/17,2647.580078
purchase-only,monthly,East North Central Division,206.36,55572.58,2.131,4.358,-1.887,01/12/17,2673.610107
purchase-only,monthly,East North Central Division,208.26,56904.34,2.439,3.892,-2.142,01/01/18,2823.810059
purchase-only,monthly,East North Central Division,209.28,56904.34,2.439,3.892,-2.142,01/02/18,2713.830078
purchase-only,monthly,East North Central Division,209.58,56904.34,2.439,3.892,-2.142,01/03/18,2640.870117
purchase-only,monthly,East North Central Division,210.42,56904.34,2.439,3.892,-2.142,01/04/18,2648.050049
purchase-only,monthly,East North Central Division,210.9,56904.34,2.439,3.892,-2.142,01/05/18,2705.27002
purchase-only,monthly,East North Central Division,212.12,56904.34,2.439,3.892,-2.142,01/06/18,2718.370117
purchase-only,monthly,East North Central Division,212.85,56904.34,2.439,3.892,-2.142,01/07/18,2816.290039
purchase-only,monthly,East North Central Division,213.97,56904.34,2.439,3.892,-2.142,01/08/18,2901.52002
purchase-only,monthly,East North Central Division,214.68,56904.34,2.439,3.892,-2.142,01/09/18,2913.97998
purchase-only,monthly,East North Central Division,216.19,56904.34,2.439,3.892,-2.142,01/10/18,2711.73999
purchase-only,monthly,East North Central Division,216.1,56904.34,2.439,3.892,-2.142,01/11/18,2760.169922
purchase-only,monthly,East North Central Division,217.21,56904.34,2.439,3.892,-2.142,01/12/18,2506.850098
purchase-only,monthly,East North Central Division,218.2,57940.11,1.813,3.683,-2.066,01/01/19,2704.100098
purchase-only,monthly,East North Central Division,219.67,57940.11,1.813,3.683,-2.066,01/02/19,2784.48999
purchase-only,monthly,East North Central Division,219.99,57940.11,1.813,3.683,-2.066,01/03/19,2834.399902
purchase-only,monthly,East North Central Division,221.23,57940.11,1.813,3.683,-2.066,01/04/19,2945.830078
purchase-only,monthly,East North Central Division,222.3,57940.11,1.813,3.683,-2.066,01/05/19,2752.060059
purchase-only,monthly,East North Central Division,222.81,57940.11,1.813,3.683,-2.066,01/06/19,2941.76001
purchase-only,monthly,East North Central Division,223.98,57940.11,1.813,3.683,-2.066,01/07/19,2980.379883
purchase-only,monthly,East North Central Division,225.14,57940.11,1.813,3.683,-2.066,01/08/19,2926.459961
purchase-only,monthly,East North Central Division,225.83,57940.11,1.813,3.683,-2.066,01/09/19,2976.73999
purchase-only,monthly,East North Central Division,226.85,57940.11,1.813,3.683,-2.066,01/10/19,3037.560059
purchase-only,monthly,East North Central Division,229.55,57940.11,1.813,3.683,-2.066,01/11/19,3140.97998
purchase-only,monthly,East North Central Division,229.94,57940.11,1.813,3.683,-2.066,01/12/19,3230.780029
purchase-only,monthly,East North Central Division,231.3,55875.47,1.251,8.092,-2.835,01/01/20,3225.52002
purchase-only,monthly,East North Central Division,232.95,55875.47,1.251,8.092,-2.835,01/02/20,2954.219971
purchase-only,monthly,East North Central Division,234.32,55875.47,1.251,8.092,-2.835,01/03/20,2584.590088
purchase-only,monthly,East North Central Division,234.11,55875.47,1.251,8.092,-2.835,01/04/20,2912.429932
purchase-only,monthly,East North Central Division,233.62,55875.47,1.251,8.092,-2.835,01/05/20,3044.310059
purchase-only,monthly,East North Central Division,235.45,55875.47,1.251,8.092,-2.835,01/06/20,3100.290039
purchase-only,monthly,East North Central Division,239.73,55875.47,1.251,8.092,-2.835,01/07/20,3271.120117
purchase-only,monthly,East North Central Division,243.46,55875.47,1.251,8.092,-2.835,01/08/20,3500.310059
purchase-only,monthly,East North Central Division,247.25,55875.47,1.251,8.092,-2.835,01/09/20,3363.0
purchase-only,monthly,East North Central Division,251.01,55875.47,1.251,8.092,-2.835,01/10/20,3269.959961
purchase-only,monthly,East North Central Division,253.76,55875.47,1.251,8.092,-2.835,01/11/20,3621.629883
purchase-only,monthly,East North Central Division,257.2,55875.47,1.251,8.092,-2.835,01/12/20,3756.070068
purchase-only,monthly,East North Central Division,259.5,59009.85,4.683,5.367,-3.566,01/01/21,3714.23999
purchase-only,monthly,East North Central Division,261.3,59009.85,4.683,5.367,-3.566,01/02/21,3811.149902
purchase-only,monthly,East North Central Division,264.13,59009.85,4.683,5.367,-3.566,01/03/21,3972.889893
purchase-only,monthly,East North Central Division,267.46,59009.85,4.683,5.367,-3.566,01/04/21,4181.169922
purchase-only,monthly,East North Central Division,270.89,59009.85,4.683,5.367,-3.566,01/05/21,4204.109863
purchase-only,monthly,East North Central Division,275.33,59009.85,4.683,5.367,-3.566,01/06/21,4297.5
purchase-only,monthly,East North Central Division,278.23,59009.85,4.683,5.367,-3.566,01/07/21,4395.259766
purchase-only,monthly,East North Central Division,280.41,59009.85,4.683,5.367,-3.566,01/08/21,4522.680176
purchase-only,monthly,East North Central Division,282.52,59009.85,4.683,5.367,-3.566,01/09/21,4307.540039
purchase-only,monthly,East North Central Division,286.15,59009.85,4.683,5.367,-3.566,01/10/21,4605.379883
purchase-only,monthly,East North Central Division,289.61,59009.85,4.683,5.367,-3.566,01/11/21,4567.0
purchase-only,monthly,East North Central Division,293.4,59009.85,4.683,5.367,-3.566,01/12/21,4766.180176
purchase-only,monthly,East North Central Division,297.43,60007.14,7.986,3.642,-3.816,01/01/22,4515.549805
purchase-only,monthly,East North Central Division,300.81,60007.14,7.986,3.642,-3.816,01/02/22,4373.939941
purchase-only,monthly,East North Central Division,304.4,60007.14,7.986,3.642,-3.816,01/03/22,4530.410156
purchase-only,monthly,East North Central Division,307.11,60007.14,7.986,3.642,-3.816,01/04/22,4131.930176
purchase-only,monthly,East North Central Division,310.47,60007.14,7.986,3.642,-3.816,01/05/22,4132.149902
purchase-only,monthly,East North Central Division,310.11,60007.14,7.986,3.642,-3.816,01/06/22,3785.379883
purchase-only,monthly,East North Central Division,310.2,60007.14,7.986,3.642,-3.816,01/07/22,4130.290039
purchase-only,monthly,East North Central Division,309.92,60007.14,7.986,3.642,-3.816,01/08/22,3955.0
purchase-only,monthly,East North Central Division,311.61,60007.14,7.986,3.642,-3.816,01/09/22,3585.620117
purchase-only,monthly,East North Central Division,311.86,60007.14,7.986,3.642,-3.816,01/10/22,3871.97998
purchase-only,monthly,East North Central Division,312.81,60007.14,7.986,3.642,-3.816,01/11/22,4080.110107
purchase-only,monthly,East North Central Division,314.23,60007.14,7.986,3.642,-3.816,01/12/22,3839.5
purchase-only,monthly,East North Central Division,314.91,60963.65,4.084,3.569,-2.951,01/01/23,4076.600098
purchase-only,monthly,East North Central Division,317.14,60963.65,4.084,3.569,-2.951,01/02/23,3970.149902
purchase-only,monthly,East North Central Division,321.46,60963.65,4.084,3.569,-2.951,01/03/23,4109.310059
purchase-only,monthly,East North Central Division,324.21,60963.65,4.084,3.569,-2.951,01/04/23,4169.47998
purchase-only,monthly,East North Central Division,328.18,60963.65,4.084,3.569,-2.951,01/05/23,4179.830078
purchase-only,monthly,East North Central Division,328.13,60963.65,4.084,3.569,-2.951,01/06/23,4450.379883
purchase-only,monthly,East North Central Division,332.13,60963.65,4.084,3.569,-2.951,01/07/23,4588.959961
purchase-only,monthly,East North Central Division,336.01,60963.65,4.084,3.569,-2.951,01/08/23,4507.660156
purchase-only,monthly,East North Central Division,337.83,60963.65,4.084,3.569,-2.951,01/09/23,4288.049805
purchase-only,monthly,East North Central Division,339.98,60963.65,4.084,3.569,-2.951,01/10/23,4193.799805
purchase-only,monthly,East North Central Division,341.35,60963.65,4.084,3.569,-2.951,01/11/23,4567.799805
purchase-only,monthly,East South Central Division,100.0,36944.07,4.216,6.85,0.047,01/01/91,343.9299927
purchase-only,monthly,East South Central Division,100.61,36944.07,4.216,6.85,0.047,01/02/91,367.0700073
purchase-only,monthly,East South Central Division,100.43,36944.07,4.216,6.85,0.047,01/03/91,375.2200012
purchase-only,monthly,East South Central Division,100.45,36944.07,4.216,6.85,0.047,01/04/91,375.3399963
purchase-only,monthly,East South Central Division,100.74,36944.07,4.216,6.85,0.047,01/05/91,389.8299866
purchase-only,monthly,East South Central Division,101.45,36944.07,4.216,6.85,0.047,01/06/91,371.1600037
purchase-only,monthly,East South Central Division,101.29,36944.07,4.216,6.85,0.047,01/07/91,387.8099976
purchase-only,monthly,East South Central Division,100.84,36944.07,4.216,6.85,0.047,01/08/91,395.4299927
purchase-only,monthly,East South Central Division,101.16,36944.07,4.216,6.85,0.047,01/09/91,387.8599854
purchase-only,monthly,East South Central Division,101.59,36944.07,4.216,6.85,0.047,01/10/91,392.4500122
purchase-only,monthly,East South Central Division,102.16,36944.07,4.216,6.85,0.047,01/11/91,375.2200012
purchase-only,monthly,East South Central Division,103.25,36944.07,4.216,6.85,0.047,01/12/91,417.0899963
purchase-only,monthly,East South Central Division,103.31,37741.19,3.042,7.492,-0.792,01/01/92,408.7799988
purchase-only,monthly,East South Central Division,104.07,37741.19,3.042,7.492,-0.792,01/02/92,412.7000122
purchase-only,monthly,East South Central Division,103.77,37741.19,3.042,7.492,-0.792,01/03/92,403.6900024
purchase-only,monthly,East South Central Division,103.35,37741.19,3.042,7.492,-0.792,01/04/92,414.9500122
purchase-only,monthly,East South Central Division,104.06,37741.19,3.042,7.492,-0.792,01/05/92,415.3500061
purchase-only,monthly,East South Central Division,104.09,37741.19,3.042,7.492,-0.792,01/06/92,408.1400146
purchase-only,monthly,East South Central Division,104.63,37741.19,3.042,7.492,-0.792,01/07/92,424.2099915
purchase-only,monthly,East South Central Division,105.34,37741.19,3.042,7.492,-0.792,01/08/92,414.0299988
purchase-only,monthly,East South Central Division,105.8,37741.19,3.042,7.492,-0.792,01/09/92,417.7999878
purchase-only,monthly,East South Central Division,106.5,37741.19,3.042,7.492,-0.792,01/10/92,418.6799927
purchase-only,monthly,East South Central Division,106.26,37741.19,3.042,7.492,-0.792,01/11/92,431.3500061
purchase-only,monthly,East South Central Division,106.73,37741.19,3.042,7.492,-0.792,01/12/92,435.7099915
purchase-only,monthly,East South Central Division,106.96,38277.58,2.97,6.908,-1.237,01/01/93,438.7799988
purchase-only,monthly,East South Central Division,106.59,38277.58,2.97,6.908,-1.237,01/02/93,443.3800049
purchase-only,monthly,East South Central Division,107.9,38277.58,2.97,6.908,-1.237,01/03/93,451.6700134
purchase-only,monthly,East South Central Division,108.28,38277.58,2.97,6.908,-1.237,01/04/93,440.1900024
purchase-only,monthly,East South Central Division,108.67,38277.58,2.97,6.908,-1.237,01/05/93,450.1900024
purchase-only,monthly,East South Central Division,108.8,38277.58,2.97,6.908,-1.237,01/06/93,450.5299988
purchase-only,monthly,East South Central Division,109.28,38277.58,2.97,6.908,-1.237,01/07/93,448.1300049
purchase-only,monthly,East South Central Division,109.88,38277.58,2.97,6.908,-1.237,01/08/93,463.5599976
purchase-only,monthly,East South Central Division,110.95,38277.58,2.97,6.908,-1.237,01/09/93,458.9299927
purchase-only,monthly,East South Central Division,110.85,38277.58,2.97,6.908,-1.237,01/10/93,467.8299866
purchase-only,monthly,East South Central Division,111.59,38277.58,2.97,6.908,-1.237,01/11/93,461.7900085
purchase-only,monthly,East South Central Division,112.01,38277.58,2.97,6.908,-1.237,01/12/93,466.4500122
purchase-only,monthly,East South Central Division,112.77,39339.0,2.596,6.1,-1.669,01/01/94,481.6099854
purchase-only,monthly,East South Central Division,113.7,39339.0,2.596,6.1,-1.669,01/02/94,467.1400146
purchase-only,monthly,East South Central Division,113.63,39339.0,2.596,6.1,-1.669,01/03/94,445.769989
purchase-only,monthly,East South Central Division,114.63,39339.0,2.596,6.1,-1.669,01/04/94,450.9100037
purchase-only,monthly,East South Central Division,115.02,39339.0,2.596,6.1,-1.669,01/05/94,456.5
purchase-only,monthly,East South Central Division,115.35,39339.0,2.596,6.1,-1.669,01/06/94,444.269989
purchase-only,monthly,East South Central Division,115.7,39339.0,2.596,6.1,-1.669,01/07/94,458.2600098
purchase-only,monthly,East South Central Division,116.19,39339.0,2.596,6.1,-1.669,01/08/94,475.4899902
purchase-only,monthly,East South Central Division,116.03,39339.0,2.596,6.1,-1.669,01/09/94,462.7099915
purchase-only,monthly,East South Central Division,117.04,39339.0,2.596,6.1,-1.669,01/10/94,472.3500061
purchase-only,monthly,East South Central Division,117.75,39339.0,2.596,6.1,-1.669,01/11/94,453.6900024
purchase-only,monthly,East South Central Division,117.62,39339.0,2.596,6.1,-1.669,01/12/94,459.269989
purchase-only,monthly,East South Central Division,117.69,39919.87,2.805,5.592,-1.487,01/01/95,470.4200134
purchase-only,monthly,East South Central Division,118.9,39919.87,2.805,5.592,-1.487,01/02/95,487.3900146
purchase-only,monthly,East South Central Division,119.14,39919.87,2.805,5.592,-1.487,01/03/95,500.7099915
purchase-only,monthly,East South Central Division,118.71,39919.87,2.805,5.592,-1.487,01/04/95,514.710022
purchase-only,monthly,East South Central Division,119.28,39919.87,2.805,5.592,-1.487,01/05/95,533.4000244
purchase-only,monthly,East South Central Division,120.67,39919.87,2.805,5.592,-1.487,01/06/95,544.75
purchase-only,monthly,East South Central Division,121.25,39919.87,2.805,5.592,-1.487,01/07/95,562.0599976
purchase-only,monthly,East South Central Division,120.99,39919.87,2.805,5.592,-1.487,01/08/95,561.8800049
purchase-only,monthly,East South Central Division,121.6,39919.87,2.805,5.592,-1.487,01/09/95,584.4099731
purchase-only,monthly,East South Central Division,122.71,39919.87,2.805,5.592,-1.487,01/10/95,581.5
purchase-only,monthly,East South Central Division,122.85,39919.87,2.805,5.592,-1.487,01/11/95,605.3699951
purchase-only,monthly,East South Central Division,123.35,39919.87,2.805,5.592,-1.487,01/12/95,615.9299927
purchase-only,monthly,East South Central Division,123.75,40946.0,2.937,5.408,-1.546,01/01/96,636.0200195
purchase-only,monthly,East South Central Division,123.44,40946.0,2.937,5.408,-1.546,01/02/96,640.4299927
purchase-only,monthly,East South Central Division,123.99,40946.0,2.937,5.408,-1.546,01/03/96,645.5
purchase-only,monthly,East South Central Division,124.7,40946.0,2.937,5.408,-1.546,01/04/96,654.1699829
purchase-only,monthly,East South Central Division,125.48,40946.0,2.937,5.408,-1.546,01/05/96,669.1199951
purchase-only,monthly,East South Central Division,125.47,40946.0,2.937,5.408,-1.546,01/06/96,670.6300049
purchase-only,monthly,East South Central Division,126.73,40946.0,2.937,5.408,-1.546,01/07/96,639.9500122
purchase-only,monthly,East South Central Division,126.6,40946.0,2.937,5.408,-1.546,01/08/96,651.9899902
purchase-only,monthly,East South Central Division,126.93,40946.0,2.937,5.408,-1.546,01/09/96,687.3300171
purchase-only,monthly,East South Central Division,127.78,40946.0,2.937,5.408,-1.546,01/10/96,705.2700195
purchase-only,monthly,East South Central Division,127.43,40946.0,2.937,5.408,-1.546,01/11/96,757.0200195
purchase-only,monthly,East South Central Division,128.09,40946.0,2.937,5.408,-1.546,01/12/96,740.7399902
purchase-only,monthly,East South Central Division,128.29,42258.86,2.338,4.942,-1.641,01/01/97,786.1599731
purchase-only,monthly,East South Central Division,129.53,42258.86,2.338,4.942,-1.641,01/02/97,790.8200073
purchase-only,monthly,East South Central Division,129.25,42258.86,2.338,4.942,-1.641,01/03/97,757.1199951
purchase-only,monthly,East South Central Division,129.7,42258.86,2.338,4.942,-1.641,01/04/97,801.3400269
purchase-only,monthly,East South Central Division,129.43,42258.86,2.338,4.942,-1.641,01/05/97,848.2800293
purchase-only,monthly,East South Central Division,129.96,42258.86,2.338,4.942,-1.641,01/06/97,885.1400146
purchase-only,monthly,East South Central Division,130.57,42258.86,2.338,4.942,-1.641,01/07/97,954.3099976
purchase-only,monthly,East South Central Division,130.82,42258.86,2.338,4.942,-1.641,01/08/97,899.4699707
purchase-only,monthly,East South Central Division,130.58,42258.86,2.338,4.942,-1.641,01/09/97,947.2800293
purchase-only,monthly,East South Central Division,130.85,42258.86,2.338,4.942,-1.641,01/10/97,914.6199951
purchase-only,monthly,East South Central Division,131.38,42258.86,2.338,4.942,-1.641,01/11/97,955.4000244
purchase-only,monthly,East South Central Division,131.88,42258.86,2.338,4.942,-1.641,01/12/97,970.4299927
purchase-only,monthly,East South Central Division,132.55,43640.76,1.547,4.5,-2.373,01/01/98,980.2800293
purchase-only,monthly,East South Central Division,132.53,43640.76,1.547,4.5,-2.373,01/02/98,1049.339966
purchase-only,monthly,East South Central Division,133.57,43640.76,1.547,4.5,-2.373,01/03/98,1101.75
purchase-only,monthly,East South Central Division,133.9,43640.76,1.547,4.5,-2.373,01/04/98,1111.75
purchase-only,monthly,East South Central Division,134.57,43640.76,1.547,4.5,-2.373,01/05/98,1090.819946
purchase-only,monthly,East South Central Division,135.19,43640.76,1.547,4.5,-2.373,01/06/98,1133.839966
purchase-only,monthly,East South Central Division,135.25,43640.76,1.547,4.5,-2.373,01/07/98,1120.670044
purchase-only,monthly,East South Central Division,135.38,43640.76,1.547,4.5,-2.373,01/08/98,957.2800293
purchase-only,monthly,East South Central Division,136.61,43640.76,1.547,4.5,-2.373,01/09/98,1017.01001
purchase-only,monthly,East South Central Division,136.83,43640.76,1.547,4.5,-2.373,01/10/98,1098.670044
purchase-only,monthly,East South Central Division,137.72,43640.76,1.547,4.5,-2.373,01/11/98,1163.630005
purchase-only,monthly,East South Central Division,138.05,43640.76,1.547,4.5,-2.373,01/12/98,1229.22998
purchase-only,monthly,East South Central Division,138.48,45213.48,2.193,4.217,-2.976,01/01/99,1279.640015
purchase-only,monthly,East South Central Division,139.2,45213.48,2.193,4.217,-2.976,01/02/99,1238.329956
purchase-only,monthly,East South Central Division,139.92,45213.48,2.193,4.217,-2.976,01/03/99,1286.369995
purchase-only,monthly,East South Central Division,139.89,45213.48,2.193,4.217,-2.976,01/04/99,1335.180054
purchase-only,monthly,East South Central Division,140.53,45213.48,2.193,4.217,-2.976,01/05/99,1301.839966
purchase-only,monthly,East South Central Division,140.62,45213.48,2.193,4.217,-2.976,01/06/99,1372.709961
purchase-only,monthly,East South Central Division,141.22,45213.48,2.193,4.217,-2.976,01/07/99,1328.719971
purchase-only,monthly,East South Central Division,141.57,45213.48,2.193,4.217,-2.976,01/08/99,1320.410034
purchase-only,monthly,East South Central Division,142.18,45213.48,2.193,4.217,-2.976,01/09/99,1282.709961
purchase-only,monthly,East South Central Division,142.08,45213.48,2.193,4.217,-2.976,01/10/99,1362.930054
purchase-only,monthly,East South Central Division,142.98,45213.48,2.193,4.217,-2.976,01/11/99,1388.910034
purchase-only,monthly,East South Central Division,143.51,45213.48,2.193,4.217,-2.976,01/12/99,1469.25
purchase-only,monthly,East South Central Division,144.03,46539.99,3.367,3.967,-3.921,01/01/00,1394.459961
purchase-only,monthly,East South Central Division,144.28,46539.99,3.367,3.967,-3.921,01/02/00,1366.420044
purchase-only,monthly,East South Central Division,144.37,46539.99,3.367,3.967,-3.921,01/03/00,1498.579956
purchase-only,monthly,East South Central Division,145.41,46539.99,3.367,3.967,-3.921,01/04/00,1452.430054
purchase-only,monthly,East South Central Division,145.29,46539.99,3.367,3.967,-3.921,01/05/00,1420.599976
purchase-only,monthly,East South Central Division,145.73,46539.99,3.367,3.967,-3.921,01/06/00,1454.599976
purchase-only,monthly,East South Central Division,146.37,46539.99,3.367,3.967,-3.921,01/07/00,1430.829956
purchase-only,monthly,East South Central Division,146.0,46539.99,3.367,3.967,-3.921,01/08/00,1517.680054
purchase-only,monthly,East South Central Division,146.17,46539.99,3.367,3.967,-3.921,01/09/00,1436.51001
purchase-only,monthly,East South Central Division,146.47,46539.99,3.367,3.967,-3.921,01/10/00,1429.400024
purchase-only,monthly,East South Central Division,147.04,46539.99,3.367,3.967,-3.921,01/11/00,1314.949951
purchase-only,monthly,East South Central Division,146.53,46539.99,3.367,3.967,-3.921,01/12/00,1320.280029
purchase-only,monthly,East South Central Division,147.46,46503.1,2.817,4.742,-3.724,01/01/01,1366.01001
purchase-only,monthly,East South Central Division,148.14,46503.1,2.817,4.742,-3.724,01/02/01,1239.939941
purchase-only,monthly,East South Central Division,148.33,46503.1,2.817,4.742,-3.724,01/03/01,1160.329956
purchase-only,monthly,East South Central Division,148.67,46503.1,2.817,4.742,-3.724,01/04/01,1249.459961
purchase-only,monthly,East South Central Division,149.63,46503.1,2.817,4.742,-3.724,01/05/01,1255.819946
purchase-only,monthly,East South Central Division,149.4,46503.1,2.817,4.742,-3.724,01/06/01,1224.380005
purchase-only,monthly,East South Central Division,149.62,46503.1,2.817,4.742,-3.724,01/07/01,1211.22998
purchase-only,monthly,East South Central Division,150.04,46503.1,2.817,4.742,-3.724,01/08/01,1133.579956
purchase-only,monthly,East South Central Division,150.47,46503.1,2.817,4.742,-3.724,01/09/01,1040.939941
purchase-only,monthly,East South Central Division,151.64,46503.1,2.817,4.742,-3.724,01/10/01,1059.780029
purchase-only,monthly,East South Central Division,151.51,46503.1,2.817,4.742,-3.724,01/11/01,1139.449951
purchase-only,monthly,East South Central Division,151.8,46503.1,2.817,4.742,-3.724,01/12/01,1148.079956
purchase-only,monthly,East South Central Division,152.43,46831.46,1.596,5.783,-4.173,01/01/02,1130.199951
purchase-only,monthly,East South Central Division,151.79,46831.46,1.596,5.783,-4.173,01/02/02,1106.72998
purchase-only,monthly,East South Central Division,153.39,46831.46,1.596,5.783,-4.173,01/03/02,1147.390015
purchase-only,monthly,East South Central Division,152.99,46831.46,1.596,5.783,-4.173,01/04/02,1076.920044
purchase-only,monthly,East South Central Division,153.52,46831.46,1.596,5.783,-4.173,01/05/02,1067.140015
purchase-only,monthly,East South Central Division,153.75,46831.46,1.596,5.783,-4.173,01/06/02,989.8200073
purchase-only,monthly,East South Central Division,154.1,46831.46,1.596,5.783,-4.173,01/07/02,911.6199951
purchase-only,monthly,East South Central Division,155.37,46831.46,1.596,5.783,-4.173,01/08/02,916.0700073
purchase-only,monthly,East South Central Division,155.0,46831.46,1.596,5.783,-4.173,01/09/02,815.2800293
purchase-only,monthly,East South Central Division,156.32,46831.46,1.596,5.783,-4.173,01/10/02,885.7600098
purchase-only,monthly,East South Central Division,156.68,46831.46,1.596,5.783,-4.173,01/11/02,936.3099976
purchase-only,monthly,East South Central Division,157.02,46831.46,1.596,5.783,-4.173,01/12/02,879.8200073
purchase-only,monthly,East South Central Division,157.38,47691.56,2.298,5.992,-4.559,01/01/03,855.7000122
purchase-only,monthly,East South Central Division,158.75,47691.56,2.298,5.992,-4.559,01/02/03,841.1500244
purchase-only,monthly,East South Central Division,158.78,47691.56,2.298,5.992,-4.559,01/03/03,848.1799927
purchase-only,monthly,East South Central Division,159.33,47691.56,2.298,5.992,-4.559,01/04/03,916.9199829
purchase-only,monthly,East South Central Division,159.62,47691.56,2.298,5.992,-4.559,01/05/03,963.5900269
purchase-only,monthly,East South Central Division,160.31,47691.56,2.298,5.992,-4.559,01/06/03,974.5
purchase-only,monthly,East South Central Division,160.84,47691.56,2.298,5.992,-4.559,01/07/03,990.3099976
purchase-only,monthly,East South Central Division,161.62,47691.56,2.298,5.992,-4.559,01/08/03,1008.01001
purchase-only,monthly,East South Central Division,162.44,47691.56,2.298,5.992,-4.559,01/09/03,995.9699707
purchase-only,monthly,East South Central Division,162.74,47691.56,2.298,5.992,-4.559,01/10/03,1050.709961
purchase-only,monthly,East South Central Division,162.52,47691.56,2.298,5.992,-4.559,01/11/03,1058.199951
purchase-only,monthly,East South Central Division,163.65,47691.56,2.298,5.992,-4.559,01/12/03,1111.920044
purchase-only,monthly,East South Central Division,164.19,49080.56,2.668,5.542,-5.205,01/01/04,1131.130005
purchase-only,monthly,East South Central Division,165.54,49080.56,2.668,5.542,-5.205,01/02/04,1144.939941
purchase-only,monthly,East South Central Division,165.31,49080.56,2.668,5.542,-5.205,01/03/04,1126.209961
purchase-only,monthly,East South Central Division,166.14,49080.56,2.668,5.542,-5.205,01/04/04,1107.300049
purchase-only,monthly,East South Central Division,166.86,49080.56,2.668,5.542,-5.205,01/05/04,1120.680054
purchase-only,monthly,East South Central Division,168.29,49080.56,2.668,5.542,-5.205,01/06/04,1140.839966
purchase-only,monthly,East South Central Division,169.19,49080.56,2.668,5.542,-5.205,01/07/04,1101.719971
purchase-only,monthly,East South Central Division,169.65,49080.56,2.668,5.542,-5.205,01/08/04,1104.23999
purchase-only,monthly,East South Central Division,169.84,49080.56,2.668,5.542,-5.205,01/09/04,1114.579956
purchase-only,monthly,East South Central Division,170.59,49080.56,2.668,5.542,-5.205,01/10/04,1130.199951
purchase-only,monthly,East South Central Division,170.83,49080.56,2.668,5.542,-5.205,01/11/04,1173.819946
purchase-only,monthly,East South Central Division,173.16,49080.56,2.668,5.542,-5.205,01/12/04,1211.920044
purchase-only,monthly,East South Central Division,173.11,50322.52,3.366,5.083,-5.746,01/01/05,1181.27002
purchase-only,monthly,East South Central Division,174.57,50322.52,3.366,5.083,-5.746,01/02/05,1203.599976
purchase-only,monthly,East South Central Division,175.87,50322.52,3.366,5.083,-5.746,01/03/05,1180.589966
purchase-only,monthly,East South Central Division,176.34,50322.52,3.366,5.083,-5.746,01/04/05,1156.849976
purchase-only,monthly,East South Central Division,177.01,50322.52,3.366,5.083,-5.746,01/05/05,1191.5
purchase-only,monthly,East South Central Division,177.88,50322.52,3.366,5.083,-5.746,01/06/05,1191.329956
purchase-only,monthly,East South Central Division,179.46,50322.52,3.366,5.083,-5.746,01/07/05,1234.180054
purchase-only,monthly,East South Central Division,180.38,50322.52,3.366,5.083,-5.746,01/08/05,1220.329956
purchase-only,monthly,East South Central Division,181.02,50322.52,3.366,5.083,-5.746,01/09/05,1228.810059
purchase-only,monthly,East South Central Division,182.76,50322.52,3.366,5.083,-5.746,01/10/05,1207.01001
purchase-only,monthly,East South Central Division,184.52,50322.52,3.366,5.083,-5.746,01/11/05,1249.47998
purchase-only,monthly,East South Central Division,186.09,50322.52,3.366,5.083,-5.746,01/12/05,1248.290039
purchase-only,monthly,East South Central Division,187.82,51235.84,3.222,4.608,-5.911,01/01/06,1280.079956
purchase-only,monthly,East South Central Division,187.84,51235.84,3.222,4.608,-5.911,01/02/06,1280.660034
purchase-only,monthly,East South Central Division,189.3,51235.84,3.222,4.608,-5.911,01/03/06,1294.869995
purchase-only,monthly,East South Central Division,189.92,51235.84,3.222,4.608,-5.911,01/04/06,1310.609985
purchase-only,monthly,East South Central Division,191.15,51235.84,3.222,4.608,-5.911,01/05/06,1270.089966
purchase-only,monthly,East South Central Division,191.58,51235.84,3.222,4.608,-5.911,01/06/06,1270.199951
purchase-only,monthly,East South Central Division,192.22,51235.84,3.222,4.608,-5.911,01/07/06,1276.660034
purchase-only,monthly,East South Central Division,193.02,51235.84,3.222,4.608,-5.911,01/08/06,1303.819946
purchase-only,monthly,East South Central Division,193.32,51235.84,3.222,4.608,-5.911,01/09/06,1335.849976
purchase-only,monthly,East South Central Division,193.92,51235.84,3.222,4.608,-5.911,01/10/06,1377.939941
purchase-only,monthly,East South Central Division,194.91,51235.84,3.222,4.608,-5.911,01/11/06,1400.630005
purchase-only,monthly,East South Central Division,196.47,51235.84,3.222,4.608,-5.911,01/12/06,1418.300049
purchase-only,monthly,East South Central Division,196.23,51751.28,2.871,4.617,-5.089,01/01/07,1438.23999
purchase-only,monthly,East South Central Division,197.72,51751.28,2.871,4.617,-5.089,01/02/07,1406.819946
purchase-only,monthly,East South Central Division,198.78,51751.28,2.871,4.617,-5.089,01/03/07,1420.859985
purchase-only,monthly,East South Central Division,199.74,51751.28,2.871,4.617,-5.089,01/04/07,1482.369995
purchase-only,monthly,East South Central Division,199.07,51751.28,2.871,4.617,-5.089,01/05/07,1530.619995
purchase-only,monthly,East South Central Division,199.36,51751.28,2.871,4.617,-5.089,01/06/07,1503.349976
purchase-only,monthly,East South Central Division,198.97,51751.28,2.871,4.617,-5.089,01/07/07,1455.27002
purchase-only,monthly,East South Central Division,198.41,51751.28,2.871,4.617,-5.089,01/08/07,1473.98999
purchase-only,monthly,East South Central Division,199.26,51751.28,2.871,4.617,-5.089,01/09/07,1526.75
purchase-only,monthly,East South Central Division,198.45,51751.28,2.871,4.617,-5.089,01/10/07,1549.380005
purchase-only,monthly,East South Central Division,198.62,51751.28,2.871,4.617,-5.089,01/11/07,1481.140015
purchase-only,monthly,East South Central Division,198.77,51751.28,2.871,4.617,-5.089,01/12/07,1468.359985
purchase-only,monthly,East South Central Division,196.07,51335.91,3.815,5.8,-4.716,01/01/08,1378.550049
purchase-only,monthly,East South Central Division,197.62,51335.91,3.815,5.8,-4.716,01/02/08,1330.630005
purchase-only,monthly,East South Central Division,197.45,51335.91,3.815,5.8,-4.716,01/03/08,1322.699951
purchase-only,monthly,East South Central Division,196.91,51335.91,3.815,5.8,-4.716,01/04/08,1385.589966
purchase-only,monthly,East South Central Division,196.69,51335.91,3.815,5.8,-4.716,01/05/08,1400.380005
purchase-only,monthly,East South Central Division,195.35,51335.91,3.815,5.8,-4.716,01/06/08,1280.0
purchase-only,monthly,East South Central Division,194.36,51335.91,3.815,5.8,-4.716,01/07/08,1267.380005
purchase-only,monthly,East South Central Division,193.33,51335.91,3.815,5.8,-4.716,01/08/08,1282.829956
purchase-only,monthly,East South Central Division,192.47,51335.91,3.815,5.8,-4.716,01/09/08,1166.359985
purchase-only,monthly,East South Central Division,191.68,51335.91,3.815,5.8,-4.716,01/10/08,968.75
purchase-only,monthly,East South Central Division,190.69,51335.91,3.815,5.8,-4.716,01/11/08,896.2399902
purchase-only,monthly,East South Central Division,189.63,51335.91,3.815,5.8,-4.716,01/12/08,903.25
purchase-only,monthly,East South Central Division,190.46,49569.21,-0.32,9.283,-2.623,01/01/09,825.8800049
purchase-only,monthly,East South Central Division,190.31,49569.21,-0.32,9.283,-2.623,01/02/09,735.0900269
purchase-only,monthly,East South Central Division,189.78,49569.21,-0.32,9.283,-2.623,01/03/09,797.8699951
purchase-only,monthly,East South Central Division,189.01,49569.21,-0.32,9.283,-2.623,01/04/09,872.8099976
purchase-only,monthly,East South Central Division,188.64,49569.21,-0.32,9.283,-2.623,01/05/09,919.1400146
purchase-only,monthly,East South Central Division,190.92,49569.21,-0.32,9.283,-2.623,01/06/09,919.3200073
purchase-only,monthly,East South Central Division,188.59,49569.21,-0.32,9.283,-2.623,01/07/09,987.4799805
purchase-only,monthly,East South Central Division,189.05,49569.21,-0.32,9.283,-2.623,01/08/09,1020.619995
purchase-only,monthly,East South Central Division,186.22,49569.21,-0.32,9.283,-2.623,01/09/09,1057.079956
purchase-only,monthly,East South Central Division,189.78,49569.21,-0.32,9.283,-2.623,01/10/09,1036.189941
purchase-only,monthly,East South Central Division,189.13,49569.21,-0.32,9.283,-2.623,01/11/09,1095.630005
purchase-only,monthly,East South Central Division,187.28,49569.21,-0.32,9.283,-2.623,01/12/09,1115.099976
purchase-only,monthly,East South Central Division,187.24,50523.5,1.637,9.608,-2.871,01/01/10,1073.869995
purchase-only,monthly,East South Central Division,185.6,50523.5,1.637,9.608,-2.871,01/02/10,1104.48999
purchase-only,monthly,East South Central Division,184.85,50523.5,1.637,9.608,-2.871,01/03/10,1169.430054
purchase-only,monthly,East South Central Division,185.67,50523.5,1.637,9.608,-2.871,01/04/10,1186.689941
purchase-only,monthly,East South Central Division,185.96,50523.5,1.637,9.608,-2.871,01/05/10,1089.410034
purchase-only,monthly,East South Central Division,183.15,50523.5,1.637,9.608,-2.871,01/06/10,1030.709961
purchase-only,monthly,East South Central Division,183.49,50523.5,1.637,9.608,-2.871,01/07/10,1101.599976
purchase-only,monthly,East South Central Division,183.18,50523.5,1.637,9.608,-2.871,01/08/10,1049.329956
purchase-only,monthly,East South Central Division,182.0,50523.5,1.637,9.608,-2.871,01/09/10,1141.199951
purchase-only,monthly,East South Central Division,181.68,50523.5,1.637,9.608,-2.871,01/10/10,1183.26001
purchase-only,monthly,East South Central Division,182.36,50523.5,1.637,9.608,-2.871,01/11/10,1180.550049
purchase-only,monthly,East South Central Division,178.63,50523.5,1.637,9.608,-2.871,01/12/10,1257.640015
purchase-only,monthly,East South Central Division,180.14,50943.53,3.14,8.933,-2.919,01/01/11,1286.119995
purchase-only,monthly,East South Central Division,179.05,50943.53,3.14,8.933,-2.919,01/02/11,1327.219971
purchase-only,monthly,East South Central Division,176.74,50943.53,3.14,8.933,-2.919,01/03/11,1325.829956
purchase-only,monthly,East South Central Division,177.83,50943.53,3.14,8.933,-2.919,01/04/11,1363.609985
purchase-only,monthly,East South Central Division,177.49,50943.53,3.14,8.933,-2.919,01/05/11,1345.199951
purchase-only,monthly,East South Central Division,177.54,50943.53,3.14,8.933,-2.919,01/06/11,1320.640015
purchase-only,monthly,East South Central Division,179.55,50943.53,3.14,8.933,-2.919,01/07/11,1292.280029
purchase-only,monthly,East South Central Division,179.66,50943.53,3.14,8.933,-2.919,01/08/11,1218.890015
purchase-only,monthly,East South Central Division,177.63,50943.53,3.14,8.933,-2.919,01/09/11,1131.420044
purchase-only,monthly,East South Central Division,177.15,50943.53,3.14,8.933,-2.919,01/10/11,1253.300049
purchase-only,monthly,East South Central Division,178.08,50943.53,3.14,8.933,-2.919,01/11/11,1246.959961
purchase-only,monthly,East South Central Division,181.78,50943.53,3.14,8.933,-2.919,01/12/11,1257.599976
purchase-only,monthly,East South Central Division,177.08,51736.82,2.073,8.075,-2.573,01/01/12,1312.410034
purchase-only,monthly,East South Central Division,178.86,51736.82,2.073,8.075,-2.573,01/02/12,1365.680054
purchase-only,monthly,East South Central Division,181.4,51736.82,2.073,8.075,-2.573,01/03/12,1408.469971
purchase-only,monthly,East South Central Division,181.14,51736.82,2.073,8.075,-2.573,01/04/12,1397.910034
purchase-only,monthly,East South Central Division,182.09,51736.82,2.073,8.075,-2.573,01/05/12,1310.329956
purchase-only,monthly,East South Central Division,182.54,51736.82,2.073,8.075,-2.573,01/06/12,1362.160034
purchase-only,monthly,East South Central Division,182.12,51736.82,2.073,8.075,-2.573,01/07/12,1379.319946
purchase-only,monthly,East South Central Division,181.77,51736.82,2.073,8.075,-2.573,01/08/12,1406.579956
purchase-only,monthly,East South Central Division,181.57,51736.82,2.073,8.075,-2.573,01/09/12,1440.670044
purchase-only,monthly,East South Central Division,183.27,51736.82,2.073,8.075,-2.573,01/10/12,1412.160034
purchase-only,monthly,East South Central Division,183.55,51736.82,2.073,8.075,-2.573,01/11/12,1416.180054
purchase-only,monthly,East South Central Division,184.64,51736.82,2.073,8.075,-2.573,01/12/12,1426.189941
purchase-only,monthly,East South Central Division,183.95,52329.15,1.466,7.358,-2.016,01/01/13,1498.109985
purchase-only,monthly,East South Central Division,185.62,52329.15,1.466,7.358,-2.016,01/02/13,1514.680054
purchase-only,monthly,East South Central Division,186.92,52329.15,1.466,7.358,-2.016,01/03/13,1569.189941
purchase-only,monthly,East South Central Division,187.45,52329.15,1.466,7.358,-2.016,01/04/13,1597.569946
purchase-only,monthly,East South Central Division,187.8,52329.15,1.466,7.358,-2.016,01/05/13,1630.73999
purchase-only,monthly,East South Central Division,189.46,52329.15,1.466,7.358,-2.016,01/06/13,1606.280029
purchase-only,monthly,East South Central Division,187.58,52329.15,1.466,7.358,-2.016,01/07/13,1685.72998
purchase-only,monthly,East South Central Division,187.87,52329.15,1.466,7.358,-2.016,01/08/13,1632.969971
purchase-only,monthly,East South Central Division,191.46,52329.15,1.466,7.358,-2.016,01/09/13,1681.550049
purchase-only,monthly,East South Central Division,189.94,52329.15,1.466,7.358,-2.016,01/10/13,1756.540039
purchase-only,monthly,East South Central Division,188.88,52329.15,1.466,7.358,-2.016,01/11/13,1805.810059
purchase-only,monthly,East South Central Division,190.01,52329.15,1.466,7.358,-2.016,01/12/13,1848.359985
purchase-only,monthly,East South Central Division,189.58,53141.85,1.615,6.158,-2.109,01/01/14,1782.589966
purchase-only,monthly,East South Central Division,191.62,53141.85,1.615,6.158,-2.109,01/02/14,1859.449951
purchase-only,monthly,East South Central Division,190.85,53141.85,1.615,6.158,-2.109,01/03/14,1872.339966
purchase-only,monthly,East South Central Division,191.91,53141.85,1.615,6.158,-2.109,01/04/14,1883.949951
purchase-only,monthly,East South Central Division,192.07,53141.85,1.615,6.158,-2.109,01/05/14,1923.569946
purchase-only,monthly,East South Central Division,193.16,53141.85,1.615,6.158,-2.109,01/06/14,1960.22998
purchase-only,monthly,East South Central Division,193.49,53141.85,1.615,6.158,-2.109,01/07/14,1930.670044
purchase-only,monthly,East South Central Division,194.24,53141.85,1.615,6.158,-2.109,01/08/14,2003.369995
purchase-only,monthly,East South Central Division,193.81,53141.85,1.615,6.158,-2.109,01/09/14,1972.290039
purchase-only,monthly,East South Central Division,194.8,53141.85,1.615,6.158,-2.109,01/10/14,2018.050049
purchase-only,monthly,East South Central Division,196.93,53141.85,1.615,6.158,-2.109,01/11/14,2067.560059
purchase-only,monthly,East South Central Division,195.82,53141.85,1.615,6.158,-2.109,01/12/14,2058.899902
purchase-only,monthly,East South Central Division,198.53,54187.9,0.121,5.275,-2.244,01/01/15,1994.98999
purchase-only,monthly,East South Central Division,197.22,54187.9,0.121,5.275,-2.244,01/02/15,2104.5
purchase-only,monthly,East South Central Division,199.59,54187.9,0.121,5.275,-2.244,01/03/15,2067.889893
purchase-only,monthly,East South Central Division,201.11,54187.9,0.121,5.275,-2.244,01/04/15,2085.51001
purchase-only,monthly,East South Central Division,199.7,54187.9,0.121,5.275,-2.244,01/05/15,2107.389893
purchase-only,monthly,East South Central Division,200.38,54187.9,0.121,5.275,-2.244,01/06/15,2063.110107
purchase-only,monthly,East South Central Division,200.61,54187.9,0.121,5.275,-2.244,01/07/15,2103.840088
purchase-only,monthly,East South Central Division,202.57,54187.9,0.121,5.275,-2.244,01/08/15,1972.180054
purchase-only,monthly,East South Central Division,202.51,54187.9,0.121,5.275,-2.244,01/09/15,1920.030029
purchase-only,monthly,East South Central Division,203.82,54187.9,0.121,5.275,-2.244,01/10/15,2079.360107
purchase-only,monthly,East South Central Division,204.56,54187.9,0.121,5.275,-2.244,01/11/15,2080.409912
purchase-only,monthly,East South Central Division,206.34,54187.9,0.121,5.275,-2.244,01/12/15,2043.939941
purchase-only,monthly,East South Central Division,207.81,54700.34,1.267,4.875,-2.119,01/01/16,1940.23999
purchase-only,monthly,East South Central Division,206.01,54700.34,1.267,4.875,-2.119,01/02/16,1932.22998
purchase-only,monthly,East South Central Division,207.27,54700.34,1.267,4.875,-2.119,01/03/16,2059.73999
purchase-only,monthly,East South Central Division,208.83,54700.34,1.267,4.875,-2.119,01/04/16,2065.300049
purchase-only,monthly,East South Central Division,209.62,54700.34,1.267,4.875,-2.119,01/05/16,2096.949951
purchase-only,monthly,East South Central Division,209.88,54700.34,1.267,4.875,-2.119,01/06/16,2098.860107
purchase-only,monthly,East South Central Division,211.54,54700.34,1.267,4.875,-2.119,01/07/16,2173.600098
purchase-only,monthly,East South Central Division,212.7,54700.34,1.267,4.875,-2.119,01/08/16,2170.949951
purchase-only,monthly,East South Central Division,213.65,54700.34,1.267,4.875,-2.119,01/09/16,2168.27002
purchase-only,monthly,East South Central Division,213.79,54700.34,1.267,4.875,-2.119,01/10/16,2126.149902
purchase-only,monthly,East South Central Division,214.62,54700.34,1.267,4.875,-2.119,01/11/16,2198.810059
purchase-only,monthly,East South Central Division,218.2,54700.34,1.267,4.875,-2.119,01/12/16,2238.830078
purchase-only,monthly,East South Central Division,214.03,55572.58,2.131,4.358,-1.887,01/01/17,2278.870117
purchase-only,monthly,East South Central Division,217.93,55572.58,2.131,4.358,-1.887,01/02/17,2363.639893
purchase-only,monthly,East South Central Division,219.22,55572.58,2.131,4.358,-1.887,01/03/17,2362.719971
purchase-only,monthly,East South Central Division,219.92,55572.58,2.131,4.358,-1.887,01/04/17,2384.199951
purchase-only,monthly,East South Central Division,220.75,55572.58,2.131,4.358,-1.887,01/05/17,2411.800049
purchase-only,monthly,East South Central Division,222.54,55572.58,2.131,4.358,-1.887,01/06/17,2423.409912
purchase-only,monthly,East South Central Division,223.92,55572.58,2.131,4.358,-1.887,01/07/17,2470.300049
purchase-only,monthly,East South Central Division,224.19,55572.58,2.131,4.358,-1.887,01/08/17,2471.649902
purchase-only,monthly,East South Central Division,224.42,55572.58,2.131,4.358,-1.887,01/09/17,2519.360107
purchase-only,monthly,East South Central Division,226.79,55572.58,2.131,4.358,-1.887,01/10/17,2575.26001
purchase-only,monthly,East South Central Division,226.59,55572.58,2.131,4.358,-1.887,01/11/17,2647.580078
purchase-only,monthly,East South Central Division,227.81,55572.58,2.131,4.358,-1.887,01/12/17,2673.610107
purchase-only,monthly,East South Central Division,229.12,56904.34,2.439,3.892,-2.142,01/01/18,2823.810059
purchase-only,monthly,East South Central Division,230.12,56904.34,2.439,3.892,-2.142,01/02/18,2713.830078
purchase-only,monthly,East South Central Division,231.59,56904.34,2.439,3.892,-2.142,01/03/18,2640.870117
purchase-only,monthly,East South Central Division,231.06,56904.34,2.439,3.892,-2.142,01/04/18,2648.050049
purchase-only,monthly,East South Central Division,234.57,56904.34,2.439,3.892,-2.142,01/05/18,2705.27002
purchase-only,monthly,East South Central Division,235.5,56904.34,2.439,3.892,-2.142,01/06/18,2718.370117
purchase-only,monthly,East South Central Division,235.07,56904.34,2.439,3.892,-2.142,01/07/18,2816.290039
purchase-only,monthly,East South Central Division,237.06,56904.34,2.439,3.892,-2.142,01/08/18,2901.52002
purchase-only,monthly,East South Central Division,236.91,56904.34,2.439,3.892,-2.142,01/09/18,2913.97998
purchase-only,monthly,East South Central Division,238.91,56904.34,2.439,3.892,-2.142,01/10/18,2711.73999
purchase-only,monthly,East South Central Division,241.23,56904.34,2.439,3.892,-2.142,01/11/18,2760.169922
purchase-only,monthly,East South Central Division,240.59,56904.34,2.439,3.892,-2.142,01/12/18,2506.850098
purchase-only,monthly,East South Central Division,241.53,57940.11,1.813,3.683,-2.066,01/01/19,2704.100098
purchase-only,monthly,East South Central Division,243.64,57940.11,1.813,3.683,-2.066,01/02/19,2784.48999
purchase-only,monthly,East South Central Division,243.91,57940.11,1.813,3.683,-2.066,01/03/19,2834.399902
purchase-only,monthly,East South Central Division,246.51,57940.11,1.813,3.683,-2.066,01/04/19,2945.830078
purchase-only,monthly,East South Central Division,246.27,57940.11,1.813,3.683,-2.066,01/05/19,2752.060059
purchase-only,monthly,East South Central Division,248.54,57940.11,1.813,3.683,-2.066,01/06/19,2941.76001
purchase-only,monthly,East South Central Division,249.06,57940.11,1.813,3.683,-2.066,01/07/19,2980.379883
purchase-only,monthly,East South Central Division,249.02,57940.11,1.813,3.683,-2.066,01/08/19,2926.459961
purchase-only,monthly,East South Central Division,252.33,57940.11,1.813,3.683,-2.066,01/09/19,2976.73999
purchase-only,monthly,East South Central Division,252.51,57940.11,1.813,3.683,-2.066,01/10/19,3037.560059
purchase-only,monthly,East South Central Division,252.09,57940.11,1.813,3.683,-2.066,01/11/19,3140.97998
purchase-only,monthly,East South Central Division,256.55,57940.11,1.813,3.683,-2.066,01/12/19,3230.780029
purchase-only,monthly,East South Central Division,257.73,55875.47,1.251,8.092,-2.835,01/01/20,3225.52002
purchase-only,monthly,East South Central Division,259.43,55875.47,1.251,8.092,-2.835,01/02/20,2954.219971
purchase-only,monthly,East South Central Division,260.27,55875.47,1.251,8.092,-2.835,01/03/20,2584.590088
purchase-only,monthly,East South Central Division,262.44,55875.47,1.251,8.092,-2.835,01/04/20,2912.429932
purchase-only,monthly,East South Central Division,261.32,55875.47,1.251,8.092,-2.835,01/05/20,3044.310059
purchase-only,monthly,East South Central Division,263.59,55875.47,1.251,8.092,-2.835,01/06/20,3100.290039
purchase-only,monthly,East South Central Division,267.42,55875.47,1.251,8.092,-2.835,01/07/20,3271.120117
purchase-only,monthly,East South Central Division,271.72,55875.47,1.251,8.092,-2.835,01/08/20,3500.310059
purchase-only,monthly,East South Central Division,276.18,55875.47,1.251,8.092,-2.835,01/09/20,3363.0
purchase-only,monthly,East South Central Division,279.44,55875.47,1.251,8.092,-2.835,01/10/20,3269.959961
purchase-only,monthly,East South Central Division,281.84,55875.47,1.251,8.092,-2.835,01/11/20,3621.629883
purchase-only,monthly,East South Central Division,285.75,55875.47,1.251,8.092,-2.835,01/12/20,3756.070068
purchase-only,monthly,East South Central Division,288.45,59009.85,4.683,5.367,-3.566,01/01/21,3714.23999
purchase-only,monthly,East South Central Division,291.2,59009.85,4.683,5.367,-3.566,01/02/21,3811.149902
purchase-only,monthly,East South Central Division,294.63,59009.85,4.683,5.367,-3.566,01/03/21,3972.889893
purchase-only,monthly,East South Central Division,300.69,59009.85,4.683,5.367,-3.566,01/04/21,4181.169922
purchase-only,monthly,East South Central Division,305.84,59009.85,4.683,5.367,-3.566,01/05/21,4204.109863
purchase-only,monthly,East South Central Division,310.87,59009.85,4.683,5.367,-3.566,01/06/21,4297.5
purchase-only,monthly,East South Central Division,315.94,59009.85,4.683,5.367,-3.566,01/07/21,4395.259766
purchase-only,monthly,East South Central Division,321.37,59009.85,4.683,5.367,-3.566,01/08/21,4522.680176
purchase-only,monthly,East South Central Division,325.36,59009.85,4.683,5.367,-3.566,01/09/21,4307.540039
purchase-only,monthly,East South Central Division,330.32,59009.85,4.683,5.367,-3.566,01/10/21,4605.379883
purchase-only,monthly,East South Central Division,336.79,59009.85,4.683,5.367,-3.566,01/11/21,4567.0
purchase-only,monthly,East South Central Division,339.16,59009.85,4.683,5.367,-3.566,01/12/21,4766.180176
purchase-only,monthly,East South Central Division,343.74,60007.14,7.986,3.642,-3.816,01/01/22,4515.549805
purchase-only,monthly,East South Central Division,349.37,60007.14,7.986,3.642,-3.816,01/02/22,4373.939941
purchase-only,monthly,East South Central Division,354.74,60007.14,7.986,3.642,-3.816,01/03/22,4530.410156
purchase-only,monthly,East South Central Division,358.0,60007.14,7.986,3.642,-3.816,01/04/22,4131.930176
purchase-only,monthly,East South Central Division,362.08,60007.14,7.986,3.642,-3.816,01/05/22,4132.149902
purchase-only,monthly,East South Central Division,366.24,60007.14,7.986,3.642,-3.816,01/06/22,3785.379883
purchase-only,monthly,East South Central Division,365.8,60007.14,7.986,3.642,-3.816,01/07/22,4130.290039
purchase-only,monthly,East South Central Division,366.08,60007.14,7.986,3.642,-3.816,01/08/22,3955.0
purchase-only,monthly,East South Central Division,369.34,60007.14,7.986,3.642,-3.816,01/09/22,3585.620117
purchase-only,monthly,East South Central Division,369.03,60007.14,7.986,3.642,-3.816,01/10/22,3871.97998
purchase-only,monthly,East South Central Division,367.01,60007.14,7.986,3.642,-3.816,01/11/22,4080.110107
purchase-only,monthly,East South Central Division,372.75,60007.14,7.986,3.642,-3.816,01/12/22,3839.5
purchase-only,monthly,East South Central Division,371.5,60963.65,4.084,3.569,-2.951,01/01/23,4076.600098
purchase-only,monthly,East South Central Division,377.37,60963.65,4.084,3.569,-2.951,01/02/23,3970.149902
purchase-only,monthly,East South Central Division,378.84,60963.65,4.084,3.569,-2.951,01/03/23,4109.310059
purchase-only,monthly,East South Central Division,378.91,60963.65,4.084,3.569,-2.951,01/04/23,4169.47998
purchase-only,monthly,East South Central Division,379.49,60963.65,4.084,3.569,-2.951,01/05/23,4179.830078
purchase-only,monthly,East South Central Division,381.52,60963.65,4.084,3.569,-2.951,01/06/23,4450.379883
purchase-only,monthly,East South Central Division,384.1,60963.65,4.084,3.569,-2.951,01/07/23,4588.959961
purchase-only,monthly,East South Central Division,386.34,60963.65,4.084,3.569,-2.951,01/08/23,4507.660156
purchase-only,monthly,East South Central Division,388.7,60963.65,4.084,3.569,-2.951,01/09/23,4288.049805
purchase-only,monthly,East South Central Division,391.6,60963.65,4.084,3.569,-2.951,01/10/23,4193.799805
purchase-only,monthly,East South Central Division,391.79,60963.65,4.084,3.569,-2.951,01/11/23,4567.799805
purchase-only,monthly,Middle Atlantic Division,100.0,36944.07,4.216,6.85,0.047,01/01/91,343.9299927
purchase-only,monthly,Middle Atlantic Division,100.34,36944.07,4.216,6.85,0.047,01/02/91,367.0700073
purchase-only,monthly,Middle Atlantic Division,99.82,36944.07,4.216,6.85,0.047,01/03/91,375.2200012
purchase-only,monthly,Middle Atlantic Division,99.27,36944.07,4.216,6.85,0.047,01/04/91,375.3399963
purchase-only,monthly,Middle Atlantic Division,99.25,36944.07,4.216,6.85,0.047,01/05/91,389.8299866
purchase-only,monthly,Middle Atlantic Division,98.98,36944.07,4.216,6.85,0.047,01/06/91,371.1600037
purchase-only,monthly,Middle Atlantic Division,99.25,36944.07,4.216,6.85,0.047,01/07/91,387.8099976
purchase-only,monthly,Middle Atlantic Division,98.81,36944.07,4.216,6.85,0.047,01/08/91,395.4299927
purchase-only,monthly,Middle Atlantic Division,99.48,36944.07,4.216,6.85,0.047,01/09/91,387.8599854
purchase-only,monthly,Middle Atlantic Division,99.16,36944.07,4.216,6.85,0.047,01/10/91,392.4500122
purchase-only,monthly,Middle Atlantic Division,100.24,36944.07,4.216,6.85,0.047,01/11/91,375.2200012
purchase-only,monthly,Middle Atlantic Division,100.5,36944.07,4.216,6.85,0.047,01/12/91,417.0899963
purchase-only,monthly,Middle Atlantic Division,100.89,37741.19,3.042,7.492,-0.792,01/01/92,408.7799988
purchase-only,monthly,Middle Atlantic Division,102.09,37741.19,3.042,7.492,-0.792,01/02/92,412.7000122
purchase-only,monthly,Middle Atlantic Division,101.28,37741.19,3.042,7.492,-0.792,01/03/92,403.6900024
purchase-only,monthly,Middle Atlantic Division,100.96,37741.19,3.042,7.492,-0.792,01/04/92,414.9500122
purchase-only,monthly,Middle Atlantic Division,100.46,37741.19,3.042,7.492,-0.792,01/05/92,415.3500061
purchase-only,monthly,Middle Atlantic Division,100.39,37741.19,3.042,7.492,-0.792,01/06/92,408.1400146
purchase-only,monthly,Middle Atlantic Division,100.41,37741.19,3.042,7.492,-0.792,01/07/92,424.2099915
purchase-only,monthly,Middle Atlantic Division,100.46,37741.19,3.042,7.492,-0.792,01/08/92,414.0299988
purchase-only,monthly,Middle Atlantic Division,101.33,37741.19,3.042,7.492,-0.792,01/09/92,417.7999878
purchase-only,monthly,Middle Atlantic Division,101.49,37741.19,3.042,7.492,-0.792,01/10/92,418.6799927
purchase-only,monthly,Middle Atlantic Division,102.29,37741.19,3.042,7.492,-0.792,01/11/92,431.3500061
purchase-only,monthly,Middle Atlantic Division,101.37,37741.19,3.042,7.492,-0.792,01/12/92,435.7099915
purchase-only,monthly,Middle Atlantic Division,101.04,38277.58,2.97,6.908,-1.237,01/01/93,438.7799988
purchase-only,monthly,Middle Atlantic Division,100.82,38277.58,2.97,6.908,-1.237,01/02/93,443.3800049
purchase-only,monthly,Middle Atlantic Division,100.65,38277.58,2.97,6.908,-1.237,01/03/93,451.6700134
purchase-only,monthly,Middle Atlantic Division,101.52,38277.58,2.97,6.908,-1.237,01/04/93,440.1900024
purchase-only,monthly,Middle Atlantic Division,101.83,38277.58,2.97,6.908,-1.237,01/05/93,450.1900024
purchase-only,monthly,Middle Atlantic Division,101.6,38277.58,2.97,6.908,-1.237,01/06/93,450.5299988
purchase-only,monthly,Middle Atlantic Division,101.17,38277.58,2.97,6.908,-1.237,01/07/93,448.1300049
purchase-only,monthly,Middle Atlantic Division,101.4,38277.58,2.97,6.908,-1.237,01/08/93,463.5599976
purchase-only,monthly,Middle Atlantic Division,101.46,38277.58,2.97,6.908,-1.237,01/09/93,458.9299927
purchase-only,monthly,Middle Atlantic Division,101.63,38277.58,2.97,6.908,-1.237,01/10/93,467.8299866
purchase-only,monthly,Middle Atlantic Division,101.82,38277.58,2.97,6.908,-1.237,01/11/93,461.7900085
purchase-only,monthly,Middle Atlantic Division,101.76,38277.58,2.97,6.908,-1.237,01/12/93,466.4500122
purchase-only,monthly,Middle Atlantic Division,102.54,39339.0,2.596,6.1,-1.669,01/01/94,481.6099854
purchase-only,monthly,Middle Atlantic Division,101.71,39339.0,2.596,6.1,-1.669,01/02/94,467.1400146
purchase-only,monthly,Middle Atlantic Division,101.56,39339.0,2.596,6.1,-1.669,01/03/94,445.769989
purchase-only,monthly,Middle Atlantic Division,101.63,39339.0,2.596,6.1,-1.669,01/04/94,450.9100037
purchase-only,monthly,Middle Atlantic Division,101.95,39339.0,2.596,6.1,-1.669,01/05/94,456.5
purchase-only,monthly,Middle Atlantic Division,101.86,39339.0,2.596,6.1,-1.669,01/06/94,444.269989
purchase-only,monthly,Middle Atlantic Division,101.94,39339.0,2.596,6.1,-1.669,01/07/94,458.2600098
purchase-only,monthly,Middle Atlantic Division,101.83,39339.0,2.596,6.1,-1.669,01/08/94,475.4899902
purchase-only,monthly,Middle Atlantic Division,101.32,39339.0,2.596,6.1,-1.669,01/09/94,462.7099915
purchase-only,monthly,Middle Atlantic Division,101.59,39339.0,2.596,6.1,-1.669,01/10/94,472.3500061
purchase-only,monthly,Middle Atlantic Division,101.09,39339.0,2.596,6.1,-1.669,01/11/94,453.6900024
purchase-only,monthly,Middle Atlantic Division,100.17,39339.0,2.596,6.1,-1.669,01/12/94,459.269989
purchase-only,monthly,Middle Atlantic Division,100.55,39919.87,2.805,5.592,-1.487,01/01/95,470.4200134
purchase-only,monthly,Middle Atlantic Division,100.93,39919.87,2.805,5.592,-1.487,01/02/95,487.3900146
purchase-only,monthly,Middle Atlantic Division,101.0,39919.87,2.805,5.592,-1.487,01/03/95,500.7099915
purchase-only,monthly,Middle Atlantic Division,101.33,39919.87,2.805,5.592,-1.487,01/04/95,514.710022
purchase-only,monthly,Middle Atlantic Division,101.05,39919.87,2.805,5.592,-1.487,01/05/95,533.4000244
purchase-only,monthly,Middle Atlantic Division,101.28,39919.87,2.805,5.592,-1.487,01/06/95,544.75
purchase-only,monthly,Middle Atlantic Division,101.21,39919.87,2.805,5.592,-1.487,01/07/95,562.0599976
purchase-only,monthly,Middle Atlantic Division,101.96,39919.87,2.805,5.592,-1.487,01/08/95,561.8800049
purchase-only,monthly,Middle Atlantic Division,101.4,39919.87,2.805,5.592,-1.487,01/09/95,584.4099731
purchase-only,monthly,Middle Atlantic Division,100.92,39919.87,2.805,5.592,-1.487,01/10/95,581.5
purchase-only,monthly,Middle Atlantic Division,101.08,39919.87,2.805,5.592,-1.487,01/11/95,605.3699951
purchase-only,monthly,Middle Atlantic Division,101.47,39919.87,2.805,5.592,-1.487,01/12/95,615.9299927
purchase-only,monthly,Middle Atlantic Division,101.63,40946.0,2.937,5.408,-1.546,01/01/96,636.0200195
purchase-only,monthly,Middle Atlantic Division,101.92,40946.0,2.937,5.408,-1.546,01/02/96,640.4299927
purchase-only,monthly,Middle Atlantic Division,102.3,40946.0,2.937,5.408,-1.546,01/03/96,645.5
purchase-only,monthly,Middle Atlantic Division,101.94,40946.0,2.937,5.408,-1.546,01/04/96,654.1699829
purchase-only,monthly,Middle Atlantic Division,102.3,40946.0,2.937,5.408,-1.546,01/05/96,669.1199951
purchase-only,monthly,Middle Atlantic Division,102.1,40946.0,2.937,5.408,-1.546,01/06/96,670.6300049
purchase-only,monthly,Middle Atlantic Division,102.04,40946.0,2.937,5.408,-1.546,01/07/96,639.9500122
purchase-only,monthly,Middle Atlantic Division,102.15,40946.0,2.937,5.408,-1.546,01/08/96,651.9899902
purchase-only,monthly,Middle Atlantic Division,101.96,40946.0,2.937,5.408,-1.546,01/09/96,687.3300171
purchase-only,monthly,Middle Atlantic Division,101.75,40946.0,2.937,5.408,-1.546,01/10/96,705.2700195
purchase-only,monthly,Middle Atlantic Division,102.38,40946.0,2.937,5.408,-1.546,01/11/96,757.0200195
purchase-only,monthly,Middle Atlantic Division,101.95,40946.0,2.937,5.408,-1.546,01/12/96,740.7399902
purchase-only,monthly,Middle Atlantic Division,102.39,42258.86,2.338,4.942,-1.641,01/01/97,786.1599731
purchase-only,monthly,Middle Atlantic Division,102.64,42258.86,2.338,4.942,-1.641,01/02/97,790.8200073
purchase-only,monthly,Middle Atlantic Division,102.42,42258.86,2.338,4.942,-1.641,01/03/97,757.1199951
purchase-only,monthly,Middle Atlantic Division,102.83,42258.86,2.338,4.942,-1.641,01/04/97,801.3400269
purchase-only,monthly,Middle Atlantic Division,103.58,42258.86,2.338,4.942,-1.641,01/05/97,848.2800293
purchase-only,monthly,Middle Atlantic Division,102.86,42258.86,2.338,4.942,-1.641,01/06/97,885.1400146
purchase-only,monthly,Middle Atlantic Division,103.05,42258.86,2.338,4.942,-1.641,01/07/97,954.3099976
purchase-only,monthly,Middle Atlantic Division,103.35,42258.86,2.338,4.942,-1.641,01/08/97,899.4699707
purchase-only,monthly,Middle Atlantic Division,103.21,42258.86,2.338,4.942,-1.641,01/09/97,947.2800293
purchase-only,monthly,Middle Atlantic Division,104.45,42258.86,2.338,4.942,-1.641,01/10/97,914.6199951
purchase-only,monthly,Middle Atlantic Division,103.5,42258.86,2.338,4.942,-1.641,01/11/97,955.4000244
purchase-only,monthly,Middle Atlantic Division,104.24,42258.86,2.338,4.942,-1.641,01/12/97,970.4299927
purchase-only,monthly,Middle Atlantic Division,104.2,43640.76,1.547,4.5,-2.373,01/01/98,980.2800293
purchase-only,monthly,Middle Atlantic Division,104.99,43640.76,1.547,4.5,-2.373,01/02/98,1049.339966
purchase-only,monthly,Middle Atlantic Division,105.77,43640.76,1.547,4.5,-2.373,01/03/98,1101.75
purchase-only,monthly,Middle Atlantic Division,106.12,43640.76,1.547,4.5,-2.373,01/04/98,1111.75
purchase-only,monthly,Middle Atlantic Division,106.23,43640.76,1.547,4.5,-2.373,01/05/98,1090.819946
purchase-only,monthly,Middle Atlantic Division,107.03,43640.76,1.547,4.5,-2.373,01/06/98,1133.839966
purchase-only,monthly,Middle Atlantic Division,106.99,43640.76,1.547,4.5,-2.373,01/07/98,1120.670044
purchase-only,monthly,Middle Atlantic Division,107.68,43640.76,1.547,4.5,-2.373,01/08/98,957.2800293
purchase-only,monthly,Middle Atlantic Division,108.4,43640.76,1.547,4.5,-2.373,01/09/98,1017.01001
purchase-only,monthly,Middle Atlantic Division,108.46,43640.76,1.547,4.5,-2.373,01/10/98,1098.670044
purchase-only,monthly,Middle Atlantic Division,109.02,43640.76,1.547,4.5,-2.373,01/11/98,1163.630005
purchase-only,monthly,Middle Atlantic Division,109.92,43640.76,1.547,4.5,-2.373,01/12/98,1229.22998
purchase-only,monthly,Middle Atlantic Division,110.57,45213.48,2.193,4.217,-2.976,01/01/99,1279.640015
purchase-only,monthly,Middle Atlantic Division,110.77,45213.48,2.193,4.217,-2.976,01/02/99,1238.329956
purchase-only,monthly,Middle Atlantic Division,110.79,45213.48,2.193,4.217,-2.976,01/03/99,1286.369995
purchase-only,monthly,Middle Atlantic Division,111.65,45213.48,2.193,4.217,-2.976,01/04/99,1335.180054
purchase-only,monthly,Middle Atlantic Division,112.45,45213.48,2.193,4.217,-2.976,01/05/99,1301.839966
purchase-only,monthly,Middle Atlantic Division,113.5,45213.48,2.193,4.217,-2.976,01/06/99,1372.709961
purchase-only,monthly,Middle Atlantic Division,114.29,45213.48,2.193,4.217,-2.976,01/07/99,1328.719971
purchase-only,monthly,Middle Atlantic Division,114.85,45213.48,2.193,4.217,-2.976,01/08/99,1320.410034
purchase-only,monthly,Middle Atlantic Division,115.12,45213.48,2.193,4.217,-2.976,01/09/99,1282.709961
purchase-only,monthly,Middle Atlantic Division,116.2,45213.48,2.193,4.217,-2.976,01/10/99,1362.930054
purchase-only,monthly,Middle Atlantic Division,116.68,45213.48,2.193,4.217,-2.976,01/11/99,1388.910034
purchase-only,monthly,Middle Atlantic Division,117.0,45213.48,2.193,4.217,-2.976,01/12/99,1469.25
purchase-only,monthly,Middle Atlantic Division,118.91,46539.99,3.367,3.967,-3.921,01/01/00,1394.459961
purchase-only,monthly,Middle Atlantic Division,118.43,46539.99,3.367,3.967,-3.921,01/02/00,1366.420044
purchase-only,monthly,Middle Atlantic Division,119.46,46539.99,3.367,3.967,-3.921,01/03/00,1498.579956
purchase-only,monthly,Middle Atlantic Division,120.52,46539.99,3.367,3.967,-3.921,01/04/00,1452.430054
purchase-only,monthly,Middle Atlantic Division,120.86,46539.99,3.367,3.967,-3.921,01/05/00,1420.599976
purchase-only,monthly,Middle Atlantic Division,121.89,46539.99,3.367,3.967,-3.921,01/06/00,1454.599976
purchase-only,monthly,Middle Atlantic Division,122.59,46539.99,3.367,3.967,-3.921,01/07/00,1430.829956
purchase-only,monthly,Middle Atlantic Division,123.13,46539.99,3.367,3.967,-3.921,01/08/00,1517.680054
purchase-only,monthly,Middle Atlantic Division,124.62,46539.99,3.367,3.967,-3.921,01/09/00,1436.51001
purchase-only,monthly,Middle Atlantic Division,125.11,46539.99,3.367,3.967,-3.921,01/10/00,1429.400024
purchase-only,monthly,Middle Atlantic Division,126.4,46539.99,3.367,3.967,-3.921,01/11/00,1314.949951
purchase-only,monthly,Middle Atlantic Division,127.4,46539.99,3.367,3.967,-3.921,01/12/00,1320.280029
purchase-only,monthly,Middle Atlantic Division,127.84,46503.1,2.817,4.742,-3.724,01/01/01,1366.01001
purchase-only,monthly,Middle Atlantic Division,129.14,46503.1,2.817,4.742,-3.724,01/02/01,1239.939941
purchase-only,monthly,Middle Atlantic Division,129.95,46503.1,2.817,4.742,-3.724,01/03/01,1160.329956
purchase-only,monthly,Middle Atlantic Division,130.68,46503.1,2.817,4.742,-3.724,01/04/01,1249.459961
purchase-only,monthly,Middle Atlantic Division,131.6,46503.1,2.817,4.742,-3.724,01/05/01,1255.819946
purchase-only,monthly,Middle Atlantic Division,132.92,46503.1,2.817,4.742,-3.724,01/06/01,1224.380005
purchase-only,monthly,Middle Atlantic Division,133.8,46503.1,2.817,4.742,-3.724,01/07/01,1211.22998
purchase-only,monthly,Middle Atlantic Division,135.38,46503.1,2.817,4.742,-3.724,01/08/01,1133.579956
purchase-only,monthly,Middle Atlantic Division,136.29,46503.1,2.817,4.742,-3.724,01/09/01,1040.939941
purchase-only,monthly,Middle Atlantic Division,137.12,46503.1,2.817,4.742,-3.724,01/10/01,1059.780029
purchase-only,monthly,Middle Atlantic Division,138.49,46503.1,2.817,4.742,-3.724,01/11/01,1139.449951
purchase-only,monthly,Middle Atlantic Division,138.99,46503.1,2.817,4.742,-3.724,01/12/01,1148.079956
purchase-only,monthly,Middle Atlantic Division,140.39,46831.46,1.596,5.783,-4.173,01/01/02,1130.199951
purchase-only,monthly,Middle Atlantic Division,141.52,46831.46,1.596,5.783,-4.173,01/02/02,1106.72998
purchase-only,monthly,Middle Atlantic Division,143.0,46831.46,1.596,5.783,-4.173,01/03/02,1147.390015
purchase-only,monthly,Middle Atlantic Division,144.34,46831.46,1.596,5.783,-4.173,01/04/02,1076.920044
purchase-only,monthly,Middle Atlantic Division,146.01,46831.46,1.596,5.783,-4.173,01/05/02,1067.140015
purchase-only,monthly,Middle Atlantic Division,146.91,46831.46,1.596,5.783,-4.173,01/06/02,989.8200073
purchase-only,monthly,Middle Atlantic Division,148.56,46831.46,1.596,5.783,-4.173,01/07/02,911.6199951
purchase-only,monthly,Middle Atlantic Division,150.17,46831.46,1.596,5.783,-4.173,01/08/02,916.0700073
purchase-only,monthly,Middle Atlantic Division,151.34,46831.46,1.596,5.783,-4.173,01/09/02,815.2800293
purchase-only,monthly,Middle Atlantic Division,152.87,46831.46,1.596,5.783,-4.173,01/10/02,885.7600098
purchase-only,monthly,Middle Atlantic Division,153.75,46831.46,1.596,5.783,-4.173,01/11/02,936.3099976
purchase-only,monthly,Middle Atlantic Division,156.15,46831.46,1.596,5.783,-4.173,01/12/02,879.8200073
purchase-only,monthly,Middle Atlantic Division,157.1,47691.56,2.298,5.992,-4.559,01/01/03,855.7000122
purchase-only,monthly,Middle Atlantic Division,159.0,47691.56,2.298,5.992,-4.559,01/02/03,841.1500244
purchase-only,monthly,Middle Atlantic Division,159.41,47691.56,2.298,5.992,-4.559,01/03/03,848.1799927
purchase-only,monthly,Middle Atlantic Division,161.02,47691.56,2.298,5.992,-4.559,01/04/03,916.9199829
purchase-only,monthly,Middle Atlantic Division,162.41,47691.56,2.298,5.992,-4.559,01/05/03,963.5900269
purchase-only,monthly,Middle Atlantic Division,163.11,47691.56,2.298,5.992,-4.559,01/06/03,974.5
purchase-only,monthly,Middle Atlantic Division,164.7,47691.56,2.298,5.992,-4.559,01/07/03,990.3099976
purchase-only,monthly,Middle Atlantic Division,166.76,47691.56,2.298,5.992,-4.559,01/08/03,1008.01001
purchase-only,monthly,Middle Atlantic Division,168.56,47691.56,2.298,5.992,-4.559,01/09/03,995.9699707
purchase-only,monthly,Middle Atlantic Division,169.29,47691.56,2.298,5.992,-4.559,01/10/03,1050.709961
purchase-only,monthly,Middle Atlantic Division,170.82,47691.56,2.298,5.992,-4.559,01/11/03,1058.199951
purchase-only,monthly,Middle Atlantic Division,173.23,47691.56,2.298,5.992,-4.559,01/12/03,1111.920044
purchase-only,monthly,Middle Atlantic Division,173.94,49080.56,2.668,5.542,-5.205,01/01/04,1131.130005
purchase-only,monthly,Middle Atlantic Division,176.75,49080.56,2.668,5.542,-5.205,01/02/04,1144.939941
purchase-only,monthly,Middle Atlantic Division,176.78,49080.56,2.668,5.542,-5.205,01/03/04,1126.209961
purchase-only,monthly,Middle Atlantic Division,179.4,49080.56,2.668,5.542,-5.205,01/04/04,1107.300049
purchase-only,monthly,Middle Atlantic Division,181.45,49080.56,2.668,5.542,-5.205,01/05/04,1120.680054
purchase-only,monthly,Middle Atlantic Division,183.27,49080.56,2.668,5.542,-5.205,01/06/04,1140.839966
purchase-only,monthly,Middle Atlantic Division,184.75,49080.56,2.668,5.542,-5.205,01/07/04,1101.719971
purchase-only,monthly,Middle Atlantic Division,185.68,49080.56,2.668,5.542,-5.205,01/08/04,1104.23999
purchase-only,monthly,Middle Atlantic Division,187.18,49080.56,2.668,5.542,-5.205,01/09/04,1114.579956
purchase-only,monthly,Middle Atlantic Division,190.17,49080.56,2.668,5.542,-5.205,01/10/04,1130.199951
purchase-only,monthly,Middle Atlantic Division,191.98,49080.56,2.668,5.542,-5.205,01/11/04,1173.819946
purchase-only,monthly,Middle Atlantic Division,193.89,49080.56,2.668,5.542,-5.205,01/12/04,1211.920044
purchase-only,monthly,Middle Atlantic Division,195.1,50322.52,3.366,5.083,-5.746,01/01/05,1181.27002
purchase-only,monthly,Middle Atlantic Division,195.68,50322.52,3.366,5.083,-5.746,01/02/05,1203.599976
purchase-only,monthly,Middle Atlantic Division,197.75,50322.52,3.366,5.083,-5.746,01/03/05,1180.589966
purchase-only,monthly,Middle Atlantic Division,199.69,50322.52,3.366,5.083,-5.746,01/04/05,1156.849976
purchase-only,monthly,Middle Atlantic Division,200.13,50322.52,3.366,5.083,-5.746,01/05/05,1191.5
purchase-only,monthly,Middle Atlantic Division,202.66,50322.52,3.366,5.083,-5.746,01/06/05,1191.329956
purchase-only,monthly,Middle Atlantic Division,206.53,50322.52,3.366,5.083,-5.746,01/07/05,1234.180054
purchase-only,monthly,Middle Atlantic Division,207.18,50322.52,3.366,5.083,-5.746,01/08/05,1220.329956
purchase-only,monthly,Middle Atlantic Division,209.34,50322.52,3.366,5.083,-5.746,01/09/05,1228.810059
purchase-only,monthly,Middle Atlantic Division,209.87,50322.52,3.366,5.083,-5.746,01/10/05,1207.01001
purchase-only,monthly,Middle Atlantic Division,211.52,50322.52,3.366,5.083,-5.746,01/11/05,1249.47998
purchase-only,monthly,Middle Atlantic Division,212.4,50322.52,3.366,5.083,-5.746,01/12/05,1248.290039
purchase-only,monthly,Middle Atlantic Division,213.85,51235.84,3.222,4.608,-5.911,01/01/06,1280.079956
purchase-only,monthly,Middle Atlantic Division,213.29,51235.84,3.222,4.608,-5.911,01/02/06,1280.660034
purchase-only,monthly,Middle Atlantic Division,215.13,51235.84,3.222,4.608,-5.911,01/03/06,1294.869995
purchase-only,monthly,Middle Atlantic Division,215.84,51235.84,3.222,4.608,-5.911,01/04/06,1310.609985
purchase-only,monthly,Middle Atlantic Division,215.69,51235.84,3.222,4.608,-5.911,01/05/06,1270.089966
purchase-only,monthly,Middle Atlantic Division,216.12,51235.84,3.222,4.608,-5.911,01/06/06,1270.199951
purchase-only,monthly,Middle Atlantic Division,214.69,51235.84,3.222,4.608,-5.911,01/07/06,1276.660034
purchase-only,monthly,Middle Atlantic Division,216.11,51235.84,3.222,4.608,-5.911,01/08/06,1303.819946
purchase-only,monthly,Middle Atlantic Division,215.65,51235.84,3.222,4.608,-5.911,01/09/06,1335.849976
purchase-only,monthly,Middle Atlantic Division,216.07,51235.84,3.222,4.608,-5.911,01/10/06,1377.939941
purchase-only,monthly,Middle Atlantic Division,216.11,51235.84,3.222,4.608,-5.911,01/11/06,1400.630005
purchase-only,monthly,Middle Atlantic Division,215.28,51235.84,3.222,4.608,-5.911,01/12/06,1418.300049
purchase-only,monthly,Middle Atlantic Division,216.22,51751.28,2.871,4.617,-5.089,01/01/07,1438.23999
purchase-only,monthly,Middle Atlantic Division,216.45,51751.28,2.871,4.617,-5.089,01/02/07,1406.819946
purchase-only,monthly,Middle Atlantic Division,217.57,51751.28,2.871,4.617,-5.089,01/03/07,1420.859985
purchase-only,monthly,Middle Atlantic Division,220.01,51751.28,2.871,4.617,-5.089,01/04/07,1482.369995
purchase-only,monthly,Middle Atlantic Division,218.04,51751.28,2.871,4.617,-5.089,01/05/07,1530.619995
purchase-only,monthly,Middle Atlantic Division,217.95,51751.28,2.871,4.617,-5.089,01/06/07,1503.349976
purchase-only,monthly,Middle Atlantic Division,217.29,51751.28,2.871,4.617,-5.089,01/07/07,1455.27002
purchase-only,monthly,Middle Atlantic Division,216.49,51751.28,2.871,4.617,-5.089,01/08/07,1473.98999
purchase-only,monthly,Middle Atlantic Division,216.14,51751.28,2.871,4.617,-5.089,01/09/07,1526.75
purchase-only,monthly,Middle Atlantic Division,216.09,51751.28,2.871,4.617,-5.089,01/10/07,1549.380005
purchase-only,monthly,Middle Atlantic Division,215.14,51751.28,2.871,4.617,-5.089,01/11/07,1481.140015
purchase-only,monthly,Middle Atlantic Division,215.3,51751.28,2.871,4.617,-5.089,01/12/07,1468.359985
purchase-only,monthly,Middle Atlantic Division,214.58,51335.91,3.815,5.8,-4.716,01/01/08,1378.550049
purchase-only,monthly,Middle Atlantic Division,213.96,51335.91,3.815,5.8,-4.716,01/02/08,1330.630005
purchase-only,monthly,Middle Atlantic Division,213.4,51335.91,3.815,5.8,-4.716,01/03/08,1322.699951
purchase-only,monthly,Middle Atlantic Division,211.26,51335.91,3.815,5.8,-4.716,01/04/08,1385.589966
purchase-only,monthly,Middle Atlantic Division,211.53,51335.91,3.815,5.8,-4.716,01/05/08,1400.380005
purchase-only,monthly,Middle Atlantic Division,209.38,51335.91,3.815,5.8,-4.716,01/06/08,1280.0
purchase-only,monthly,Middle Atlantic Division,208.81,51335.91,3.815,5.8,-4.716,01/07/08,1267.380005
purchase-only,monthly,Middle Atlantic Division,207.47,51335.91,3.815,5.8,-4.716,01/08/08,1282.829956
purchase-only,monthly,Middle Atlantic Division,208.19,51335.91,3.815,5.8,-4.716,01/09/08,1166.359985
purchase-only,monthly,Middle Atlantic Division,204.91,51335.91,3.815,5.8,-4.716,01/10/08,968.75
purchase-only,monthly,Middle Atlantic Division,204.64,51335.91,3.815,5.8,-4.716,01/11/08,896.2399902
purchase-only,monthly,Middle Atlantic Division,202.45,51335.91,3.815,5.8,-4.716,01/12/08,903.25
purchase-only,monthly,Middle Atlantic Division,202.58,49569.21,-0.32,9.283,-2.623,01/01/09,825.8800049
purchase-only,monthly,Middle Atlantic Division,203.62,49569.21,-0.32,9.283,-2.623,01/02/09,735.0900269
purchase-only,monthly,Middle Atlantic Division,203.22,49569.21,-0.32,9.283,-2.623,01/03/09,797.8699951
purchase-only,monthly,Middle Atlantic Division,201.83,49569.21,-0.32,9.283,-2.623,01/04/09,872.8099976
purchase-only,monthly,Middle Atlantic Division,201.16,49569.21,-0.32,9.283,-2.623,01/05/09,919.1400146
purchase-only,monthly,Middle Atlantic Division,199.43,49569.21,-0.32,9.283,-2.623,01/06/09,919.3200073
purchase-only,monthly,Middle Atlantic Division,200.09,49569.21,-0.32,9.283,-2.623,01/07/09,987.4799805
purchase-only,monthly,Middle Atlantic Division,200.5,49569.21,-0.32,9.283,-2.623,01/08/09,1020.619995
purchase-only,monthly,Middle Atlantic Division,199.36,49569.21,-0.32,9.283,-2.623,01/09/09,1057.079956
purchase-only,monthly,Middle Atlantic Division,200.25,49569.21,-0.32,9.283,-2.623,01/10/09,1036.189941
purchase-only,monthly,Middle Atlantic Division,200.2,49569.21,-0.32,9.283,-2.623,01/11/09,1095.630005
purchase-only,monthly,Middle Atlantic Division,201.0,49569.21,-0.32,9.283,-2.623,01/12/09,1115.099976
purchase-only,monthly,Middle Atlantic Division,200.51,50523.5,1.637,9.608,-2.871,01/01/10,1073.869995
purchase-only,monthly,Middle Atlantic Division,201.85,50523.5,1.637,9.608,-2.871,01/02/10,1104.48999
purchase-only,monthly,Middle Atlantic Division,200.08,50523.5,1.637,9.608,-2.871,01/03/10,1169.430054
purchase-only,monthly,Middle Atlantic Division,198.68,50523.5,1.637,9.608,-2.871,01/04/10,1186.689941
purchase-only,monthly,Middle Atlantic Division,198.9,50523.5,1.637,9.608,-2.871,01/05/10,1089.410034
purchase-only,monthly,Middle Atlantic Division,199.04,50523.5,1.637,9.608,-2.871,01/06/10,1030.709961
purchase-only,monthly,Middle Atlantic Division,198.0,50523.5,1.637,9.608,-2.871,01/07/10,1101.599976
purchase-only,monthly,Middle Atlantic Division,196.46,50523.5,1.637,9.608,-2.871,01/08/10,1049.329956
purchase-only,monthly,Middle Atlantic Division,196.34,50523.5,1.637,9.608,-2.871,01/09/10,1141.199951
purchase-only,monthly,Middle Atlantic Division,197.9,50523.5,1.637,9.608,-2.871,01/10/10,1183.26001
purchase-only,monthly,Middle Atlantic Division,196.76,50523.5,1.637,9.608,-2.871,01/11/10,1180.550049
purchase-only,monthly,Middle Atlantic Division,195.17,50523.5,1.637,9.608,-2.871,01/12/10,1257.640015
purchase-only,monthly,Middle Atlantic Division,194.2,50943.53,3.14,8.933,-2.919,01/01/11,1286.119995
purchase-only,monthly,Middle Atlantic Division,193.95,50943.53,3.14,8.933,-2.919,01/02/11,1327.219971
purchase-only,monthly,Middle Atlantic Division,192.2,50943.53,3.14,8.933,-2.919,01/03/11,1325.829956
purchase-only,monthly,Middle Atlantic Division,193.85,50943.53,3.14,8.933,-2.919,01/04/11,1363.609985
purchase-only,monthly,Middle Atlantic Division,191.3,50943.53,3.14,8.933,-2.919,01/05/11,1345.199951
purchase-only,monthly,Middle Atlantic Division,191.74,50943.53,3.14,8.933,-2.919,01/06/11,1320.640015
purchase-only,monthly,Middle Atlantic Division,192.11,50943.53,3.14,8.933,-2.919,01/07/11,1292.280029
purchase-only,monthly,Middle Atlantic Division,191.51,50943.53,3.14,8.933,-2.919,01/08/11,1218.890015
purchase-only,monthly,Middle Atlantic Division,191.42,50943.53,3.14,8.933,-2.919,01/09/11,1131.420044
purchase-only,monthly,Middle Atlantic Division,189.77,50943.53,3.14,8.933,-2.919,01/10/11,1253.300049
purchase-only,monthly,Middle Atlantic Division,188.46,50943.53,3.14,8.933,-2.919,01/11/11,1246.959961
purchase-only,monthly,Middle Atlantic Division,189.1,50943.53,3.14,8.933,-2.919,01/12/11,1257.599976
purchase-only,monthly,Middle Atlantic Division,190.48,51736.82,2.073,8.075,-2.573,01/01/12,1312.410034
purchase-only,monthly,Middle Atlantic Division,188.64,51736.82,2.073,8.075,-2.573,01/02/12,1365.680054
purchase-only,monthly,Middle Atlantic Division,190.69,51736.82,2.073,8.075,-2.573,01/03/12,1408.469971
purchase-only,monthly,Middle Atlantic Division,189.97,51736.82,2.073,8.075,-2.573,01/04/12,1397.910034
purchase-only,monthly,Middle Atlantic Division,190.54,51736.82,2.073,8.075,-2.573,01/05/12,1310.329956
purchase-only,monthly,Middle Atlantic Division,190.6,51736.82,2.073,8.075,-2.573,01/06/12,1362.160034
purchase-only,monthly,Middle Atlantic Division,190.15,51736.82,2.073,8.075,-2.573,01/07/12,1379.319946
purchase-only,monthly,Middle Atlantic Division,190.43,51736.82,2.073,8.075,-2.573,01/08/12,1406.579956
purchase-only,monthly,Middle Atlantic Division,192.13,51736.82,2.073,8.075,-2.573,01/09/12,1440.670044
purchase-only,monthly,Middle Atlantic Division,189.68,51736.82,2.073,8.075,-2.573,01/10/12,1412.160034
purchase-only,monthly,Middle Atlantic Division,191.82,51736.82,2.073,8.075,-2.573,01/11/12,1416.180054
purchase-only,monthly,Middle Atlantic Division,192.3,51736.82,2.073,8.075,-2.573,01/12/12,1426.189941
purchase-only,monthly,Middle Atlantic Division,191.56,52329.15,1.466,7.358,-2.016,01/01/13,1498.109985
purchase-only,monthly,Middle Atlantic Division,193.54,52329.15,1.466,7.358,-2.016,01/02/13,1514.680054
purchase-only,monthly,Middle Atlantic Division,193.76,52329.15,1.466,7.358,-2.016,01/03/13,1569.189941
purchase-only,monthly,Middle Atlantic Division,194.47,52329.15,1.466,7.358,-2.016,01/04/13,1597.569946
purchase-only,monthly,Middle Atlantic Division,194.97,52329.15,1.466,7.358,-2.016,01/05/13,1630.73999
purchase-only,monthly,Middle Atlantic Division,195.18,52329.15,1.466,7.358,-2.016,01/06/13,1606.280029
purchase-only,monthly,Middle Atlantic Division,196.54,52329.15,1.466,7.358,-2.016,01/07/13,1685.72998
purchase-only,monthly,Middle Atlantic Division,195.77,52329.15,1.466,7.358,-2.016,01/08/13,1632.969971
purchase-only,monthly,Middle Atlantic Division,195.97,52329.15,1.466,7.358,-2.016,01/09/13,1681.550049
purchase-only,monthly,Middle Atlantic Division,196.61,52329.15,1.466,7.358,-2.016,01/10/13,1756.540039
purchase-only,monthly,Middle Atlantic Division,196.9,52329.15,1.466,7.358,-2.016,01/11/13,1805.810059
purchase-only,monthly,Middle Atlantic Division,195.8,52329.15,1.466,7.358,-2.016,01/12/13,1848.359985
purchase-only,monthly,Middle Atlantic Division,196.85,53141.85,1.615,6.158,-2.109,01/01/14,1782.589966
purchase-only,monthly,Middle Atlantic Division,196.41,53141.85,1.615,6.158,-2.109,01/02/14,1859.449951
purchase-only,monthly,Middle Atlantic Division,196.95,53141.85,1.615,6.158,-2.109,01/03/14,1872.339966
purchase-only,monthly,Middle Atlantic Division,197.59,53141.85,1.615,6.158,-2.109,01/04/14,1883.949951
purchase-only,monthly,Middle Atlantic Division,198.11,53141.85,1.615,6.158,-2.109,01/05/14,1923.569946
purchase-only,monthly,Middle Atlantic Division,198.66,53141.85,1.615,6.158,-2.109,01/06/14,1960.22998
purchase-only,monthly,Middle Atlantic Division,198.43,53141.85,1.615,6.158,-2.109,01/07/14,1930.670044
purchase-only,monthly,Middle Atlantic Division,199.1,53141.85,1.615,6.158,-2.109,01/08/14,2003.369995
purchase-only,monthly,Middle Atlantic Division,198.09,53141.85,1.615,6.158,-2.109,01/09/14,1972.290039
purchase-only,monthly,Middle Atlantic Division,199.03,53141.85,1.615,6.158,-2.109,01/10/14,2018.050049
purchase-only,monthly,Middle Atlantic Division,199.82,53141.85,1.615,6.158,-2.109,01/11/14,2067.560059
purchase-only,monthly,Middle Atlantic Division,201.04,53141.85,1.615,6.158,-2.109,01/12/14,2058.899902
purchase-only,monthly,Middle Atlantic Division,200.02,54187.9,0.121,5.275,-2.244,01/01/15,1994.98999
purchase-only,monthly,Middle Atlantic Division,200.52,54187.9,0.121,5.275,-2.244,01/02/15,2104.5
purchase-only,monthly,Middle Atlantic Division,202.19,54187.9,0.121,5.275,-2.244,01/03/15,2067.889893
purchase-only,monthly,Middle Atlantic Division,201.53,54187.9,0.121,5.275,-2.244,01/04/15,2085.51001
purchase-only,monthly,Middle Atlantic Division,202.44,54187.9,0.121,5.275,-2.244,01/05/15,2107.389893
purchase-only,monthly,Middle Atlantic Division,202.57,54187.9,0.121,5.275,-2.244,01/06/15,2063.110107
purchase-only,monthly,Middle Atlantic Division,204.07,54187.9,0.121,5.275,-2.244,01/07/15,2103.840088
purchase-only,monthly,Middle Atlantic Division,204.33,54187.9,0.121,5.275,-2.244,01/08/15,1972.180054
purchase-only,monthly,Middle Atlantic Division,204.29,54187.9,0.121,5.275,-2.244,01/09/15,1920.030029
purchase-only,monthly,Middle Atlantic Division,204.95,54187.9,0.121,5.275,-2.244,01/10/15,2079.360107
purchase-only,monthly,Middle Atlantic Division,204.74,54187.9,0.121,5.275,-2.244,01/11/15,2080.409912
purchase-only,monthly,Middle Atlantic Division,205.14,54187.9,0.121,5.275,-2.244,01/12/15,2043.939941
purchase-only,monthly,Middle Atlantic Division,204.57,54700.34,1.267,4.875,-2.119,01/01/16,1940.23999
purchase-only,monthly,Middle Atlantic Division,206.66,54700.34,1.267,4.875,-2.119,01/02/16,1932.22998
purchase-only,monthly,Middle Atlantic Division,206.98,54700.34,1.267,4.875,-2.119,01/03/16,2059.73999
purchase-only,monthly,Middle Atlantic Division,207.36,54700.34,1.267,4.875,-2.119,01/04/16,2065.300049
purchase-only,monthly,Middle Atlantic Division,208.89,54700.34,1.267,4.875,-2.119,01/05/16,2096.949951
purchase-only,monthly,Middle Atlantic Division,210.13,54700.34,1.267,4.875,-2.119,01/06/16,2098.860107
purchase-only,monthly,Middle Atlantic Division,210.52,54700.34,1.267,4.875,-2.119,01/07/16,2173.600098
purchase-only,monthly,Middle Atlantic Division,210.83,54700.34,1.267,4.875,-2.119,01/08/16,2170.949951
purchase-only,monthly,Middle Atlantic Division,211.52,54700.34,1.267,4.875,-2.119,01/09/16,2168.27002
purchase-only,monthly,Middle Atlantic Division,213.06,54700.34,1.267,4.875,-2.119,01/10/16,2126.149902
purchase-only,monthly,Middle Atlantic Division,213.73,54700.34,1.267,4.875,-2.119,01/11/16,2198.810059
purchase-only,monthly,Middle Atlantic Division,213.79,54700.34,1.267,4.875,-2.119,01/12/16,2238.830078
purchase-only,monthly,Middle Atlantic Division,213.72,55572.58,2.131,4.358,-1.887,01/01/17,2278.870117
purchase-only,monthly,Middle Atlantic Division,215.23,55572.58,2.131,4.358,-1.887,01/02/17,2363.639893
purchase-only,monthly,Middle Atlantic Division,214.95,55572.58,2.131,4.358,-1.887,01/03/17,2362.719971
purchase-only,monthly,Middle Atlantic Division,217.29,55572.58,2.131,4.358,-1.887,01/04/17,2384.199951
purchase-only,monthly,Middle Atlantic Division,217.37,55572.58,2.131,4.358,-1.887,01/05/17,2411.800049
purchase-only,monthly,Middle Atlantic Division,218.6,55572.58,2.131,4.358,-1.887,01/06/17,2423.409912
purchase-only,monthly,Middle Atlantic Division,219.97,55572.58,2.131,4.358,-1.887,01/07/17,2470.300049
purchase-only,monthly,Middle Atlantic Division,221.41,55572.58,2.131,4.358,-1.887,01/08/17,2471.649902
purchase-only,monthly,Middle Atlantic Division,222.74,55572.58,2.131,4.358,-1.887,01/09/17,2519.360107
purchase-only,monthly,Middle Atlantic Division,222.9,55572.58,2.131,4.358,-1.887,01/10/17,2575.26001
purchase-only,monthly,Middle Atlantic Division,222.85,55572.58,2.131,4.358,-1.887,01/11/17,2647.580078
purchase-only,monthly,Middle Atlantic Division,224.0,55572.58,2.131,4.358,-1.887,01/12/17,2673.610107
purchase-only,monthly,Middle Atlantic Division,225.64,56904.34,2.439,3.892,-2.142,01/01/18,2823.810059
purchase-only,monthly,Middle Atlantic Division,226.43,56904.34,2.439,3.892,-2.142,01/02/18,2713.830078
purchase-only,monthly,Middle Atlantic Division,229.53,56904.34,2.439,3.892,-2.142,01/03/18,2640.870117
purchase-only,monthly,Middle Atlantic Division,228.2,56904.34,2.439,3.892,-2.142,01/04/18,2648.050049
purchase-only,monthly,Middle Atlantic Division,228.81,56904.34,2.439,3.892,-2.142,01/05/18,2705.27002
purchase-only,monthly,Middle Atlantic Division,230.03,56904.34,2.439,3.892,-2.142,01/06/18,2718.370117
purchase-only,monthly,Middle Atlantic Division,231.16,56904.34,2.439,3.892,-2.142,01/07/18,2816.290039
purchase-only,monthly,Middle Atlantic Division,230.77,56904.34,2.439,3.892,-2.142,01/08/18,2901.52002
purchase-only,monthly,Middle Atlantic Division,231.89,56904.34,2.439,3.892,-2.142,01/09/18,2913.97998
purchase-only,monthly,Middle Atlantic Division,231.77,56904.34,2.439,3.892,-2.142,01/10/18,2711.73999
purchase-only,monthly,Middle Atlantic Division,234.22,56904.34,2.439,3.892,-2.142,01/11/18,2760.169922
purchase-only,monthly,Middle Atlantic Division,234.7,56904.34,2.439,3.892,-2.142,01/12/18,2506.850098
purchase-only,monthly,Middle Atlantic Division,235.81,57940.11,1.813,3.683,-2.066,01/01/19,2704.100098
purchase-only,monthly,Middle Atlantic Division,235.86,57940.11,1.813,3.683,-2.066,01/02/19,2784.48999
purchase-only,monthly,Middle Atlantic Division,236.29,57940.11,1.813,3.683,-2.066,01/03/19,2834.399902
purchase-only,monthly,Middle Atlantic Division,237.38,57940.11,1.813,3.683,-2.066,01/04/19,2945.830078
purchase-only,monthly,Middle Atlantic Division,238.18,57940.11,1.813,3.683,-2.066,01/05/19,2752.060059
purchase-only,monthly,Middle Atlantic Division,238.94,57940.11,1.813,3.683,-2.066,01/06/19,2941.76001
purchase-only,monthly,Middle Atlantic Division,239.7,57940.11,1.813,3.683,-2.066,01/07/19,2980.379883
purchase-only,monthly,Middle Atlantic Division,241.22,57940.11,1.813,3.683,-2.066,01/08/19,2926.459961
purchase-only,monthly,Middle Atlantic Division,241.68,57940.11,1.813,3.683,-2.066,01/09/19,2976.73999
purchase-only,monthly,Middle Atlantic Division,243.41,57940.11,1.813,3.683,-2.066,01/10/19,3037.560059
purchase-only,monthly,Middle Atlantic Division,244.85,57940.11,1.813,3.683,-2.066,01/11/19,3140.97998
purchase-only,monthly,Middle Atlantic Division,247.02,57940.11,1.813,3.683,-2.066,01/12/19,3230.780029
purchase-only,monthly,Middle Atlantic Division,247.73,55875.47,1.251,8.092,-2.835,01/01/20,3225.52002
purchase-only,monthly,Middle Atlantic Division,250.05,55875.47,1.251,8.092,-2.835,01/02/20,2954.219971
purchase-only,monthly,Middle Atlantic Division,250.29,55875.47,1.251,8.092,-2.835,01/03/20,2584.590088
purchase-only,monthly,Middle Atlantic Division,250.76,55875.47,1.251,8.092,-2.835,01/04/20,2912.429932
purchase-only,monthly,Middle Atlantic Division,249.83,55875.47,1.251,8.092,-2.835,01/05/20,3044.310059
purchase-only,monthly,Middle Atlantic Division,250.63,55875.47,1.251,8.092,-2.835,01/06/20,3100.290039
purchase-only,monthly,Middle Atlantic Division,254.29,55875.47,1.251,8.092,-2.835,01/07/20,3271.120117
purchase-only,monthly,Middle Atlantic Division,260.63,55875.47,1.251,8.092,-2.835,01/08/20,3500.310059
purchase-only,monthly,Middle Atlantic Division,265.33,55875.47,1.251,8.092,-2.835,01/09/20,3363.0
purchase-only,monthly,Middle Atlantic Division,269.05,55875.47,1.251,8.092,-2.835,01/10/20,3269.959961
purchase-only,monthly,Middle Atlantic Division,272.51,55875.47,1.251,8.092,-2.835,01/11/20,3621.629883
purchase-only,monthly,Middle Atlantic Division,275.99,55875.47,1.251,8.092,-2.835,01/12/20,3756.070068
purchase-only,monthly,Middle Atlantic Division,279.64,59009.85,4.683,5.367,-3.566,01/01/21,3714.23999
purchase-only,monthly,Middle Atlantic Division,280.56,59009.85,4.683,5.367,-3.566,01/02/21,3811.149902
purchase-only,monthly,Middle Atlantic Division,284.08,59009.85,4.683,5.367,-3.566,01/03/21,3972.889893
purchase-only,monthly,Middle Atlantic Division,290.36,59009.85,4.683,5.367,-3.566,01/04/21,4181.169922
purchase-only,monthly,Middle Atlantic Division,292.53,59009.85,4.683,5.367,-3.566,01/05/21,4204.109863
purchase-only,monthly,Middle Atlantic Division,295.85,59009.85,4.683,5.367,-3.566,01/06/21,4297.5
purchase-only,monthly,Middle Atlantic Division,299.11,59009.85,4.683,5.367,-3.566,01/07/21,4395.259766
purchase-only,monthly,Middle Atlantic Division,300.8,59009.85,4.683,5.367,-3.566,01/08/21,4522.680176
purchase-only,monthly,Middle Atlantic Division,303.51,59009.85,4.683,5.367,-3.566,01/09/21,4307.540039
purchase-only,monthly,Middle Atlantic Division,307.74,59009.85,4.683,5.367,-3.566,01/10/21,4605.379883
purchase-only,monthly,Middle Atlantic Division,310.28,59009.85,4.683,5.367,-3.566,01/11/21,4567.0
purchase-only,monthly,Middle Atlantic Division,312.9,59009.85,4.683,5.367,-3.566,01/12/21,4766.180176
purchase-only,monthly,Middle Atlantic Division,318.08,60007.14,7.986,3.642,-3.816,01/01/22,4515.549805
purchase-only,monthly,Middle Atlantic Division,323.31,60007.14,7.986,3.642,-3.816,01/02/22,4373.939941
purchase-only,monthly,Middle Atlantic Division,327.11,60007.14,7.986,3.642,-3.816,01/03/22,4530.410156
purchase-only,monthly,Middle Atlantic Division,330.01,60007.14,7.986,3.642,-3.816,01/04/22,4131.930176
purchase-only,monthly,Middle Atlantic Division,332.65,60007.14,7.986,3.642,-3.816,01/05/22,4132.149902
purchase-only,monthly,Middle Atlantic Division,336.64,60007.14,7.986,3.642,-3.816,01/06/22,3785.379883
purchase-only,monthly,Middle Atlantic Division,334.09,60007.14,7.986,3.642,-3.816,01/07/22,4130.290039
purchase-only,monthly,Middle Atlantic Division,332.6,60007.14,7.986,3.642,-3.816,01/08/22,3955.0
purchase-only,monthly,Middle Atlantic Division,334.82,60007.14,7.986,3.642,-3.816,01/09/22,3585.620117
purchase-only,monthly,Middle Atlantic Division,333.48,60007.14,7.986,3.642,-3.816,01/10/22,3871.97998
purchase-only,monthly,Middle Atlantic Division,337.52,60007.14,7.986,3.642,-3.816,01/11/22,4080.110107
purchase-only,monthly,Middle Atlantic Division,336.4,60007.14,7.986,3.642,-3.816,01/12/22,3839.5
purchase-only,monthly,Middle Atlantic Division,336.52,60963.65,4.084,3.569,-2.951,01/01/23,4076.600098
purchase-only,monthly,Middle Atlantic Division,340.24,60963.65,4.084,3.569,-2.951,01/02/23,3970.149902
purchase-only,monthly,Middle Atlantic Division,343.14,60963.65,4.084,3.569,-2.951,01/03/23,4109.310059
purchase-only,monthly,Middle Atlantic Division,349.98,60963.65,4.084,3.569,-2.951,01/04/23,4169.47998
purchase-only,monthly,Middle Atlantic Division,349.75,60963.65,4.084,3.569,-2.951,01/05/23,4179.830078
purchase-only,monthly,Middle Atlantic Division,353.4,60963.65,4.084,3.569,-2.951,01/06/23,4450.379883
purchase-only,monthly,Middle Atlantic Division,357.7,60963.65,4.084,3.569,-2.951,01/07/23,4588.959961
purchase-only,monthly,Middle Atlantic Division,362.17,60963.65,4.084,3.569,-2.951,01/08/23,4507.660156
purchase-only,monthly,Middle Atlantic Division,363.03,60963.65,4.084,3.569,-2.951,01/09/23,4288.049805
purchase-only,monthly,Middle Atlantic Division,366.32,60963.65,4.084,3.569,-2.951,01/10/23,4193.799805
purchase-only,monthly,Middle Atlantic Division,367.3,60963.65,4.084,3.569,-2.951,01/11/23,4567.799805
purchase-only,monthly,Mountain Division,100.0,36944.07,4.216,6.85,0.047,01/01/91,343.9299927
purchase-only,monthly,Mountain Division,98.75,36944.07,4.216,6.85,0.047,01/02/91,367.0700073
purchase-only,monthly,Mountain Division,100.6,36944.07,4.216,6.85,0.047,01/03/91,375.2200012
purchase-only,monthly,Mountain Division,100.36,36944.07,4.216,6.85,0.047,01/04/91,375.3399963
purchase-only,monthly,Mountain Division,100.47,36944.07,4.216,6.85,0.047,01/05/91,389.8299866
purchase-only,monthly,Mountain Division,101.53,36944.07,4.216,6.85,0.047,01/06/91,371.1600037
purchase-only,monthly,Mountain Division,101.32,36944.07,4.216,6.85,0.047,01/07/91,387.8099976
purchase-only,monthly,Mountain Division,101.23,36944.07,4.216,6.85,0.047,01/08/91,395.4299927
purchase-only,monthly,Mountain Division,101.74,36944.07,4.216,6.85,0.047,01/09/91,387.8599854
purchase-only,monthly,Mountain Division,102.49,36944.07,4.216,6.85,0.047,01/10/91,392.4500122
purchase-only,monthly,Mountain Division,103.68,36944.07,4.216,6.85,0.047,01/11/91,375.2200012
purchase-only,monthly,Mountain Division,103.62,36944.07,4.216,6.85,0.047,01/12/91,417.0899963
purchase-only,monthly,Mountain Division,104.4,37741.19,3.042,7.492,-0.792,01/01/92,408.7799988
purchase-only,monthly,Mountain Division,105.54,37741.19,3.042,7.492,-0.792,01/02/92,412.7000122
purchase-only,monthly,Mountain Division,105.94,37741.19,3.042,7.492,-0.792,01/03/92,403.6900024
purchase-only,monthly,Mountain Division,105.88,37741.19,3.042,7.492,-0.792,01/04/92,414.9500122
purchase-only,monthly,Mountain Division,106.33,37741.19,3.042,7.492,-0.792,01/05/92,415.3500061
purchase-only,monthly,Mountain Division,106.92,37741.19,3.042,7.492,-0.792,01/06/92,408.1400146
purchase-only,monthly,Mountain Division,107.24,37741.19,3.042,7.492,-0.792,01/07/92,424.2099915
purchase-only,monthly,Mountain Division,107.96,37741.19,3.042,7.492,-0.792,01/08/92,414.0299988
purchase-only,monthly,Mountain Division,108.43,37741.19,3.042,7.492,-0.792,01/09/92,417.7999878
purchase-only,monthly,Mountain Division,109.52,37741.19,3.042,7.492,-0.792,01/10/92,418.6799927
purchase-only,monthly,Mountain Division,110.12,37741.19,3.042,7.492,-0.792,01/11/92,431.3500061
purchase-only,monthly,Mountain Division,111.07,37741.19,3.042,7.492,-0.792,01/12/92,435.7099915
purchase-only,monthly,Mountain Division,111.84,38277.58,2.97,6.908,-1.237,01/01/93,438.7799988
purchase-only,monthly,Mountain Division,112.29,38277.58,2.97,6.908,-1.237,01/02/93,443.3800049
purchase-only,monthly,Mountain Division,112.51,38277.58,2.97,6.908,-1.237,01/03/93,451.6700134
purchase-only,monthly,Mountain Division,113.89,38277.58,2.97,6.908,-1.237,01/04/93,440.1900024
purchase-only,monthly,Mountain Division,114.65,38277.58,2.97,6.908,-1.237,01/05/93,450.1900024
purchase-only,monthly,Mountain Division,115.6,38277.58,2.97,6.908,-1.237,01/06/93,450.5299988
purchase-only,monthly,Mountain Division,116.6,38277.58,2.97,6.908,-1.237,01/07/93,448.1300049
purchase-only,monthly,Mountain Division,117.76,38277.58,2.97,6.908,-1.237,01/08/93,463.5599976
purchase-only,monthly,Mountain Division,119.14,38277.58,2.97,6.908,-1.237,01/09/93,458.9299927
purchase-only,monthly,Mountain Division,119.74,38277.58,2.97,6.908,-1.237,01/10/93,467.8299866
purchase-only,monthly,Mountain Division,120.91,38277.58,2.97,6.908,-1.237,01/11/93,461.7900085
purchase-only,monthly,Mountain Division,121.72,38277.58,2.97,6.908,-1.237,01/12/93,466.4500122
purchase-only,monthly,Mountain Division,122.58,39339.0,2.596,6.1,-1.669,01/01/94,481.6099854
purchase-only,monthly,Mountain Division,123.97,39339.0,2.596,6.1,-1.669,01/02/94,467.1400146
purchase-only,monthly,Mountain Division,124.9,39339.0,2.596,6.1,-1.669,01/03/94,445.769989
purchase-only,monthly,Mountain Division,125.77,39339.0,2.596,6.1,-1.669,01/04/94,450.9100037
purchase-only,monthly,Mountain Division,127.26,39339.0,2.596,6.1,-1.669,01/05/94,456.5
purchase-only,monthly,Mountain Division,128.06,39339.0,2.596,6.1,-1.669,01/06/94,444.269989
purchase-only,monthly,Mountain Division,128.56,39339.0,2.596,6.1,-1.669,01/07/94,458.2600098
purchase-only,monthly,Mountain Division,129.33,39339.0,2.596,6.1,-1.669,01/08/94,475.4899902
purchase-only,monthly,Mountain Division,129.93,39339.0,2.596,6.1,-1.669,01/09/94,462.7099915
purchase-only,monthly,Mountain Division,130.56,39339.0,2.596,6.1,-1.669,01/10/94,472.3500061
purchase-only,monthly,Mountain Division,131.09,39339.0,2.596,6.1,-1.669,01/11/94,453.6900024
purchase-only,monthly,Mountain Division,131.88,39339.0,2.596,6.1,-1.669,01/12/94,459.269989
purchase-only,monthly,Mountain Division,131.83,39919.87,2.805,5.592,-1.487,01/01/95,470.4200134
purchase-only,monthly,Mountain Division,133.21,39919.87,2.805,5.592,-1.487,01/02/95,487.3900146
purchase-only,monthly,Mountain Division,133.14,39919.87,2.805,5.592,-1.487,01/03/95,500.7099915
purchase-only,monthly,Mountain Division,133.87,39919.87,2.805,5.592,-1.487,01/04/95,514.710022
purchase-only,monthly,Mountain Division,134.1,39919.87,2.805,5.592,-1.487,01/05/95,533.4000244
purchase-only,monthly,Mountain Division,135.39,39919.87,2.805,5.592,-1.487,01/06/95,544.75
purchase-only,monthly,Mountain Division,135.86,39919.87,2.805,5.592,-1.487,01/07/95,562.0599976
purchase-only,monthly,Mountain Division,136.42,39919.87,2.805,5.592,-1.487,01/08/95,561.8800049
purchase-only,monthly,Mountain Division,137.21,39919.87,2.805,5.592,-1.487,01/09/95,584.4099731
purchase-only,monthly,Mountain Division,137.04,39919.87,2.805,5.592,-1.487,01/10/95,581.5
purchase-only,monthly,Mountain Division,137.47,39919.87,2.805,5.592,-1.487,01/11/95,605.3699951
purchase-only,monthly,Mountain Division,138.49,39919.87,2.805,5.592,-1.487,01/12/95,615.9299927
purchase-only,monthly,Mountain Division,138.78,40946.0,2.937,5.408,-1.546,01/01/96,636.0200195
purchase-only,monthly,Mountain Division,139.32,40946.0,2.937,5.408,-1.546,01/02/96,640.4299927
purchase-only,monthly,Mountain Division,140.19,40946.0,2.937,5.408,-1.546,01/03/96,645.5
purchase-only,monthly,Mountain Division,140.73,40946.0,2.937,5.408,-1.546,01/04/96,654.1699829
purchase-only,monthly,Mountain Division,140.79,40946.0,2.937,5.408,-1.546,01/05/96,669.1199951
purchase-only,monthly,Mountain Division,141.25,40946.0,2.937,5.408,-1.546,01/06/96,670.6300049
purchase-only,monthly,Mountain Division,142.02,40946.0,2.937,5.408,-1.546,01/07/96,639.9500122
purchase-only,monthly,Mountain Division,141.76,40946.0,2.937,5.408,-1.546,01/08/96,651.9899902
purchase-only,monthly,Mountain Division,142.31,40946.0,2.937,5.408,-1.546,01/09/96,687.3300171
purchase-only,monthly,Mountain Division,142.64,40946.0,2.937,5.408,-1.546,01/10/96,705.2700195
purchase-only,monthly,Mountain Division,142.97,40946.0,2.937,5.408,-1.546,01/11/96,757.0200195
purchase-only,monthly,Mountain Division,142.88,40946.0,2.937,5.408,-1.546,01/12/96,740.7399902
purchase-only,monthly,Mountain Division,143.88,42258.86,2.338,4.942,-1.641,01/01/97,786.1599731
purchase-only,monthly,Mountain Division,144.29,42258.86,2.338,4.942,-1.641,01/02/97,790.8200073
purchase-only,monthly,Mountain Division,144.78,42258.86,2.338,4.942,-1.641,01/03/97,757.1199951
purchase-only,monthly,Mountain Division,145.07,42258.86,2.338,4.942,-1.641,01/04/97,801.3400269
purchase-only,monthly,Mountain Division,145.35,42258.86,2.338,4.942,-1.641,01/05/97,848.2800293
purchase-only,monthly,Mountain Division,145.49,42258.86,2.338,4.942,-1.641,01/06/97,885.1400146
purchase-only,monthly,Mountain Division,145.87,42258.86,2.338,4.942,-1.641,01/07/97,954.3099976
purchase-only,monthly,Mountain Division,146.36,42258.86,2.338,4.942,-1.641,01/08/97,899.4699707
purchase-only,monthly,Mountain Division,146.52,42258.86,2.338,4.942,-1.641,01/09/97,947.2800293
purchase-only,monthly,Mountain Division,147.1,42258.86,2.338,4.942,-1.641,01/10/97,914.6199951
purchase-only,monthly,Mountain Division,147.37,42258.86,2.338,4.942,-1.641,01/11/97,955.4000244
purchase-only,monthly,Mountain Division,147.98,42258.86,2.338,4.942,-1.641,01/12/97,970.4299927
purchase-only,monthly,Mountain Division,148.23,43640.76,1.547,4.5,-2.373,01/01/98,980.2800293
purchase-only,monthly,Mountain Division,149.3,43640.76,1.547,4.5,-2.373,01/02/98,1049.339966
purchase-only,monthly,Mountain Division,149.44,43640.76,1.547,4.5,-2.373,01/03/98,1101.75
purchase-only,monthly,Mountain Division,150.4,43640.76,1.547,4.5,-2.373,01/04/98,1111.75
purchase-only,monthly,Mountain Division,150.69,43640.76,1.547,4.5,-2.373,01/05/98,1090.819946
purchase-only,monthly,Mountain Division,151.12,43640.76,1.547,4.5,-2.373,01/06/98,1133.839966
purchase-only,monthly,Mountain Division,151.69,43640.76,1.547,4.5,-2.373,01/07/98,1120.670044
purchase-only,monthly,Mountain Division,152.46,43640.76,1.547,4.5,-2.373,01/08/98,957.2800293
purchase-only,monthly,Mountain Division,152.83,43640.76,1.547,4.5,-2.373,01/09/98,1017.01001
purchase-only,monthly,Mountain Division,153.72,43640.76,1.547,4.5,-2.373,01/10/98,1098.670044
purchase-only,monthly,Mountain Division,154.18,43640.76,1.547,4.5,-2.373,01/11/98,1163.630005
purchase-only,monthly,Mountain Division,154.93,43640.76,1.547,4.5,-2.373,01/12/98,1229.22998
purchase-only,monthly,Mountain Division,155.34,45213.48,2.193,4.217,-2.976,01/01/99,1279.640015
purchase-only,monthly,Mountain Division,156.28,45213.48,2.193,4.217,-2.976,01/02/99,1238.329956
purchase-only,monthly,Mountain Division,157.81,45213.48,2.193,4.217,-2.976,01/03/99,1286.369995
purchase-only,monthly,Mountain Division,157.47,45213.48,2.193,4.217,-2.976,01/04/99,1335.180054
purchase-only,monthly,Mountain Division,158.5,45213.48,2.193,4.217,-2.976,01/05/99,1301.839966
purchase-only,monthly,Mountain Division,159.17,45213.48,2.193,4.217,-2.976,01/06/99,1372.709961
purchase-only,monthly,Mountain Division,159.97,45213.48,2.193,4.217,-2.976,01/07/99,1328.719971
purchase-only,monthly,Mountain Division,160.79,45213.48,2.193,4.217,-2.976,01/08/99,1320.410034
purchase-only,monthly,Mountain Division,162.21,45213.48,2.193,4.217,-2.976,01/09/99,1282.709961
purchase-only,monthly,Mountain Division,162.03,45213.48,2.193,4.217,-2.976,01/10/99,1362.930054
purchase-only,monthly,Mountain Division,163.03,45213.48,2.193,4.217,-2.976,01/11/99,1388.910034
purchase-only,monthly,Mountain Division,163.59,45213.48,2.193,4.217,-2.976,01/12/99,1469.25
purchase-only,monthly,Mountain Division,164.82,46539.99,3.367,3.967,-3.921,01/01/00,1394.459961
purchase-only,monthly,Mountain Division,165.1,46539.99,3.367,3.967,-3.921,01/02/00,1366.420044
purchase-only,monthly,Mountain Division,165.95,46539.99,3.367,3.967,-3.921,01/03/00,1498.579956
purchase-only,monthly,Mountain Division,166.54,46539.99,3.367,3.967,-3.921,01/04/00,1452.430054
purchase-only,monthly,Mountain Division,167.15,46539.99,3.367,3.967,-3.921,01/05/00,1420.599976
purchase-only,monthly,Mountain Division,168.46,46539.99,3.367,3.967,-3.921,01/06/00,1454.599976
purchase-only,monthly,Mountain Division,169.03,46539.99,3.367,3.967,-3.921,01/07/00,1430.829956
purchase-only,monthly,Mountain Division,169.5,46539.99,3.367,3.967,-3.921,01/08/00,1517.680054
purchase-only,monthly,Mountain Division,169.76,46539.99,3.367,3.967,-3.921,01/09/00,1436.51001
purchase-only,monthly,Mountain Division,171.03,46539.99,3.367,3.967,-3.921,01/10/00,1429.400024
purchase-only,monthly,Mountain Division,172.08,46539.99,3.367,3.967,-3.921,01/11/00,1314.949951
purchase-only,monthly,Mountain Division,172.76,46539.99,3.367,3.967,-3.921,01/12/00,1320.280029
purchase-only,monthly,Mountain Division,174.51,46503.1,2.817,4.742,-3.724,01/01/01,1366.01001
purchase-only,monthly,Mountain Division,175.61,46503.1,2.817,4.742,-3.724,01/02/01,1239.939941
purchase-only,monthly,Mountain Division,175.96,46503.1,2.817,4.742,-3.724,01/03/01,1160.329956
purchase-only,monthly,Mountain Division,176.43,46503.1,2.817,4.742,-3.724,01/04/01,1249.459961
purchase-only,monthly,Mountain Division,177.87,46503.1,2.817,4.742,-3.724,01/05/01,1255.819946
purchase-only,monthly,Mountain Division,178.3,46503.1,2.817,4.742,-3.724,01/06/01,1224.380005
purchase-only,monthly,Mountain Division,178.52,46503.1,2.817,4.742,-3.724,01/07/01,1211.22998
purchase-only,monthly,Mountain Division,179.13,46503.1,2.817,4.742,-3.724,01/08/01,1133.579956
purchase-only,monthly,Mountain Division,179.04,46503.1,2.817,4.742,-3.724,01/09/01,1040.939941
purchase-only,monthly,Mountain Division,179.99,46503.1,2.817,4.742,-3.724,01/10/01,1059.780029
purchase-only,monthly,Mountain Division,181.25,46503.1,2.817,4.742,-3.724,01/11/01,1139.449951
purchase-only,monthly,Mountain Division,181.65,46503.1,2.817,4.742,-3.724,01/12/01,1148.079956
purchase-only,monthly,Mountain Division,182.61,46831.46,1.596,5.783,-4.173,01/01/02,1130.199951
purchase-only,monthly,Mountain Division,183.71,46831.46,1.596,5.783,-4.173,01/02/02,1106.72998
purchase-only,monthly,Mountain Division,184.19,46831.46,1.596,5.783,-4.173,01/03/02,1147.390015
purchase-only,monthly,Mountain Division,184.84,46831.46,1.596,5.783,-4.173,01/04/02,1076.920044
purchase-only,monthly,Mountain Division,185.32,46831.46,1.596,5.783,-4.173,01/05/02,1067.140015
purchase-only,monthly,Mountain Division,185.81,46831.46,1.596,5.783,-4.173,01/06/02,989.8200073
purchase-only,monthly,Mountain Division,186.76,46831.46,1.596,5.783,-4.173,01/07/02,911.6199951
purchase-only,monthly,Mountain Division,188.42,46831.46,1.596,5.783,-4.173,01/08/02,916.0700073
purchase-only,monthly,Mountain Division,188.35,46831.46,1.596,5.783,-4.173,01/09/02,815.2800293
purchase-only,monthly,Mountain Division,190.05,46831.46,1.596,5.783,-4.173,01/10/02,885.7600098
purchase-only,monthly,Mountain Division,190.7,46831.46,1.596,5.783,-4.173,01/11/02,936.3099976
purchase-only,monthly,Mountain Division,192.24,46831.46,1.596,5.783,-4.173,01/12/02,879.8200073
purchase-only,monthly,Mountain Division,192.85,47691.56,2.298,5.992,-4.559,01/01/03,855.7000122
purchase-only,monthly,Mountain Division,193.57,47691.56,2.298,5.992,-4.559,01/02/03,841.1500244
purchase-only,monthly,Mountain Division,194.45,47691.56,2.298,5.992,-4.559,01/03/03,848.1799927
purchase-only,monthly,Mountain Division,195.45,47691.56,2.298,5.992,-4.559,01/04/03,916.9199829
purchase-only,monthly,Mountain Division,196.18,47691.56,2.298,5.992,-4.559,01/05/03,963.5900269
purchase-only,monthly,Mountain Division,196.92,47691.56,2.298,5.992,-4.559,01/06/03,974.5
purchase-only,monthly,Mountain Division,198.7,47691.56,2.298,5.992,-4.559,01/07/03,990.3099976
purchase-only,monthly,Mountain Division,199.42,47691.56,2.298,5.992,-4.559,01/08/03,1008.01001
purchase-only,monthly,Mountain Division,201.53,47691.56,2.298,5.992,-4.559,01/09/03,995.9699707
purchase-only,monthly,Mountain Division,202.53,47691.56,2.298,5.992,-4.559,01/10/03,1050.709961
purchase-only,monthly,Mountain Division,203.59,47691.56,2.298,5.992,-4.559,01/11/03,1058.199951
purchase-only,monthly,Mountain Division,205.9,47691.56,2.298,5.992,-4.559,01/12/03,1111.920044
purchase-only,monthly,Mountain Division,208.21,49080.56,2.668,5.542,-5.205,01/01/04,1131.130005
purchase-only,monthly,Mountain Division,208.9,49080.56,2.668,5.542,-5.205,01/02/04,1144.939941
purchase-only,monthly,Mountain Division,210.75,49080.56,2.668,5.542,-5.205,01/03/04,1126.209961
purchase-only,monthly,Mountain Division,214.04,49080.56,2.668,5.542,-5.205,01/04/04,1107.300049
purchase-only,monthly,Mountain Division,215.3,49080.56,2.668,5.542,-5.205,01/05/04,1120.680054
purchase-only,monthly,Mountain Division,218.87,49080.56,2.668,5.542,-5.205,01/06/04,1140.839966
purchase-only,monthly,Mountain Division,221.16,49080.56,2.668,5.542,-5.205,01/07/04,1101.719971
purchase-only,monthly,Mountain Division,222.54,49080.56,2.668,5.542,-5.205,01/08/04,1104.23999
purchase-only,monthly,Mountain Division,226.6,49080.56,2.668,5.542,-5.205,01/09/04,1114.579956
purchase-only,monthly,Mountain Division,227.44,49080.56,2.668,5.542,-5.205,01/10/04,1130.199951
purchase-only,monthly,Mountain Division,230.51,49080.56,2.668,5.542,-5.205,01/11/04,1173.819946
purchase-only,monthly,Mountain Division,232.63,49080.56,2.668,5.542,-5.205,01/12/04,1211.920044
purchase-only,monthly,Mountain Division,235.27,50322.52,3.366,5.083,-5.746,01/01/05,1181.27002
purchase-only,monthly,Mountain Division,240.5,50322.52,3.366,5.083,-5.746,01/02/05,1203.599976
purchase-only,monthly,Mountain Division,242.51,50322.52,3.366,5.083,-5.746,01/03/05,1180.589966
purchase-only,monthly,Mountain Division,247.21,50322.52,3.366,5.083,-5.746,01/04/05,1156.849976
purchase-only,monthly,Mountain Division,250.77,50322.52,3.366,5.083,-5.746,01/05/05,1191.5
purchase-only,monthly,Mountain Division,253.95,50322.52,3.366,5.083,-5.746,01/06/05,1191.329956
purchase-only,monthly,Mountain Division,257.22,50322.52,3.366,5.083,-5.746,01/07/05,1234.180054
purchase-only,monthly,Mountain Division,261.51,50322.52,3.366,5.083,-5.746,01/08/05,1220.329956
purchase-only,monthly,Mountain Division,265.42,50322.52,3.366,5.083,-5.746,01/09/05,1228.810059
purchase-only,monthly,Mountain Division,268.5,50322.52,3.366,5.083,-5.746,01/10/05,1207.01001
purchase-only,monthly,Mountain Division,270.87,50322.52,3.366,5.083,-5.746,01/11/05,1249.47998
purchase-only,monthly,Mountain Division,273.56,50322.52,3.366,5.083,-5.746,01/12/05,1248.290039
purchase-only,monthly,Mountain Division,276.09,51235.84,3.222,4.608,-5.911,01/01/06,1280.079956
purchase-only,monthly,Mountain Division,278.59,51235.84,3.222,4.608,-5.911,01/02/06,1280.660034
purchase-only,monthly,Mountain Division,280.37,51235.84,3.222,4.608,-5.911,01/03/06,1294.869995
purchase-only,monthly,Mountain Division,280.48,51235.84,3.222,4.608,-5.911,01/04/06,1310.609985
purchase-only,monthly,Mountain Division,283.06,51235.84,3.222,4.608,-5.911,01/05/06,1270.089966
purchase-only,monthly,Mountain Division,283.15,51235.84,3.222,4.608,-5.911,01/06/06,1270.199951
purchase-only,monthly,Mountain Division,283.36,51235.84,3.222,4.608,-5.911,01/07/06,1276.660034
purchase-only,monthly,Mountain Division,284.58,51235.84,3.222,4.608,-5.911,01/08/06,1303.819946
purchase-only,monthly,Mountain Division,284.6,51235.84,3.222,4.608,-5.911,01/09/06,1335.849976
purchase-only,monthly,Mountain Division,287.93,51235.84,3.222,4.608,-5.911,01/10/06,1377.939941
purchase-only,monthly,Mountain Division,289.19,51235.84,3.222,4.608,-5.911,01/11/06,1400.630005
purchase-only,monthly,Mountain Division,289.81,51235.84,3.222,4.608,-5.911,01/12/06,1418.300049
purchase-only,monthly,Mountain Division,289.85,51751.28,2.871,4.617,-5.089,01/01/07,1438.23999
purchase-only,monthly,Mountain Division,289.04,51751.28,2.871,4.617,-5.089,01/02/07,1406.819946
purchase-only,monthly,Mountain Division,291.58,51751.28,2.871,4.617,-5.089,01/03/07,1420.859985
purchase-only,monthly,Mountain Division,291.58,51751.28,2.871,4.617,-5.089,01/04/07,1482.369995
purchase-only,monthly,Mountain Division,289.45,51751.28,2.871,4.617,-5.089,01/05/07,1530.619995
purchase-only,monthly,Mountain Division,290.04,51751.28,2.871,4.617,-5.089,01/06/07,1503.349976
purchase-only,monthly,Mountain Division,288.75,51751.28,2.871,4.617,-5.089,01/07/07,1455.27002
purchase-only,monthly,Mountain Division,286.98,51751.28,2.871,4.617,-5.089,01/08/07,1473.98999
purchase-only,monthly,Mountain Division,284.78,51751.28,2.871,4.617,-5.089,01/09/07,1526.75
purchase-only,monthly,Mountain Division,280.92,51751.28,2.871,4.617,-5.089,01/10/07,1549.380005
purchase-only,monthly,Mountain Division,279.33,51751.28,2.871,4.617,-5.089,01/11/07,1481.140015
purchase-only,monthly,Mountain Division,276.28,51751.28,2.871,4.617,-5.089,01/12/07,1468.359985
purchase-only,monthly,Mountain Division,273.09,51335.91,3.815,5.8,-4.716,01/01/08,1378.550049
purchase-only,monthly,Mountain Division,273.86,51335.91,3.815,5.8,-4.716,01/02/08,1330.630005
purchase-only,monthly,Mountain Division,270.99,51335.91,3.815,5.8,-4.716,01/03/08,1322.699951
purchase-only,monthly,Mountain Division,265.55,51335.91,3.815,5.8,-4.716,01/04/08,1385.589966
purchase-only,monthly,Mountain Division,263.06,51335.91,3.815,5.8,-4.716,01/05/08,1400.380005
purchase-only,monthly,Mountain Division,259.3,51335.91,3.815,5.8,-4.716,01/06/08,1280.0
purchase-only,monthly,Mountain Division,255.21,51335.91,3.815,5.8,-4.716,01/07/08,1267.380005
purchase-only,monthly,Mountain Division,251.98,51335.91,3.815,5.8,-4.716,01/08/08,1282.829956
purchase-only,monthly,Mountain Division,249.54,51335.91,3.815,5.8,-4.716,01/09/08,1166.359985
purchase-only,monthly,Mountain Division,242.81,51335.91,3.815,5.8,-4.716,01/10/08,968.75
purchase-only,monthly,Mountain Division,237.61,51335.91,3.815,5.8,-4.716,01/11/08,896.2399902
purchase-only,monthly,Mountain Division,238.76,51335.91,3.815,5.8,-4.716,01/12/08,903.25
purchase-only,monthly,Mountain Division,239.64,49569.21,-0.32,9.283,-2.623,01/01/09,825.8800049
purchase-only,monthly,Mountain Division,237.95,49569.21,-0.32,9.283,-2.623,01/02/09,735.0900269
purchase-only,monthly,Mountain Division,231.08,49569.21,-0.32,9.283,-2.623,01/03/09,797.8699951
purchase-only,monthly,Mountain Division,230.27,49569.21,-0.32,9.283,-2.623,01/04/09,872.8099976
purchase-only,monthly,Mountain Division,228.27,49569.21,-0.32,9.283,-2.623,01/05/09,919.1400146
purchase-only,monthly,Mountain Division,226.49,49569.21,-0.32,9.283,-2.623,01/06/09,919.3200073
purchase-only,monthly,Mountain Division,225.98,49569.21,-0.32,9.283,-2.623,01/07/09,987.4799805
purchase-only,monthly,Mountain Division,224.52,49569.21,-0.32,9.283,-2.623,01/08/09,1020.619995
purchase-only,monthly,Mountain Division,222.94,49569.21,-0.32,9.283,-2.623,01/09/09,1057.079956
purchase-only,monthly,Mountain Division,223.62,49569.21,-0.32,9.283,-2.623,01/10/09,1036.189941
purchase-only,monthly,Mountain Division,223.68,49569.21,-0.32,9.283,-2.623,01/11/09,1095.630005
purchase-only,monthly,Mountain Division,220.92,49569.21,-0.32,9.283,-2.623,01/12/09,1115.099976
purchase-only,monthly,Mountain Division,221.58,50523.5,1.637,9.608,-2.871,01/01/10,1073.869995
purchase-only,monthly,Mountain Division,219.33,50523.5,1.637,9.608,-2.871,01/02/10,1104.48999
purchase-only,monthly,Mountain Division,218.75,50523.5,1.637,9.608,-2.871,01/03/10,1169.430054
purchase-only,monthly,Mountain Division,219.41,50523.5,1.637,9.608,-2.871,01/04/10,1186.689941
purchase-only,monthly,Mountain Division,216.7,50523.5,1.637,9.608,-2.871,01/05/10,1089.410034
purchase-only,monthly,Mountain Division,213.28,50523.5,1.637,9.608,-2.871,01/06/10,1030.709961
purchase-only,monthly,Mountain Division,211.88,50523.5,1.637,9.608,-2.871,01/07/10,1101.599976
purchase-only,monthly,Mountain Division,211.22,50523.5,1.637,9.608,-2.871,01/08/10,1049.329956
purchase-only,monthly,Mountain Division,208.49,50523.5,1.637,9.608,-2.871,01/09/10,1141.199951
purchase-only,monthly,Mountain Division,209.66,50523.5,1.637,9.608,-2.871,01/10/10,1183.26001
purchase-only,monthly,Mountain Division,205.3,50523.5,1.637,9.608,-2.871,01/11/10,1180.550049
purchase-only,monthly,Mountain Division,205.11,50523.5,1.637,9.608,-2.871,01/12/10,1257.640015
purchase-only,monthly,Mountain Division,205.03,50943.53,3.14,8.933,-2.919,01/01/11,1286.119995
purchase-only,monthly,Mountain Division,199.11,50943.53,3.14,8.933,-2.919,01/02/11,1327.219971
purchase-only,monthly,Mountain Division,198.51,50943.53,3.14,8.933,-2.919,01/03/11,1325.829956
purchase-only,monthly,Mountain Division,196.5,50943.53,3.14,8.933,-2.919,01/04/11,1363.609985
purchase-only,monthly,Mountain Division,196.51,50943.53,3.14,8.933,-2.919,01/05/11,1345.199951
purchase-only,monthly,Mountain Division,196.24,50943.53,3.14,8.933,-2.919,01/06/11,1320.640015
purchase-only,monthly,Mountain Division,197.14,50943.53,3.14,8.933,-2.919,01/07/11,1292.280029
purchase-only,monthly,Mountain Division,197.04,50943.53,3.14,8.933,-2.919,01/08/11,1218.890015
purchase-only,monthly,Mountain Division,199.56,50943.53,3.14,8.933,-2.919,01/09/11,1131.420044
purchase-only,monthly,Mountain Division,197.49,50943.53,3.14,8.933,-2.919,01/10/11,1253.300049
purchase-only,monthly,Mountain Division,198.87,50943.53,3.14,8.933,-2.919,01/11/11,1246.959961
purchase-only,monthly,Mountain Division,201.58,50943.53,3.14,8.933,-2.919,01/12/11,1257.599976
purchase-only,monthly,Mountain Division,199.5,51736.82,2.073,8.075,-2.573,01/01/12,1312.410034
purchase-only,monthly,Mountain Division,201.77,51736.82,2.073,8.075,-2.573,01/02/12,1365.680054
purchase-only,monthly,Mountain Division,205.85,51736.82,2.073,8.075,-2.573,01/03/12,1408.469971
purchase-only,monthly,Mountain Division,207.88,51736.82,2.073,8.075,-2.573,01/04/12,1397.910034
purchase-only,monthly,Mountain Division,210.68,51736.82,2.073,8.075,-2.573,01/05/12,1310.329956
purchase-only,monthly,Mountain Division,214.55,51736.82,2.073,8.075,-2.573,01/06/12,1362.160034
purchase-only,monthly,Mountain Division,216.31,51736.82,2.073,8.075,-2.573,01/07/12,1379.319946
purchase-only,monthly,Mountain Division,217.07,51736.82,2.073,8.075,-2.573,01/08/12,1406.579956
purchase-only,monthly,Mountain Division,219.17,51736.82,2.073,8.075,-2.573,01/09/12,1440.670044
purchase-only,monthly,Mountain Division,220.31,51736.82,2.073,8.075,-2.573,01/10/12,1412.160034
purchase-only,monthly,Mountain Division,223.39,51736.82,2.073,8.075,-2.573,01/11/12,1416.180054
purchase-only,monthly,Mountain Division,224.56,51736.82,2.073,8.075,-2.573,01/12/12,1426.189941
purchase-only,monthly,Mountain Division,226.64,52329.15,1.466,7.358,-2.016,01/01/13,1498.109985
purchase-only,monthly,Mountain Division,228.26,52329.15,1.466,7.358,-2.016,01/02/13,1514.680054
purchase-only,monthly,Mountain Division,232.65,52329.15,1.466,7.358,-2.016,01/03/13,1569.189941
purchase-only,monthly,Mountain Division,235.37,52329.15,1.466,7.358,-2.016,01/04/13,1597.569946
purchase-only,monthly,Mountain Division,236.72,52329.15,1.466,7.358,-2.016,01/05/13,1630.73999
purchase-only,monthly,Mountain Division,238.52,52329.15,1.466,7.358,-2.016,01/06/13,1606.280029
purchase-only,monthly,Mountain Division,240.77,52329.15,1.466,7.358,-2.016,01/07/13,1685.72998
purchase-only,monthly,Mountain Division,241.97,52329.15,1.466,7.358,-2.016,01/08/13,1632.969971
purchase-only,monthly,Mountain Division,243.54,52329.15,1.466,7.358,-2.016,01/09/13,1681.550049
purchase-only,monthly,Mountain Division,247.34,52329.15,1.466,7.358,-2.016,01/10/13,1756.540039
purchase-only,monthly,Mountain Division,245.22,52329.15,1.466,7.358,-2.016,01/11/13,1805.810059
purchase-only,monthly,Mountain Division,246.32,52329.15,1.466,7.358,-2.016,01/12/13,1848.359985
purchase-only,monthly,Mountain Division,249.16,53141.85,1.615,6.158,-2.109,01/01/14,1782.589966
purchase-only,monthly,Mountain Division,251.52,53141.85,1.615,6.158,-2.109,01/02/14,1859.449951
purchase-only,monthly,Mountain Division,250.4,53141.85,1.615,6.158,-2.109,01/03/14,1872.339966
purchase-only,monthly,Mountain Division,251.91,53141.85,1.615,6.158,-2.109,01/04/14,1883.949951
purchase-only,monthly,Mountain Division,252.2,53141.85,1.615,6.158,-2.109,01/05/14,1923.569946
purchase-only,monthly,Mountain Division,253.93,53141.85,1.615,6.158,-2.109,01/06/14,1960.22998
purchase-only,monthly,Mountain Division,253.73,53141.85,1.615,6.158,-2.109,01/07/14,1930.670044
purchase-only,monthly,Mountain Division,256.45,53141.85,1.615,6.158,-2.109,01/08/14,2003.369995
purchase-only,monthly,Mountain Division,257.24,53141.85,1.615,6.158,-2.109,01/09/14,1972.290039
purchase-only,monthly,Mountain Division,258.88,53141.85,1.615,6.158,-2.109,01/10/14,2018.050049
purchase-only,monthly,Mountain Division,260.32,53141.85,1.615,6.158,-2.109,01/11/14,2067.560059
purchase-only,monthly,Mountain Division,263.57,53141.85,1.615,6.158,-2.109,01/12/14,2058.899902
purchase-only,monthly,Mountain Division,265.17,54187.9,0.121,5.275,-2.244,01/01/15,1994.98999
purchase-only,monthly,Mountain Division,267.16,54187.9,0.121,5.275,-2.244,01/02/15,2104.5
purchase-only,monthly,Mountain Division,267.14,54187.9,0.121,5.275,-2.244,01/03/15,2067.889893
purchase-only,monthly,Mountain Division,268.66,54187.9,0.121,5.275,-2.244,01/04/15,2085.51001
purchase-only,monthly,Mountain Division,270.55,54187.9,0.121,5.275,-2.244,01/05/15,2107.389893
purchase-only,monthly,Mountain Division,271.63,54187.9,0.121,5.275,-2.244,01/06/15,2063.110107
purchase-only,monthly,Mountain Division,276.2,54187.9,0.121,5.275,-2.244,01/07/15,2103.840088
purchase-only,monthly,Mountain Division,275.84,54187.9,0.121,5.275,-2.244,01/08/15,1972.180054
purchase-only,monthly,Mountain Division,278.1,54187.9,0.121,5.275,-2.244,01/09/15,1920.030029
purchase-only,monthly,Mountain Division,278.12,54187.9,0.121,5.275,-2.244,01/10/15,2079.360107
purchase-only,monthly,Mountain Division,283.44,54187.9,0.121,5.275,-2.244,01/11/15,2080.409912
purchase-only,monthly,Mountain Division,282.3,54187.9,0.121,5.275,-2.244,01/12/15,2043.939941
purchase-only,monthly,Mountain Division,283.86,54700.34,1.267,4.875,-2.119,01/01/16,1940.23999
purchase-only,monthly,Mountain Division,285.69,54700.34,1.267,4.875,-2.119,01/02/16,1932.22998
purchase-only,monthly,Mountain Division,289.09,54700.34,1.267,4.875,-2.119,01/03/16,2059.73999
purchase-only,monthly,Mountain Division,289.93,54700.34,1.267,4.875,-2.119,01/04/16,2065.300049
purchase-only,monthly,Mountain Division,292.01,54700.34,1.267,4.875,-2.119,01/05/16,2096.949951
purchase-only,monthly,Mountain Division,293.39,54700.34,1.267,4.875,-2.119,01/06/16,2098.860107
purchase-only,monthly,Mountain Division,294.31,54700.34,1.267,4.875,-2.119,01/07/16,2173.600098
purchase-only,monthly,Mountain Division,296.48,54700.34,1.267,4.875,-2.119,01/08/16,2170.949951
purchase-only,monthly,Mountain Division,298.38,54700.34,1.267,4.875,-2.119,01/09/16,2168.27002
purchase-only,monthly,Mountain Division,302.18,54700.34,1.267,4.875,-2.119,01/10/16,2126.149902
purchase-only,monthly,Mountain Division,302.65,54700.34,1.267,4.875,-2.119,01/11/16,2198.810059
purchase-only,monthly,Mountain Division,305.07,54700.34,1.267,4.875,-2.119,01/12/16,2238.830078
purchase-only,monthly,Mountain Division,306.15,55572.58,2.131,4.358,-1.887,01/01/17,2278.870117
purchase-only,monthly,Mountain Division,308.68,55572.58,2.131,4.358,-1.887,01/02/17,2363.639893
purchase-only,monthly,Mountain Division,311.19,55572.58,2.131,4.358,-1.887,01/03/17,2362.719971
purchase-only,monthly,Mountain Division,312.77,55572.58,2.131,4.358,-1.887,01/04/17,2384.199951
purchase-only,monthly,Mountain Division,315.46,55572.58,2.131,4.358,-1.887,01/05/17,2411.800049
purchase-only,monthly,Mountain Division,316.98,55572.58,2.131,4.358,-1.887,01/06/17,2423.409912
purchase-only,monthly,Mountain Division,319.1,55572.58,2.131,4.358,-1.887,01/07/17,2470.300049
purchase-only,monthly,Mountain Division,321.23,55572.58,2.131,4.358,-1.887,01/08/17,2471.649902
purchase-only,monthly,Mountain Division,323.38,55572.58,2.131,4.358,-1.887,01/09/17,2519.360107
purchase-only,monthly,Mountain Division,326.11,55572.58,2.131,4.358,-1.887,01/10/17,2575.26001
purchase-only,monthly,Mountain Division,330.72,55572.58,2.131,4.358,-1.887,01/11/17,2647.580078
purchase-only,monthly,Mountain Division,331.31,55572.58,2.131,4.358,-1.887,01/12/17,2673.610107
purchase-only,monthly,Mountain Division,335.32,56904.34,2.439,3.892,-2.142,01/01/18,2823.810059
purchase-only,monthly,Mountain Division,337.26,56904.34,2.439,3.892,-2.142,01/02/18,2713.830078
purchase-only,monthly,Mountain Division,340.24,56904.34,2.439,3.892,-2.142,01/03/18,2640.870117
purchase-only,monthly,Mountain Division,341.03,56904.34,2.439,3.892,-2.142,01/04/18,2648.050049
purchase-only,monthly,Mountain Division,343.44,56904.34,2.439,3.892,-2.142,01/05/18,2705.27002
purchase-only,monthly,Mountain Division,347.79,56904.34,2.439,3.892,-2.142,01/06/18,2718.370117
purchase-only,monthly,Mountain Division,347.45,56904.34,2.439,3.892,-2.142,01/07/18,2816.290039
purchase-only,monthly,Mountain Division,350.16,56904.34,2.439,3.892,-2.142,01/08/18,2901.52002
purchase-only,monthly,Mountain Division,352.28,56904.34,2.439,3.892,-2.142,01/09/18,2913.97998
purchase-only,monthly,Mountain Division,353.91,56904.34,2.439,3.892,-2.142,01/10/18,2711.73999
purchase-only,monthly,Mountain Division,356.82,56904.34,2.439,3.892,-2.142,01/11/18,2760.169922
purchase-only,monthly,Mountain Division,356.73,56904.34,2.439,3.892,-2.142,01/12/18,2506.850098
purchase-only,monthly,Mountain Division,361.55,57940.11,1.813,3.683,-2.066,01/01/19,2704.100098
purchase-only,monthly,Mountain Division,360.25,57940.11,1.813,3.683,-2.066,01/02/19,2784.48999
purchase-only,monthly,Mountain Division,361.61,57940.11,1.813,3.683,-2.066,01/03/19,2834.399902
purchase-only,monthly,Mountain Division,366.44,57940.11,1.813,3.683,-2.066,01/04/19,2945.830078
purchase-only,monthly,Mountain Division,367.19,57940.11,1.813,3.683,-2.066,01/05/19,2752.060059
purchase-only,monthly,Mountain Division,368.88,57940.11,1.813,3.683,-2.066,01/06/19,2941.76001
purchase-only,monthly,Mountain Division,371.81,57940.11,1.813,3.683,-2.066,01/07/19,2980.379883
purchase-only,monthly,Mountain Division,373.09,57940.11,1.813,3.683,-2.066,01/08/19,2926.459961
purchase-only,monthly,Mountain Division,376.64,57940.11,1.813,3.683,-2.066,01/09/19,2976.73999
purchase-only,monthly,Mountain Division,378.94,57940.11,1.813,3.683,-2.066,01/10/19,3037.560059
purchase-only,monthly,Mountain Division,381.15,57940.11,1.813,3.683,-2.066,01/11/19,3140.97998
purchase-only,monthly,Mountain Division,386.27,57940.11,1.813,3.683,-2.066,01/12/19,3230.780029
purchase-only,monthly,Mountain Division,389.78,55875.47,1.251,8.092,-2.835,01/01/20,3225.52002
purchase-only,monthly,Mountain Division,392.35,55875.47,1.251,8.092,-2.835,01/02/20,2954.219971
purchase-only,monthly,Mountain Division,394.19,55875.47,1.251,8.092,-2.835,01/03/20,2584.590088
purchase-only,monthly,Mountain Division,393.38,55875.47,1.251,8.092,-2.835,01/04/20,2912.429932
purchase-only,monthly,Mountain Division,391.67,55875.47,1.251,8.092,-2.835,01/05/20,3044.310059
purchase-only,monthly,Mountain Division,397.47,55875.47,1.251,8.092,-2.835,01/06/20,3100.290039
purchase-only,monthly,Mountain Division,403.39,55875.47,1.251,8.092,-2.835,01/07/20,3271.120117
purchase-only,monthly,Mountain Division,411.36,55875.47,1.251,8.092,-2.835,01/08/20,3500.310059
purchase-only,monthly,Mountain Division,419.9,55875.47,1.251,8.092,-2.835,01/09/20,3363.0
purchase-only,monthly,Mountain Division,426.56,55875.47,1.251,8.092,-2.835,01/10/20,3269.959961
purchase-only,monthly,Mountain Division,434.7,55875.47,1.251,8.092,-2.835,01/11/20,3621.629883
purchase-only,monthly,Mountain Division,441.44,55875.47,1.251,8.092,-2.835,01/12/20,3756.070068
purchase-only,monthly,Mountain Division,447.91,59009.85,4.683,5.367,-3.566,01/01/21,3714.23999
purchase-only,monthly,Mountain Division,454.04,59009.85,4.683,5.367,-3.566,01/02/21,3811.149902
purchase-only,monthly,Mountain Division,462.4,59009.85,4.683,5.367,-3.566,01/03/21,3972.889893
purchase-only,monthly,Mountain Division,472.25,59009.85,4.683,5.367,-3.566,01/04/21,4181.169922
purchase-only,monthly,Mountain Division,482.19,59009.85,4.683,5.367,-3.566,01/05/21,4204.109863
purchase-only,monthly,Mountain Division,495.98,59009.85,4.683,5.367,-3.566,01/06/21,4297.5
purchase-only,monthly,Mountain Division,505.0,59009.85,4.683,5.367,-3.566,01/07/21,4395.259766
purchase-only,monthly,Mountain Division,515.8,59009.85,4.683,5.367,-3.566,01/08/21,4522.680176
purchase-only,monthly,Mountain Division,520.01,59009.85,4.683,5.367,-3.566,01/09/21,4307.540039
purchase-only,monthly,Mountain Division,528.0,59009.85,4.683,5.367,-3.566,01/10/21,4605.379883
purchase-only,monthly,Mountain Division,536.39,59009.85,4.683,5.367,-3.566,01/11/21,4567.0
purchase-only,monthly,Mountain Division,545.42,59009.85,4.683,5.367,-3.566,01/12/21,4766.180176
purchase-only,monthly,Mountain Division,552.83,60007.14,7.986,3.642,-3.816,01/01/22,4515.549805
purchase-only,monthly,Mountain Division,563.5,60007.14,7.986,3.642,-3.816,01/02/22,4373.939941
purchase-only,monthly,Mountain Division,575.56,60007.14,7.986,3.642,-3.816,01/03/22,4530.410156
purchase-only,monthly,Mountain Division,581.78,60007.14,7.986,3.642,-3.816,01/04/22,4131.930176
purchase-only,monthly,Mountain Division,587.13,60007.14,7.986,3.642,-3.816,01/05/22,4132.149902
purchase-only,monthly,Mountain Division,582.9,60007.14,7.986,3.642,-3.816,01/06/22,3785.379883
purchase-only,monthly,Mountain Division,577.06,60007.14,7.986,3.642,-3.816,01/07/22,4130.290039
purchase-only,monthly,Mountain Division,568.23,60007.14,7.986,3.642,-3.816,01/08/22,3955.0
purchase-only,monthly,Mountain Division,568.13,60007.14,7.986,3.642,-3.816,01/09/22,3585.620117
purchase-only,monthly,Mountain Division,573.0,60007.14,7.986,3.642,-3.816,01/10/22,3871.97998
purchase-only,monthly,Mountain Division,566.41,60007.14,7.986,3.642,-3.816,01/11/22,4080.110107
purchase-only,monthly,Mountain Division,563.53,60007.14,7.986,3.642,-3.816,01/12/22,3839.5
purchase-only,monthly,Mountain Division,563.59,60963.65,4.084,3.569,-2.951,01/01/23,4076.600098
purchase-only,monthly,Mountain Division,570.43,60963.65,4.084,3.569,-2.951,01/02/23,3970.149902
purchase-only,monthly,Mountain Division,564.75,60963.65,4.084,3.569,-2.951,01/03/23,4109.310059
purchase-only,monthly,Mountain Division,568.28,60963.65,4.084,3.569,-2.951,01/04/23,4169.47998
purchase-only,monthly,Mountain Division,570.13,60963.65,4.084,3.569,-2.951,01/05/23,4179.830078
purchase-only,monthly,Mountain Division,575.54,60963.65,4.084,3.569,-2.951,01/06/23,4450.379883
purchase-only,monthly,Mountain Division,578.95,60963.65,4.084,3.569,-2.951,01/07/23,4588.959961
purchase-only,monthly,Mountain Division,583.9,60963.65,4.084,3.569,-2.951,01/08/23,4507.660156
purchase-only,monthly,Mountain Division,589.28,60963.65,4.084,3.569,-2.951,01/09/23,4288.049805
purchase-only,monthly,Mountain Division,588.47,60963.65,4.084,3.569,-2.951,01/10/23,4193.799805
purchase-only,monthly,Mountain Division,592.74,60963.65,4.084,3.569,-2.951,01/11/23,4567.799805
purchase-only,monthly,New England Division,100.0,36944.07,4.216,6.85,0.047,01/01/91,343.9299927
purchase-only,monthly,New England Division,102.26,36944.07,4.216,6.85,0.047,01/02/91,367.0700073
purchase-only,monthly,New England Division,101.22,36944.07,4.216,6.85,0.047,01/03/91,375.2200012
purchase-only,monthly,New England Division,100.91,36944.07,4.216,6.85,0.047,01/04/91,375.3399963
purchase-only,monthly,New England Division,99.58,36944.07,4.216,6.85,0.047,01/05/91,389.8299866
purchase-only,monthly,New England Division,98.5,36944.07,4.216,6.85,0.047,01/06/91,371.1600037
purchase-only,monthly,New England Division,98.58,36944.07,4.216,6.85,0.047,01/07/91,387.8099976
purchase-only,monthly,New England Division,97.76,36944.07,4.216,6.85,0.047,01/08/91,395.4299927
purchase-only,monthly,New England Division,98.92,36944.07,4.216,6.85,0.047,01/09/91,387.8599854
purchase-only,monthly,New England Division,98.55,36944.07,4.216,6.85,0.047,01/10/91,392.4500122
purchase-only,monthly,New England Division,97.06,36944.07,4.216,6.85,0.047,01/11/91,375.2200012
purchase-only,monthly,New England Division,98.53,36944.07,4.216,6.85,0.047,01/12/91,417.0899963
purchase-only,monthly,New England Division,99.76,37741.19,3.042,7.492,-0.792,01/01/92,408.7799988
purchase-only,monthly,New England Division,100.3,37741.19,3.042,7.492,-0.792,01/02/92,412.7000122
purchase-only,monthly,New England Division,99.39,37741.19,3.042,7.492,-0.792,01/03/92,403.6900024
purchase-only,monthly,New England Division,98.36,37741.19,3.042,7.492,-0.792,01/04/92,414.9500122
purchase-only,monthly,New England Division,97.23,37741.19,3.042,7.492,-0.792,01/05/92,415.3500061
purchase-only,monthly,New England Division,96.21,37741.19,3.042,7.492,-0.792,01/06/92,408.1400146
purchase-only,monthly,New England Division,96.55,37741.19,3.042,7.492,-0.792,01/07/92,424.2099915
purchase-only,monthly,New England Division,97.55,37741.19,3.042,7.492,-0.792,01/08/92,414.0299988
purchase-only,monthly,New England Division,97.33,37741.19,3.042,7.492,-0.792,01/09/92,417.7999878
purchase-only,monthly,New England Division,97.86,37741.19,3.042,7.492,-0.792,01/10/92,418.6799927
purchase-only,monthly,New England Division,98.34,37741.19,3.042,7.492,-0.792,01/11/92,431.3500061
purchase-only,monthly,New England Division,97.29,37741.19,3.042,7.492,-0.792,01/12/92,435.7099915
purchase-only,monthly,New England Division,96.51,38277.58,2.97,6.908,-1.237,01/01/93,438.7799988
purchase-only,monthly,New England Division,95.11,38277.58,2.97,6.908,-1.237,01/02/93,443.3800049
purchase-only,monthly,New England Division,95.47,38277.58,2.97,6.908,-1.237,01/03/93,451.6700134
purchase-only,monthly,New England Division,96.32,38277.58,2.97,6.908,-1.237,01/04/93,440.1900024
purchase-only,monthly,New England Division,96.02,38277.58,2.97,6.908,-1.237,01/05/93,450.1900024
purchase-only,monthly,New England Division,96.55,38277.58,2.97,6.908,-1.237,01/06/93,450.5299988
purchase-only,monthly,New England Division,96.45,38277.58,2.97,6.908,-1.237,01/07/93,448.1300049
purchase-only,monthly,New England Division,96.17,38277.58,2.97,6.908,-1.237,01/08/93,463.5599976
purchase-only,monthly,New England Division,95.91,38277.58,2.97,6.908,-1.237,01/09/93,458.9299927
purchase-only,monthly,New England Division,95.03,38277.58,2.97,6.908,-1.237,01/10/93,467.8299866
purchase-only,monthly,New England Division,96.16,38277.58,2.97,6.908,-1.237,01/11/93,461.7900085
purchase-only,monthly,New England Division,96.75,38277.58,2.97,6.908,-1.237,01/12/93,466.4500122
purchase-only,monthly,New England Division,95.97,39339.0,2.596,6.1,-1.669,01/01/94,481.6099854
purchase-only,monthly,New England Division,96.73,39339.0,2.596,6.1,-1.669,01/02/94,467.1400146
purchase-only,monthly,New England Division,97.68,39339.0,2.596,6.1,-1.669,01/03/94,445.769989
purchase-only,monthly,New England Division,96.61,39339.0,2.596,6.1,-1.669,01/04/94,450.9100037
purchase-only,monthly,New England Division,96.85,39339.0,2.596,6.1,-1.669,01/05/94,456.5
purchase-only,monthly,New England Division,97.49,39339.0,2.596,6.1,-1.669,01/06/94,444.269989
purchase-only,monthly,New England Division,97.1,39339.0,2.596,6.1,-1.669,01/07/94,458.2600098
purchase-only,monthly,New England Division,96.57,39339.0,2.596,6.1,-1.669,01/08/94,475.4899902
purchase-only,monthly,New England Division,96.69,39339.0,2.596,6.1,-1.669,01/09/94,462.7099915
purchase-only,monthly,New England Division,96.42,39339.0,2.596,6.1,-1.669,01/10/94,472.3500061
purchase-only,monthly,New England Division,96.34,39339.0,2.596,6.1,-1.669,01/11/94,453.6900024
purchase-only,monthly,New England Division,96.75,39339.0,2.596,6.1,-1.669,01/12/94,459.269989
purchase-only,monthly,New England Division,96.13,39919.87,2.805,5.592,-1.487,01/01/95,470.4200134
purchase-only,monthly,New England Division,96.78,39919.87,2.805,5.592,-1.487,01/02/95,487.3900146
purchase-only,monthly,New England Division,96.85,39919.87,2.805,5.592,-1.487,01/03/95,500.7099915
purchase-only,monthly,New England Division,96.93,39919.87,2.805,5.592,-1.487,01/04/95,514.710022
purchase-only,monthly,New England Division,97.3,39919.87,2.805,5.592,-1.487,01/05/95,533.4000244
purchase-only,monthly,New England Division,97.22,39919.87,2.805,5.592,-1.487,01/06/95,544.75
purchase-only,monthly,New England Division,97.83,39919.87,2.805,5.592,-1.487,01/07/95,562.0599976
purchase-only,monthly,New England Division,97.8,39919.87,2.805,5.592,-1.487,01/08/95,561.8800049
purchase-only,monthly,New England Division,97.38,39919.87,2.805,5.592,-1.487,01/09/95,584.4099731
purchase-only,monthly,New England Division,97.8,39919.87,2.805,5.592,-1.487,01/10/95,581.5
purchase-only,monthly,New England Division,97.6,39919.87,2.805,5.592,-1.487,01/11/95,605.3699951
purchase-only,monthly,New England Division,97.84,39919.87,2.805,5.592,-1.487,01/12/95,615.9299927
purchase-only,monthly,New England Division,100.0,40946.0,2.937,5.408,-1.546,01/01/96,636.0200195
purchase-only,monthly,New England Division,99.58,40946.0,2.937,5.408,-1.546,01/02/96,640.4299927
purchase-only,monthly,New England Division,99.18,40946.0,2.937,5.408,-1.546,01/03/96,645.5
purchase-only,monthly,New England Division,99.19,40946.0,2.937,5.408,-1.546,01/04/96,654.1699829
purchase-only,monthly,New England Division,99.85,40946.0,2.937,5.408,-1.546,01/05/96,669.1199951
purchase-only,monthly,New England Division,99.9,40946.0,2.937,5.408,-1.546,01/06/96,670.6300049
purchase-only,monthly,New England Division,99.83,40946.0,2.937,5.408,-1.546,01/07/96,639.9500122
purchase-only,monthly,New England Division,100.12,40946.0,2.937,5.408,-1.546,01/08/96,651.9899902
purchase-only,monthly,New England Division,100.53,40946.0,2.937,5.408,-1.546,01/09/96,687.3300171
purchase-only,monthly,New England Division,100.21,40946.0,2.937,5.408,-1.546,01/10/96,705.2700195
purchase-only,monthly,New England Division,99.98,40946.0,2.937,5.408,-1.546,01/11/96,757.0200195
purchase-only,monthly,New England Division,100.94,40946.0,2.937,5.408,-1.546,01/12/96,740.7399902
purchase-only,monthly,New England Division,101.24,42258.86,2.338,4.942,-1.641,01/01/97,786.1599731
purchase-only,monthly,New England Division,100.7,42258.86,2.338,4.942,-1.641,01/02/97,790.8200073
purchase-only,monthly,New England Division,101.3,42258.86,2.338,4.942,-1.641,01/03/97,757.1199951
purchase-only,monthly,New England Division,102.35,42258.86,2.338,4.942,-1.641,01/04/97,801.3400269
purchase-only,monthly,New England Division,102.24,42258.86,2.338,4.942,-1.641,01/05/97,848.2800293
purchase-only,monthly,New England Division,102.46,42258.86,2.338,4.942,-1.641,01/06/97,885.1400146
purchase-only,monthly,New England Division,102.7,42258.86,2.338,4.942,-1.641,01/07/97,954.3099976
purchase-only,monthly,New England Division,103.32,42258.86,2.338,4.942,-1.641,01/08/97,899.4699707
purchase-only,monthly,New England Division,102.95,42258.86,2.338,4.942,-1.641,01/09/97,947.2800293
purchase-only,monthly,New England Division,104.4,42258.86,2.338,4.942,-1.641,01/10/97,914.6199951
purchase-only,monthly,New England Division,104.7,42258.86,2.338,4.942,-1.641,01/11/97,955.4000244
purchase-only,monthly,New England Division,105.38,42258.86,2.338,4.942,-1.641,01/12/97,970.4299927
purchase-only,monthly,New England Division,104.13,43640.76,1.547,4.5,-2.373,01/01/98,980.2800293
purchase-only,monthly,New England Division,107.33,43640.76,1.547,4.5,-2.373,01/02/98,1049.339966
purchase-only,monthly,New England Division,107.07,43640.76,1.547,4.5,-2.373,01/03/98,1101.75
purchase-only,monthly,New England Division,107.88,43640.76,1.547,4.5,-2.373,01/04/98,1111.75
purchase-only,monthly,New England Division,108.54,43640.76,1.547,4.5,-2.373,01/05/98,1090.819946
purchase-only,monthly,New England Division,109.39,43640.76,1.547,4.5,-2.373,01/06/98,1133.839966
purchase-only,monthly,New England Division,109.86,43640.76,1.547,4.5,-2.373,01/07/98,1120.670044
purchase-only,monthly,New England Division,110.67,43640.76,1.547,4.5,-2.373,01/08/98,957.2800293
purchase-only,monthly,New England Division,111.73,43640.76,1.547,4.5,-2.373,01/09/98,1017.01001
purchase-only,monthly,New England Division,111.78,43640.76,1.547,4.5,-2.373,01/10/98,1098.670044
purchase-only,monthly,New England Division,113.77,43640.76,1.547,4.5,-2.373,01/11/98,1163.630005
purchase-only,monthly,New England Division,114.07,43640.76,1.547,4.5,-2.373,01/12/98,1229.22998
purchase-only,monthly,New England Division,114.65,45213.48,2.193,4.217,-2.976,01/01/99,1279.640015
purchase-only,monthly,New England Division,115.86,45213.48,2.193,4.217,-2.976,01/02/99,1238.329956
purchase-only,monthly,New England Division,116.46,45213.48,2.193,4.217,-2.976,01/03/99,1286.369995
purchase-only,monthly,New England Division,117.53,45213.48,2.193,4.217,-2.976,01/04/99,1335.180054
purchase-only,monthly,New England Division,118.59,45213.48,2.193,4.217,-2.976,01/05/99,1301.839966
purchase-only,monthly,New England Division,119.45,45213.48,2.193,4.217,-2.976,01/06/99,1372.709961
purchase-only,monthly,New England Division,120.67,45213.48,2.193,4.217,-2.976,01/07/99,1328.719971
purchase-only,monthly,New England Division,121.74,45213.48,2.193,4.217,-2.976,01/08/99,1320.410034
purchase-only,monthly,New England Division,122.77,45213.48,2.193,4.217,-2.976,01/09/99,1282.709961
purchase-only,monthly,New England Division,123.39,45213.48,2.193,4.217,-2.976,01/10/99,1362.930054
purchase-only,monthly,New England Division,124.02,45213.48,2.193,4.217,-2.976,01/11/99,1388.910034
purchase-only,monthly,New England Division,126.01,45213.48,2.193,4.217,-2.976,01/12/99,1469.25
purchase-only,monthly,New England Division,127.37,46539.99,3.367,3.967,-3.921,01/01/00,1394.459961
purchase-only,monthly,New England Division,127.43,46539.99,3.367,3.967,-3.921,01/02/00,1366.420044
purchase-only,monthly,New England Division,129.34,46539.99,3.367,3.967,-3.921,01/03/00,1498.579956
purchase-only,monthly,New England Division,130.56,46539.99,3.367,3.967,-3.921,01/04/00,1452.430054
purchase-only,monthly,New England Division,132.2,46539.99,3.367,3.967,-3.921,01/05/00,1420.599976
purchase-only,monthly,New England Division,134.09,46539.99,3.367,3.967,-3.921,01/06/00,1454.599976
purchase-only,monthly,New England Division,134.71,46539.99,3.367,3.967,-3.921,01/07/00,1430.829956
purchase-only,monthly,New England Division,135.7,46539.99,3.367,3.967,-3.921,01/08/00,1517.680054
purchase-only,monthly,New England Division,137.25,46539.99,3.367,3.967,-3.921,01/09/00,1436.51001
purchase-only,monthly,New England Division,139.09,46539.99,3.367,3.967,-3.921,01/10/00,1429.400024
purchase-only,monthly,New England Division,139.67,46539.99,3.367,3.967,-3.921,01/11/00,1314.949951
purchase-only,monthly,New England Division,141.49,46539.99,3.367,3.967,-3.921,01/12/00,1320.280029
purchase-only,monthly,New England Division,142.92,46503.1,2.817,4.742,-3.724,01/01/01,1366.01001
purchase-only,monthly,New England Division,144.88,46503.1,2.817,4.742,-3.724,01/02/01,1239.939941
purchase-only,monthly,New England Division,146.05,46503.1,2.817,4.742,-3.724,01/03/01,1160.329956
purchase-only,monthly,New England Division,147.19,46503.1,2.817,4.742,-3.724,01/04/01,1249.459961
purchase-only,monthly,New England Division,149.34,46503.1,2.817,4.742,-3.724,01/05/01,1255.819946
purchase-only,monthly,New England Division,150.29,46503.1,2.817,4.742,-3.724,01/06/01,1224.380005
purchase-only,monthly,New England Division,151.76,46503.1,2.817,4.742,-3.724,01/07/01,1211.22998
purchase-only,monthly,New England Division,153.96,46503.1,2.817,4.742,-3.724,01/08/01,1133.579956
purchase-only,monthly,New England Division,154.61,46503.1,2.817,4.742,-3.724,01/09/01,1040.939941
purchase-only,monthly,New England Division,155.66,46503.1,2.817,4.742,-3.724,01/10/01,1059.780029
purchase-only,monthly,New England Division,156.68,46503.1,2.817,4.742,-3.724,01/11/01,1139.449951
purchase-only,monthly,New England Division,158.82,46503.1,2.817,4.742,-3.724,01/12/01,1148.079956
purchase-only,monthly,New England Division,160.3,46831.46,1.596,5.783,-4.173,01/01/02,1130.199951
purchase-only,monthly,New England Division,162.34,46831.46,1.596,5.783,-4.173,01/02/02,1106.72998
purchase-only,monthly,New England Division,162.52,46831.46,1.596,5.783,-4.173,01/03/02,1147.390015
purchase-only,monthly,New England Division,165.49,46831.46,1.596,5.783,-4.173,01/04/02,1076.920044
purchase-only,monthly,New England Division,167.04,46831.46,1.596,5.783,-4.173,01/05/02,1067.140015
purchase-only,monthly,New England Division,169.42,46831.46,1.596,5.783,-4.173,01/06/02,989.8200073
purchase-only,monthly,New England Division,172.18,46831.46,1.596,5.783,-4.173,01/07/02,911.6199951
purchase-only,monthly,New England Division,173.2,46831.46,1.596,5.783,-4.173,01/08/02,916.0700073
purchase-only,monthly,New England Division,174.58,46831.46,1.596,5.783,-4.173,01/09/02,815.2800293
purchase-only,monthly,New England Division,176.56,46831.46,1.596,5.783,-4.173,01/10/02,885.7600098
purchase-only,monthly,New England Division,178.62,46831.46,1.596,5.783,-4.173,01/11/02,936.3099976
purchase-only,monthly,New England Division,179.57,46831.46,1.596,5.783,-4.173,01/12/02,879.8200073
purchase-only,monthly,New England Division,181.37,47691.56,2.298,5.992,-4.559,01/01/03,855.7000122
purchase-only,monthly,New England Division,182.26,47691.56,2.298,5.992,-4.559,01/02/03,841.1500244
purchase-only,monthly,New England Division,182.88,47691.56,2.298,5.992,-4.559,01/03/03,848.1799927
purchase-only,monthly,New England Division,185.45,47691.56,2.298,5.992,-4.559,01/04/03,916.9199829
purchase-only,monthly,New England Division,185.8,47691.56,2.298,5.992,-4.559,01/05/03,963.5900269
purchase-only,monthly,New England Division,187.68,47691.56,2.298,5.992,-4.559,01/06/03,974.5
purchase-only,monthly,New England Division,188.13,47691.56,2.298,5.992,-4.559,01/07/03,990.3099976
purchase-only,monthly,New England Division,190.55,47691.56,2.298,5.992,-4.559,01/08/03,1008.01001
purchase-only,monthly,New England Division,193.61,47691.56,2.298,5.992,-4.559,01/09/03,995.9699707
purchase-only,monthly,New England Division,195.05,47691.56,2.298,5.992,-4.559,01/10/03,1050.709961
purchase-only,monthly,New England Division,197.52,47691.56,2.298,5.992,-4.559,01/11/03,1058.199951
purchase-only,monthly,New England Division,199.73,47691.56,2.298,5.992,-4.559,01/12/03,1111.920044
purchase-only,monthly,New England Division,200.59,49080.56,2.668,5.542,-5.205,01/01/04,1131.130005
purchase-only,monthly,New England Division,201.91,49080.56,2.668,5.542,-5.205,01/02/04,1144.939941
purchase-only,monthly,New England Division,203.04,49080.56,2.668,5.542,-5.205,01/03/04,1126.209961
purchase-only,monthly,New England Division,205.35,49080.56,2.668,5.542,-5.205,01/04/04,1107.300049
purchase-only,monthly,New England Division,206.98,49080.56,2.668,5.542,-5.205,01/05/04,1120.680054
purchase-only,monthly,New England Division,210.08,49080.56,2.668,5.542,-5.205,01/06/04,1140.839966
purchase-only,monthly,New England Division,211.93,49080.56,2.668,5.542,-5.205,01/07/04,1101.719971
purchase-only,monthly,New England Division,213.37,49080.56,2.668,5.542,-5.205,01/08/04,1104.23999
purchase-only,monthly,New England Division,215.57,49080.56,2.668,5.542,-5.205,01/09/04,1114.579956
purchase-only,monthly,New England Division,216.97,49080.56,2.668,5.542,-5.205,01/10/04,1130.199951
purchase-only,monthly,New England Division,217.18,49080.56,2.668,5.542,-5.205,01/11/04,1173.819946
purchase-only,monthly,New England Division,219.65,49080.56,2.668,5.542,-5.205,01/12/04,1211.920044
purchase-only,monthly,New England Division,221.44,50322.52,3.366,5.083,-5.746,01/01/05,1181.27002
purchase-only,monthly,New England Division,224.03,50322.52,3.366,5.083,-5.746,01/02/05,1203.599976
purchase-only,monthly,New England Division,224.47,50322.52,3.366,5.083,-5.746,01/03/05,1180.589966
purchase-only,monthly,New England Division,225.86,50322.52,3.366,5.083,-5.746,01/04/05,1156.849976
purchase-only,monthly,New England Division,228.22,50322.52,3.366,5.083,-5.746,01/05/05,1191.5
purchase-only,monthly,New England Division,227.58,50322.52,3.366,5.083,-5.746,01/06/05,1191.329956
purchase-only,monthly,New England Division,229.67,50322.52,3.366,5.083,-5.746,01/07/05,1234.180054
purchase-only,monthly,New England Division,230.42,50322.52,3.366,5.083,-5.746,01/08/05,1220.329956
purchase-only,monthly,New England Division,231.95,50322.52,3.366,5.083,-5.746,01/09/05,1228.810059
purchase-only,monthly,New England Division,231.87,50322.52,3.366,5.083,-5.746,01/10/05,1207.01001
purchase-only,monthly,New England Division,232.92,50322.52,3.366,5.083,-5.746,01/11/05,1249.47998
purchase-only,monthly,New England Division,230.77,50322.52,3.366,5.083,-5.746,01/12/05,1248.290039
purchase-only,monthly,New England Division,231.9,51235.84,3.222,4.608,-5.911,01/01/06,1280.079956
purchase-only,monthly,New England Division,232.66,51235.84,3.222,4.608,-5.911,01/02/06,1280.660034
purchase-only,monthly,New England Division,232.03,51235.84,3.222,4.608,-5.911,01/03/06,1294.869995
purchase-only,monthly,New England Division,231.2,51235.84,3.222,4.608,-5.911,01/04/06,1310.609985
purchase-only,monthly,New England Division,231.38,51235.84,3.222,4.608,-5.911,01/05/06,1270.089966
purchase-only,monthly,New England Division,230.78,51235.84,3.222,4.608,-5.911,01/06/06,1270.199951
purchase-only,monthly,New England Division,229.78,51235.84,3.222,4.608,-5.911,01/07/06,1276.660034
purchase-only,monthly,New England Division,229.08,51235.84,3.222,4.608,-5.911,01/08/06,1303.819946
purchase-only,monthly,New England Division,227.76,51235.84,3.222,4.608,-5.911,01/09/06,1335.849976
purchase-only,monthly,New England Division,227.28,51235.84,3.222,4.608,-5.911,01/10/06,1377.939941
purchase-only,monthly,New England Division,227.91,51235.84,3.222,4.608,-5.911,01/11/06,1400.630005
purchase-only,monthly,New England Division,226.67,51235.84,3.222,4.608,-5.911,01/12/06,1418.300049
purchase-only,monthly,New England Division,227.72,51751.28,2.871,4.617,-5.089,01/01/07,1438.23999
purchase-only,monthly,New England Division,226.55,51751.28,2.871,4.617,-5.089,01/02/07,1406.819946
purchase-only,monthly,New England Division,227.78,51751.28,2.871,4.617,-5.089,01/03/07,1420.859985
purchase-only,monthly,New England Division,227.52,51751.28,2.871,4.617,-5.089,01/04/07,1482.369995
purchase-only,monthly,New England Division,227.78,51751.28,2.871,4.617,-5.089,01/05/07,1530.619995
purchase-only,monthly,New England Division,225.36,51751.28,2.871,4.617,-5.089,01/06/07,1503.349976
purchase-only,monthly,New England Division,224.76,51751.28,2.871,4.617,-5.089,01/07/07,1455.27002
purchase-only,monthly,New England Division,225.17,51751.28,2.871,4.617,-5.089,01/08/07,1473.98999
purchase-only,monthly,New England Division,223.12,51751.28,2.871,4.617,-5.089,01/09/07,1526.75
purchase-only,monthly,New England Division,222.28,51751.28,2.871,4.617,-5.089,01/10/07,1549.380005
purchase-only,monthly,New England Division,221.12,51751.28,2.871,4.617,-5.089,01/11/07,1481.140015
purchase-only,monthly,New England Division,221.03,51751.28,2.871,4.617,-5.089,01/12/07,1468.359985
purchase-only,monthly,New England Division,219.62,51335.91,3.815,5.8,-4.716,01/01/08,1378.550049
purchase-only,monthly,New England Division,220.95,51335.91,3.815,5.8,-4.716,01/02/08,1330.630005
purchase-only,monthly,New England Division,217.36,51335.91,3.815,5.8,-4.716,01/03/08,1322.699951
purchase-only,monthly,New England Division,215.79,51335.91,3.815,5.8,-4.716,01/04/08,1385.589966
purchase-only,monthly,New England Division,213.17,51335.91,3.815,5.8,-4.716,01/05/08,1400.380005
purchase-only,monthly,New England Division,212.82,51335.91,3.815,5.8,-4.716,01/06/08,1280.0
purchase-only,monthly,New England Division,211.47,51335.91,3.815,5.8,-4.716,01/07/08,1267.380005
purchase-only,monthly,New England Division,209.94,51335.91,3.815,5.8,-4.716,01/08/08,1282.829956
purchase-only,monthly,New England Division,208.39,51335.91,3.815,5.8,-4.716,01/09/08,1166.359985
purchase-only,monthly,New England Division,208.86,51335.91,3.815,5.8,-4.716,01/10/08,968.75
purchase-only,monthly,New England Division,205.78,51335.91,3.815,5.8,-4.716,01/11/08,896.2399902
purchase-only,monthly,New England Division,205.39,51335.91,3.815,5.8,-4.716,01/12/08,903.25
purchase-only,monthly,New England Division,207.63,49569.21,-0.32,9.283,-2.623,01/01/09,825.8800049
purchase-only,monthly,New England Division,212.04,49569.21,-0.32,9.283,-2.623,01/02/09,735.0900269
purchase-only,monthly,New England Division,207.34,49569.21,-0.32,9.283,-2.623,01/03/09,797.8699951
purchase-only,monthly,New England Division,207.45,49569.21,-0.32,9.283,-2.623,01/04/09,872.8099976
purchase-only,monthly,New England Division,204.09,49569.21,-0.32,9.283,-2.623,01/05/09,919.1400146
purchase-only,monthly,New England Division,204.21,49569.21,-0.32,9.283,-2.623,01/06/09,919.3200073
purchase-only,monthly,New England Division,204.4,49569.21,-0.32,9.283,-2.623,01/07/09,987.4799805
purchase-only,monthly,New England Division,203.01,49569.21,-0.32,9.283,-2.623,01/08/09,1020.619995
purchase-only,monthly,New England Division,203.38,49569.21,-0.32,9.283,-2.623,01/09/09,1057.079956
purchase-only,monthly,New England Division,203.5,49569.21,-0.32,9.283,-2.623,01/10/09,1036.189941
purchase-only,monthly,New England Division,203.24,49569.21,-0.32,9.283,-2.623,01/11/09,1095.630005
purchase-only,monthly,New England Division,203.5,49569.21,-0.32,9.283,-2.623,01/12/09,1115.099976
purchase-only,monthly,New England Division,202.0,50523.5,1.637,9.608,-2.871,01/01/10,1073.869995
purchase-only,monthly,New England Division,201.35,50523.5,1.637,9.608,-2.871,01/02/10,1104.48999
purchase-only,monthly,New England Division,201.62,50523.5,1.637,9.608,-2.871,01/03/10,1169.430054
purchase-only,monthly,New England Division,199.65,50523.5,1.637,9.608,-2.871,01/04/10,1186.689941
purchase-only,monthly,New England Division,201.33,50523.5,1.637,9.608,-2.871,01/05/10,1089.410034
purchase-only,monthly,New England Division,200.54,50523.5,1.637,9.608,-2.871,01/06/10,1030.709961
purchase-only,monthly,New England Division,200.05,50523.5,1.637,9.608,-2.871,01/07/10,1101.599976
purchase-only,monthly,New England Division,200.85,50523.5,1.637,9.608,-2.871,01/08/10,1049.329956
purchase-only,monthly,New England Division,199.19,50523.5,1.637,9.608,-2.871,01/09/10,1141.199951
purchase-only,monthly,New England Division,199.69,50523.5,1.637,9.608,-2.871,01/10/10,1183.26001
purchase-only,monthly,New England Division,198.91,50523.5,1.637,9.608,-2.871,01/11/10,1180.550049
purchase-only,monthly,New England Division,197.89,50523.5,1.637,9.608,-2.871,01/12/10,1257.640015
purchase-only,monthly,New England Division,199.73,50943.53,3.14,8.933,-2.919,01/01/11,1286.119995
purchase-only,monthly,New England Division,195.43,50943.53,3.14,8.933,-2.919,01/02/11,1327.219971
purchase-only,monthly,New England Division,192.67,50943.53,3.14,8.933,-2.919,01/03/11,1325.829956
purchase-only,monthly,New England Division,195.91,50943.53,3.14,8.933,-2.919,01/04/11,1363.609985
purchase-only,monthly,New England Division,194.28,50943.53,3.14,8.933,-2.919,01/05/11,1345.199951
purchase-only,monthly,New England Division,194.86,50943.53,3.14,8.933,-2.919,01/06/11,1320.640015
purchase-only,monthly,New England Division,193.54,50943.53,3.14,8.933,-2.919,01/07/11,1292.280029
purchase-only,monthly,New England Division,193.17,50943.53,3.14,8.933,-2.919,01/08/11,1218.890015
purchase-only,monthly,New England Division,194.69,50943.53,3.14,8.933,-2.919,01/09/11,1131.420044
purchase-only,monthly,New England Division,194.0,50943.53,3.14,8.933,-2.919,01/10/11,1253.300049
purchase-only,monthly,New England Division,194.05,50943.53,3.14,8.933,-2.919,01/11/11,1246.959961
purchase-only,monthly,New England Division,194.86,50943.53,3.14,8.933,-2.919,01/12/11,1257.599976
purchase-only,monthly,New England Division,192.81,51736.82,2.073,8.075,-2.573,01/01/12,1312.410034
purchase-only,monthly,New England Division,193.56,51736.82,2.073,8.075,-2.573,01/02/12,1365.680054
purchase-only,monthly,New England Division,192.98,51736.82,2.073,8.075,-2.573,01/03/12,1408.469971
purchase-only,monthly,New England Division,191.83,51736.82,2.073,8.075,-2.573,01/04/12,1397.910034
purchase-only,monthly,New England Division,192.94,51736.82,2.073,8.075,-2.573,01/05/12,1310.329956
purchase-only,monthly,New England Division,193.21,51736.82,2.073,8.075,-2.573,01/06/12,1362.160034
purchase-only,monthly,New England Division,193.11,51736.82,2.073,8.075,-2.573,01/07/12,1379.319946
purchase-only,monthly,New England Division,194.33,51736.82,2.073,8.075,-2.573,01/08/12,1406.579956
purchase-only,monthly,New England Division,194.59,51736.82,2.073,8.075,-2.573,01/09/12,1440.670044
purchase-only,monthly,New England Division,194.07,51736.82,2.073,8.075,-2.573,01/10/12,1412.160034
purchase-only,monthly,New England Division,196.1,51736.82,2.073,8.075,-2.573,01/11/12,1416.180054
purchase-only,monthly,New England Division,196.86,51736.82,2.073,8.075,-2.573,01/12/12,1426.189941
purchase-only,monthly,New England Division,196.57,52329.15,1.466,7.358,-2.016,01/01/13,1498.109985
purchase-only,monthly,New England Division,197.38,52329.15,1.466,7.358,-2.016,01/02/13,1514.680054
purchase-only,monthly,New England Division,199.71,52329.15,1.466,7.358,-2.016,01/03/13,1569.189941
purchase-only,monthly,New England Division,198.38,52329.15,1.466,7.358,-2.016,01/04/13,1597.569946
purchase-only,monthly,New England Division,199.89,52329.15,1.466,7.358,-2.016,01/05/13,1630.73999
purchase-only,monthly,New England Division,200.17,52329.15,1.466,7.358,-2.016,01/06/13,1606.280029
purchase-only,monthly,New England Division,201.61,52329.15,1.466,7.358,-2.016,01/07/13,1685.72998
purchase-only,monthly,New England Division,202.15,52329.15,1.466,7.358,-2.016,01/08/13,1632.969971
purchase-only,monthly,New England Division,201.25,52329.15,1.466,7.358,-2.016,01/09/13,1681.550049
purchase-only,monthly,New England Division,201.55,52329.15,1.466,7.358,-2.016,01/10/13,1756.540039
purchase-only,monthly,New England Division,201.39,52329.15,1.466,7.358,-2.016,01/11/13,1805.810059
purchase-only,monthly,New England Division,201.04,52329.15,1.466,7.358,-2.016,01/12/13,1848.359985
purchase-only,monthly,New England Division,203.04,53141.85,1.615,6.158,-2.109,01/01/14,1782.589966
purchase-only,monthly,New England Division,201.21,53141.85,1.615,6.158,-2.109,01/02/14,1859.449951
purchase-only,monthly,New England Division,205.33,53141.85,1.615,6.158,-2.109,01/03/14,1872.339966
purchase-only,monthly,New England Division,203.05,53141.85,1.615,6.158,-2.109,01/04/14,1883.949951
purchase-only,monthly,New England Division,205.52,53141.85,1.615,6.158,-2.109,01/05/14,1923.569946
purchase-only,monthly,New England Division,205.64,53141.85,1.615,6.158,-2.109,01/06/14,1960.22998
purchase-only,monthly,New England Division,206.21,53141.85,1.615,6.158,-2.109,01/07/14,1930.670044
purchase-only,monthly,New England Division,206.72,53141.85,1.615,6.158,-2.109,01/08/14,2003.369995
purchase-only,monthly,New England Division,206.57,53141.85,1.615,6.158,-2.109,01/09/14,1972.290039
purchase-only,monthly,New England Division,206.54,53141.85,1.615,6.158,-2.109,01/10/14,2018.050049
purchase-only,monthly,New England Division,207.06,53141.85,1.615,6.158,-2.109,01/11/14,2067.560059
purchase-only,monthly,New England Division,206.52,53141.85,1.615,6.158,-2.109,01/12/14,2058.899902
purchase-only,monthly,New England Division,206.82,54187.9,0.121,5.275,-2.244,01/01/15,1994.98999
purchase-only,monthly,New England Division,209.5,54187.9,0.121,5.275,-2.244,01/02/15,2104.5
purchase-only,monthly,New England Division,210.06,54187.9,0.121,5.275,-2.244,01/03/15,2067.889893
purchase-only,monthly,New England Division,210.23,54187.9,0.121,5.275,-2.244,01/04/15,2085.51001
purchase-only,monthly,New England Division,211.01,54187.9,0.121,5.275,-2.244,01/05/15,2107.389893
purchase-only,monthly,New England Division,213.24,54187.9,0.121,5.275,-2.244,01/06/15,2063.110107
purchase-only,monthly,New England Division,212.76,54187.9,0.121,5.275,-2.244,01/07/15,2103.840088
purchase-only,monthly,New England Division,212.89,54187.9,0.121,5.275,-2.244,01/08/15,1972.180054
purchase-only,monthly,New England Division,212.86,54187.9,0.121,5.275,-2.244,01/09/15,1920.030029
purchase-only,monthly,New England Division,213.61,54187.9,0.121,5.275,-2.244,01/10/15,2079.360107
purchase-only,monthly,New England Division,213.4,54187.9,0.121,5.275,-2.244,01/11/15,2080.409912
purchase-only,monthly,New England Division,215.68,54187.9,0.121,5.275,-2.244,01/12/15,2043.939941
purchase-only,monthly,New England Division,217.48,54700.34,1.267,4.875,-2.119,01/01/16,1940.23999
purchase-only,monthly,New England Division,213.65,54700.34,1.267,4.875,-2.119,01/02/16,1932.22998
purchase-only,monthly,New England Division,215.92,54700.34,1.267,4.875,-2.119,01/03/16,2059.73999
purchase-only,monthly,New England Division,218.47,54700.34,1.267,4.875,-2.119,01/04/16,2065.300049
purchase-only,monthly,New England Division,218.04,54700.34,1.267,4.875,-2.119,01/05/16,2096.949951
purchase-only,monthly,New England Division,218.92,54700.34,1.267,4.875,-2.119,01/06/16,2098.860107
purchase-only,monthly,New England Division,219.6,54700.34,1.267,4.875,-2.119,01/07/16,2173.600098
purchase-only,monthly,New England Division,220.65,54700.34,1.267,4.875,-2.119,01/08/16,2170.949951
purchase-only,monthly,New England Division,223.1,54700.34,1.267,4.875,-2.119,01/09/16,2168.27002
purchase-only,monthly,New England Division,223.1,54700.34,1.267,4.875,-2.119,01/10/16,2126.149902
purchase-only,monthly,New England Division,225.1,54700.34,1.267,4.875,-2.119,01/11/16,2198.810059
purchase-only,monthly,New England Division,225.13,54700.34,1.267,4.875,-2.119,01/12/16,2238.830078
purchase-only,monthly,New England Division,226.45,55572.58,2.131,4.358,-1.887,01/01/17,2278.870117
purchase-only,monthly,New England Division,225.26,55572.58,2.131,4.358,-1.887,01/02/17,2363.639893
purchase-only,monthly,New England Division,228.76,55572.58,2.131,4.358,-1.887,01/03/17,2362.719971
purchase-only,monthly,New England Division,229.92,55572.58,2.131,4.358,-1.887,01/04/17,2384.199951
purchase-only,monthly,New England Division,229.68,55572.58,2.131,4.358,-1.887,01/05/17,2411.800049
purchase-only,monthly,New England Division,231.38,55572.58,2.131,4.358,-1.887,01/06/17,2423.409912
purchase-only,monthly,New England Division,232.66,55572.58,2.131,4.358,-1.887,01/07/17,2470.300049
purchase-only,monthly,New England Division,233.34,55572.58,2.131,4.358,-1.887,01/08/17,2471.649902
purchase-only,monthly,New England Division,234.56,55572.58,2.131,4.358,-1.887,01/09/17,2519.360107
purchase-only,monthly,New England Division,235.39,55572.58,2.131,4.358,-1.887,01/10/17,2575.26001
purchase-only,monthly,New England Division,236.33,55572.58,2.131,4.358,-1.887,01/11/17,2647.580078
purchase-only,monthly,New England Division,237.07,55572.58,2.131,4.358,-1.887,01/12/17,2673.610107
purchase-only,monthly,New England Division,237.84,56904.34,2.439,3.892,-2.142,01/01/18,2823.810059
purchase-only,monthly,New England Division,240.46,56904.34,2.439,3.892,-2.142,01/02/18,2713.830078
purchase-only,monthly,New England Division,239.43,56904.34,2.439,3.892,-2.142,01/03/18,2640.870117
purchase-only,monthly,New England Division,240.15,56904.34,2.439,3.892,-2.142,01/04/18,2648.050049
purchase-only,monthly,New England Division,242.43,56904.34,2.439,3.892,-2.142,01/05/18,2705.27002
purchase-only,monthly,New England Division,243.45,56904.34,2.439,3.892,-2.142,01/06/18,2718.370117
purchase-only,monthly,New England Division,243.72,56904.34,2.439,3.892,-2.142,01/07/18,2816.290039
purchase-only,monthly,New England Division,245.12,56904.34,2.439,3.892,-2.142,01/08/18,2901.52002
purchase-only,monthly,New England Division,245.58,56904.34,2.439,3.892,-2.142,01/09/18,2913.97998
purchase-only,monthly,New England Division,247.66,56904.34,2.439,3.892,-2.142,01/10/18,2711.73999
purchase-only,monthly,New England Division,247.07,56904.34,2.439,3.892,-2.142,01/11/18,2760.169922
purchase-only,monthly,New England Division,248.51,56904.34,2.439,3.892,-2.142,01/12/18,2506.850098
purchase-only,monthly,New England Division,248.75,57940.11,1.813,3.683,-2.066,01/01/19,2704.100098
purchase-only,monthly,New England Division,251.54,57940.11,1.813,3.683,-2.066,01/02/19,2784.48999
purchase-only,monthly,New England Division,250.68,57940.11,1.813,3.683,-2.066,01/03/19,2834.399902
purchase-only,monthly,New England Division,251.94,57940.11,1.813,3.683,-2.066,01/04/19,2945.830078
purchase-only,monthly,New England Division,252.91,57940.11,1.813,3.683,-2.066,01/05/19,2752.060059
purchase-only,monthly,New England Division,253.7,57940.11,1.813,3.683,-2.066,01/06/19,2941.76001
purchase-only,monthly,New England Division,254.79,57940.11,1.813,3.683,-2.066,01/07/19,2980.379883
purchase-only,monthly,New England Division,256.67,57940.11,1.813,3.683,-2.066,01/08/19,2926.459961
purchase-only,monthly,New England Division,256.51,57940.11,1.813,3.683,-2.066,01/09/19,2976.73999
purchase-only,monthly,New England Division,258.05,57940.11,1.813,3.683,-2.066,01/10/19,3037.560059
purchase-only,monthly,New England Division,260.38,57940.11,1.813,3.683,-2.066,01/11/19,3140.97998
purchase-only,monthly,New England Division,262.06,57940.11,1.813,3.683,-2.066,01/12/19,3230.780029
purchase-only,monthly,New England Division,263.98,55875.47,1.251,8.092,-2.835,01/01/20,3225.52002
purchase-only,monthly,New England Division,265.62,55875.47,1.251,8.092,-2.835,01/02/20,2954.219971
purchase-only,monthly,New England Division,265.88,55875.47,1.251,8.092,-2.835,01/03/20,2584.590088
purchase-only,monthly,New England Division,266.05,55875.47,1.251,8.092,-2.835,01/04/20,2912.429932
purchase-only,monthly,New England Division,263.54,55875.47,1.251,8.092,-2.835,01/05/20,3044.310059
purchase-only,monthly,New England Division,266.46,55875.47,1.251,8.092,-2.835,01/06/20,3100.290039
purchase-only,monthly,New England Division,272.68,55875.47,1.251,8.092,-2.835,01/07/20,3271.120117
purchase-only,monthly,New England Division,278.2,55875.47,1.251,8.092,-2.835,01/08/20,3500.310059
purchase-only,monthly,New England Division,283.87,55875.47,1.251,8.092,-2.835,01/09/20,3363.0
purchase-only,monthly,New England Division,290.04,55875.47,1.251,8.092,-2.835,01/10/20,3269.959961
purchase-only,monthly,New England Division,294.4,55875.47,1.251,8.092,-2.835,01/11/20,3621.629883
purchase-only,monthly,New England Division,297.75,55875.47,1.251,8.092,-2.835,01/12/20,3756.070068
purchase-only,monthly,New England Division,300.93,59009.85,4.683,5.367,-3.566,01/01/21,3714.23999
purchase-only,monthly,New England Division,302.46,59009.85,4.683,5.367,-3.566,01/02/21,3811.149902
purchase-only,monthly,New England Division,308.53,59009.85,4.683,5.367,-3.566,01/03/21,3972.889893
purchase-only,monthly,New England Division,313.61,59009.85,4.683,5.367,-3.566,01/04/21,4181.169922
purchase-only,monthly,New England Division,320.47,59009.85,4.683,5.367,-3.566,01/05/21,4204.109863
purchase-only,monthly,New England Division,323.54,59009.85,4.683,5.367,-3.566,01/06/21,4297.5
purchase-only,monthly,New England Division,329.82,59009.85,4.683,5.367,-3.566,01/07/21,4395.259766
purchase-only,monthly,New England Division,329.59,59009.85,4.683,5.367,-3.566,01/08/21,4522.680176
purchase-only,monthly,New England Division,334.65,59009.85,4.683,5.367,-3.566,01/09/21,4307.540039
purchase-only,monthly,New England Division,336.07,59009.85,4.683,5.367,-3.566,01/10/21,4605.379883
purchase-only,monthly,New England Division,340.64,59009.85,4.683,5.367,-3.566,01/11/21,4567.0
purchase-only,monthly,New England Division,346.75,59009.85,4.683,5.367,-3.566,01/12/21,4766.180176
purchase-only,monthly,New England Division,349.6,60007.14,7.986,3.642,-3.816,01/01/22,4515.549805
purchase-only,monthly,New England Division,356.26,60007.14,7.986,3.642,-3.816,01/02/22,4373.939941
purchase-only,monthly,New England Division,360.04,60007.14,7.986,3.642,-3.816,01/03/22,4530.410156
purchase-only,monthly,New England Division,367.32,60007.14,7.986,3.642,-3.816,01/04/22,4131.930176
purchase-only,monthly,New England Division,371.46,60007.14,7.986,3.642,-3.816,01/05/22,4132.149902
purchase-only,monthly,New England Division,368.44,60007.14,7.986,3.642,-3.816,01/06/22,3785.379883
purchase-only,monthly,New England Division,367.52,60007.14,7.986,3.642,-3.816,01/07/22,4130.290039
purchase-only,monthly,New England Division,368.09,60007.14,7.986,3.642,-3.816,01/08/22,3955.0
purchase-only,monthly,New England Division,364.43,60007.14,7.986,3.642,-3.816,01/09/22,3585.620117
purchase-only,monthly,New England Division,369.95,60007.14,7.986,3.642,-3.816,01/10/22,3871.97998
purchase-only,monthly,New England Division,369.69,60007.14,7.986,3.642,-3.816,01/11/22,4080.110107
purchase-only,monthly,New England Division,367.1,60007.14,7.986,3.642,-3.816,01/12/22,3839.5
purchase-only,monthly,New England Division,373.97,60963.65,4.084,3.569,-2.951,01/01/23,4076.600098
purchase-only,monthly,New England Division,379.52,60963.65,4.084,3.569,-2.951,01/02/23,3970.149902
purchase-only,monthly,New England Division,380.19,60963.65,4.084,3.569,-2.951,01/03/23,4109.310059
purchase-only,monthly,New England Division,387.27,60963.65,4.084,3.569,-2.951,01/04/23,4169.47998
purchase-only,monthly,New England Division,385.6,60963.65,4.084,3.569,-2.951,01/05/23,4179.830078
purchase-only,monthly,New England Division,393.69,60963.65,4.084,3.569,-2.951,01/06/23,4450.379883
purchase-only,monthly,New England Division,397.86,60963.65,4.084,3.569,-2.951,01/07/23,4588.959961
purchase-only,monthly,New England Division,400.96,60963.65,4.084,3.569,-2.951,01/08/23,4507.660156
purchase-only,monthly,New England Division,406.81,60963.65,4.084,3.569,-2.951,01/09/23,4288.049805
purchase-only,monthly,New England Division,406.95,60963.65,4.084,3.569,-2.951,01/10/23,4193.799805
purchase-only,monthly,New England Division,405.98,60963.65,4.084,3.569,-2.951,01/11/23,4567.799805
purchase-only,monthly,Pacific Division,100.0,36944.07,4.216,6.85,0.047,01/01/91,343.9299927
purchase-only,monthly,Pacific Division,100.53,36944.07,4.216,6.85,0.047,01/02/91,367.0700073
purchase-only,monthly,Pacific Division,100.12,36944.07,4.216,6.85,0.047,01/03/91,375.2200012
purchase-only,monthly,Pacific Division,100.1,36944.07,4.216,6.85,0.047,01/04/91,375.3399963
purchase-only,monthly,Pacific Division,100.08,36944.07,4.216,6.85,0.047,01/05/91,389.8299866
purchase-only,monthly,Pacific Division,99.9,36944.07,4.216,6.85,0.047,01/06/91,371.1600037
purchase-only,monthly,Pacific Division,99.84,36944.07,4.216,6.85,0.047,01/07/91,387.8099976
purchase-only,monthly,Pacific Division,100.01,36944.07,4.216,6.85,0.047,01/08/91,395.4299927
purchase-only,monthly,Pacific Division,99.45,36944.07,4.216,6.85,0.047,01/09/91,387.8599854
purchase-only,monthly,Pacific Division,100.29,36944.07,4.216,6.85,0.047,01/10/91,392.4500122
purchase-only,monthly,Pacific Division,100.6,36944.07,4.216,6.85,0.047,01/11/91,375.2200012
purchase-only,monthly,Pacific Division,100.72,36944.07,4.216,6.85,0.047,01/12/91,417.0899963
purchase-only,monthly,Pacific Division,100.97,37741.19,3.042,7.492,-0.792,01/01/92,408.7799988
purchase-only,monthly,Pacific Division,101.43,37741.19,3.042,7.492,-0.792,01/02/92,412.7000122
purchase-only,monthly,Pacific Division,100.81,37741.19,3.042,7.492,-0.792,01/03/92,403.6900024
purchase-only,monthly,Pacific Division,100.38,37741.19,3.042,7.492,-0.792,01/04/92,414.9500122
purchase-only,monthly,Pacific Division,100.2,37741.19,3.042,7.492,-0.792,01/05/92,415.3500061
purchase-only,monthly,Pacific Division,99.73,37741.19,3.042,7.492,-0.792,01/06/92,408.1400146
purchase-only,monthly,Pacific Division,100.0,37741.19,3.042,7.492,-0.792,01/07/92,424.2099915
purchase-only,monthly,Pacific Division,100.16,37741.19,3.042,7.492,-0.792,01/08/92,414.0299988
purchase-only,monthly,Pacific Division,100.18,37741.19,3.042,7.492,-0.792,01/09/92,417.7999878
purchase-only,monthly,Pacific Division,99.55,37741.19,3.042,7.492,-0.792,01/10/92,418.6799927
purchase-only,monthly,Pacific Division,99.6,37741.19,3.042,7.492,-0.792,01/11/92,431.3500061
purchase-only,monthly,Pacific Division,99.22,37741.19,3.042,7.492,-0.792,01/12/92,435.7099915
purchase-only,monthly,Pacific Division,98.64,38277.58,2.97,6.908,-1.237,01/01/93,438.7799988
purchase-only,monthly,Pacific Division,98.11,38277.58,2.97,6.908,-1.237,01/02/93,443.3800049
purchase-only,monthly,Pacific Division,98.24,38277.58,2.97,6.908,-1.237,01/03/93,451.6700134
purchase-only,monthly,Pacific Division,98.29,38277.58,2.97,6.908,-1.237,01/04/93,440.1900024
purchase-only,monthly,Pacific Division,97.9,38277.58,2.97,6.908,-1.237,01/05/93,450.1900024
purchase-only,monthly,Pacific Division,97.87,38277.58,2.97,6.908,-1.237,01/06/93,450.5299988
purchase-only,monthly,Pacific Division,96.84,38277.58,2.97,6.908,-1.237,01/07/93,448.1300049
purchase-only,monthly,Pacific Division,97.24,38277.58,2.97,6.908,-1.237,01/08/93,463.5599976
purchase-only,monthly,Pacific Division,96.96,38277.58,2.97,6.908,-1.237,01/09/93,458.9299927
purchase-only,monthly,Pacific Division,97.26,38277.58,2.97,6.908,-1.237,01/10/93,467.8299866
purchase-only,monthly,Pacific Division,96.84,38277.58,2.97,6.908,-1.237,01/11/93,461.7900085
purchase-only,monthly,Pacific Division,96.8,38277.58,2.97,6.908,-1.237,01/12/93,466.4500122
purchase-only,monthly,Pacific Division,96.79,39339.0,2.596,6.1,-1.669,01/01/94,481.6099854
purchase-only,monthly,Pacific Division,96.63,39339.0,2.596,6.1,-1.669,01/02/94,467.1400146
purchase-only,monthly,Pacific Division,96.53,39339.0,2.596,6.1,-1.669,01/03/94,445.769989
purchase-only,monthly,Pacific Division,96.83,39339.0,2.596,6.1,-1.669,01/04/94,450.9100037
purchase-only,monthly,Pacific Division,96.42,39339.0,2.596,6.1,-1.669,01/05/94,456.5
purchase-only,monthly,Pacific Division,96.5,39339.0,2.596,6.1,-1.669,01/06/94,444.269989
purchase-only,monthly,Pacific Division,96.25,39339.0,2.596,6.1,-1.669,01/07/94,458.2600098
purchase-only,monthly,Pacific Division,96.11,39339.0,2.596,6.1,-1.669,01/08/94,475.4899902
purchase-only,monthly,Pacific Division,96.27,39339.0,2.596,6.1,-1.669,01/09/94,462.7099915
purchase-only,monthly,Pacific Division,96.03,39339.0,2.596,6.1,-1.669,01/10/94,472.3500061
purchase-only,monthly,Pacific Division,95.72,39339.0,2.596,6.1,-1.669,01/11/94,453.6900024
purchase-only,monthly,Pacific Division,95.9,39339.0,2.596,6.1,-1.669,01/12/94,459.269989
purchase-only,monthly,Pacific Division,96.08,39919.87,2.805,5.592,-1.487,01/01/95,470.4200134
purchase-only,monthly,Pacific Division,96.56,39919.87,2.805,5.592,-1.487,01/02/95,487.3900146
purchase-only,monthly,Pacific Division,95.67,39919.87,2.805,5.592,-1.487,01/03/95,500.7099915
purchase-only,monthly,Pacific Division,95.19,39919.87,2.805,5.592,-1.487,01/04/95,514.710022
purchase-only,monthly,Pacific Division,95.57,39919.87,2.805,5.592,-1.487,01/05/95,533.4000244
purchase-only,monthly,Pacific Division,95.34,39919.87,2.805,5.592,-1.487,01/06/95,544.75
purchase-only,monthly,Pacific Division,95.59,39919.87,2.805,5.592,-1.487,01/07/95,562.0599976
purchase-only,monthly,Pacific Division,95.68,39919.87,2.805,5.592,-1.487,01/08/95,561.8800049
purchase-only,monthly,Pacific Division,95.44,39919.87,2.805,5.592,-1.487,01/09/95,584.4099731
purchase-only,monthly,Pacific Division,95.39,39919.87,2.805,5.592,-1.487,01/10/95,581.5
purchase-only,monthly,Pacific Division,95.45,39919.87,2.805,5.592,-1.487,01/11/95,605.3699951
purchase-only,monthly,Pacific Division,95.46,39919.87,2.805,5.592,-1.487,01/12/95,615.9299927
purchase-only,monthly,Pacific Division,95.75,40946.0,2.937,5.408,-1.546,01/01/96,636.0200195
purchase-only,monthly,Pacific Division,95.68,40946.0,2.937,5.408,-1.546,01/02/96,640.4299927
purchase-only,monthly,Pacific Division,95.67,40946.0,2.937,5.408,-1.546,01/03/96,645.5
purchase-only,monthly,Pacific Division,95.53,40946.0,2.937,5.408,-1.546,01/04/96,654.1699829
purchase-only,monthly,Pacific Division,95.52,40946.0,2.937,5.408,-1.546,01/05/96,669.1199951
purchase-only,monthly,Pacific Division,95.62,40946.0,2.937,5.408,-1.546,01/06/96,670.6300049
purchase-only,monthly,Pacific Division,95.86,40946.0,2.937,5.408,-1.546,01/07/96,639.9500122
purchase-only,monthly,Pacific Division,95.62,40946.0,2.937,5.408,-1.546,01/08/96,651.9899902
purchase-only,monthly,Pacific Division,95.74,40946.0,2.937,5.408,-1.546,01/09/96,687.3300171
purchase-only,monthly,Pacific Division,96.01,40946.0,2.937,5.408,-1.546,01/10/96,705.2700195
purchase-only,monthly,Pacific Division,96.32,40946.0,2.937,5.408,-1.546,01/11/96,757.0200195
purchase-only,monthly,Pacific Division,96.5,40946.0,2.937,5.408,-1.546,01/12/96,740.7399902
purchase-only,monthly,Pacific Division,96.23,42258.86,2.338,4.942,-1.641,01/01/97,786.1599731
purchase-only,monthly,Pacific Division,96.22,42258.86,2.338,4.942,-1.641,01/02/97,790.8200073
purchase-only,monthly,Pacific Division,96.84,42258.86,2.338,4.942,-1.641,01/03/97,757.1199951
purchase-only,monthly,Pacific Division,97.58,42258.86,2.338,4.942,-1.641,01/04/97,801.3400269
purchase-only,monthly,Pacific Division,97.81,42258.86,2.338,4.942,-1.641,01/05/97,848.2800293
purchase-only,monthly,Pacific Division,97.89,42258.86,2.338,4.942,-1.641,01/06/97,885.1400146
purchase-only,monthly,Pacific Division,98.61,42258.86,2.338,4.942,-1.641,01/07/97,954.3099976
purchase-only,monthly,Pacific Division,99.14,42258.86,2.338,4.942,-1.641,01/08/97,899.4699707
purchase-only,monthly,Pacific Division,99.47,42258.86,2.338,4.942,-1.641,01/09/97,947.2800293
purchase-only,monthly,Pacific Division,99.77,42258.86,2.338,4.942,-1.641,01/10/97,914.6199951
purchase-only,monthly,Pacific Division,100.79,42258.86,2.338,4.942,-1.641,01/11/97,955.4000244
purchase-only,monthly,Pacific Division,100.95,42258.86,2.338,4.942,-1.641,01/12/97,970.4299927
purchase-only,monthly,Pacific Division,101.72,43640.76,1.547,4.5,-2.373,01/01/98,980.2800293
purchase-only,monthly,Pacific Division,102.88,43640.76,1.547,4.5,-2.373,01/02/98,1049.339966
purchase-only,monthly,Pacific Division,103.34,43640.76,1.547,4.5,-2.373,01/03/98,1101.75
purchase-only,monthly,Pacific Division,104.59,43640.76,1.547,4.5,-2.373,01/04/98,1111.75
purchase-only,monthly,Pacific Division,105.2,43640.76,1.547,4.5,-2.373,01/05/98,1090.819946
purchase-only,monthly,Pacific Division,106.18,43640.76,1.547,4.5,-2.373,01/06/98,1133.839966
purchase-only,monthly,Pacific Division,106.56,43640.76,1.547,4.5,-2.373,01/07/98,1120.670044
purchase-only,monthly,Pacific Division,107.22,43640.76,1.547,4.5,-2.373,01/08/98,957.2800293
purchase-only,monthly,Pacific Division,107.88,43640.76,1.547,4.5,-2.373,01/09/98,1017.01001
purchase-only,monthly,Pacific Division,108.75,43640.76,1.547,4.5,-2.373,01/10/98,1098.670044
purchase-only,monthly,Pacific Division,109.52,43640.76,1.547,4.5,-2.373,01/11/98,1163.630005
purchase-only,monthly,Pacific Division,109.6,43640.76,1.547,4.5,-2.373,01/12/98,1229.22998
purchase-only,monthly,Pacific Division,111.14,45213.48,2.193,4.217,-2.976,01/01/99,1279.640015
purchase-only,monthly,Pacific Division,111.48,45213.48,2.193,4.217,-2.976,01/02/99,1238.329956
purchase-only,monthly,Pacific Division,112.49,45213.48,2.193,4.217,-2.976,01/03/99,1286.369995
purchase-only,monthly,Pacific Division,113.22,45213.48,2.193,4.217,-2.976,01/04/99,1335.180054
purchase-only,monthly,Pacific Division,113.86,45213.48,2.193,4.217,-2.976,01/05/99,1301.839966
purchase-only,monthly,Pacific Division,114.74,45213.48,2.193,4.217,-2.976,01/06/99,1372.709961
purchase-only,monthly,Pacific Division,115.29,45213.48,2.193,4.217,-2.976,01/07/99,1328.719971
purchase-only,monthly,Pacific Division,116.2,45213.48,2.193,4.217,-2.976,01/08/99,1320.410034
purchase-only,monthly,Pacific Division,116.91,45213.48,2.193,4.217,-2.976,01/09/99,1282.709961
purchase-only,monthly,Pacific Division,118.01,45213.48,2.193,4.217,-2.976,01/10/99,1362.930054
purchase-only,monthly,Pacific Division,118.76,45213.48,2.193,4.217,-2.976,01/11/99,1388.910034
purchase-only,monthly,Pacific Division,119.51,45213.48,2.193,4.217,-2.976,01/12/99,1469.25
purchase-only,monthly,Pacific Division,122.32,46539.99,3.367,3.967,-3.921,01/01/00,1394.459961
purchase-only,monthly,Pacific Division,121.29,46539.99,3.367,3.967,-3.921,01/02/00,1366.420044
purchase-only,monthly,Pacific Division,122.92,46539.99,3.367,3.967,-3.921,01/03/00,1498.579956
purchase-only,monthly,Pacific Division,123.8,46539.99,3.367,3.967,-3.921,01/04/00,1452.430054
purchase-only,monthly,Pacific Division,124.89,46539.99,3.367,3.967,-3.921,01/05/00,1420.599976
purchase-only,monthly,Pacific Division,125.92,46539.99,3.367,3.967,-3.921,01/06/00,1454.599976
purchase-only,monthly,Pacific Division,126.93,46539.99,3.367,3.967,-3.921,01/07/00,1430.829956
purchase-only,monthly,Pacific Division,128.05,46539.99,3.367,3.967,-3.921,01/08/00,1517.680054
purchase-only,monthly,Pacific Division,129.37,46539.99,3.367,3.967,-3.921,01/09/00,1436.51001
purchase-only,monthly,Pacific Division,130.85,46539.99,3.367,3.967,-3.921,01/10/00,1429.400024
purchase-only,monthly,Pacific Division,132.4,46539.99,3.367,3.967,-3.921,01/11/00,1314.949951
purchase-only,monthly,Pacific Division,133.61,46539.99,3.367,3.967,-3.921,01/12/00,1320.280029
purchase-only,monthly,Pacific Division,134.78,46503.1,2.817,4.742,-3.724,01/01/01,1366.01001
purchase-only,monthly,Pacific Division,136.32,46503.1,2.817,4.742,-3.724,01/02/01,1239.939941
purchase-only,monthly,Pacific Division,137.55,46503.1,2.817,4.742,-3.724,01/03/01,1160.329956
purchase-only,monthly,Pacific Division,138.53,46503.1,2.817,4.742,-3.724,01/04/01,1249.459961
purchase-only,monthly,Pacific Division,139.31,46503.1,2.817,4.742,-3.724,01/05/01,1255.819946
purchase-only,monthly,Pacific Division,140.06,46503.1,2.817,4.742,-3.724,01/06/01,1224.380005
purchase-only,monthly,Pacific Division,140.91,46503.1,2.817,4.742,-3.724,01/07/01,1211.22998
purchase-only,monthly,Pacific Division,141.91,46503.1,2.817,4.742,-3.724,01/08/01,1133.579956
purchase-only,monthly,Pacific Division,143.24,46503.1,2.817,4.742,-3.724,01/09/01,1040.939941
purchase-only,monthly,Pacific Division,143.98,46503.1,2.817,4.742,-3.724,01/10/01,1059.780029
purchase-only,monthly,Pacific Division,144.68,46503.1,2.817,4.742,-3.724,01/11/01,1139.449951
purchase-only,monthly,Pacific Division,146.38,46503.1,2.817,4.742,-3.724,01/12/01,1148.079956
purchase-only,monthly,Pacific Division,147.86,46831.46,1.596,5.783,-4.173,01/01/02,1130.199951
purchase-only,monthly,Pacific Division,149.04,46831.46,1.596,5.783,-4.173,01/02/02,1106.72998
purchase-only,monthly,Pacific Division,150.83,46831.46,1.596,5.783,-4.173,01/03/02,1147.390015
purchase-only,monthly,Pacific Division,152.31,46831.46,1.596,5.783,-4.173,01/04/02,1076.920044
purchase-only,monthly,Pacific Division,154.5,46831.46,1.596,5.783,-4.173,01/05/02,1067.140015
purchase-only,monthly,Pacific Division,156.52,46831.46,1.596,5.783,-4.173,01/06/02,989.8200073
purchase-only,monthly,Pacific Division,158.59,46831.46,1.596,5.783,-4.173,01/07/02,911.6199951
purchase-only,monthly,Pacific Division,160.36,46831.46,1.596,5.783,-4.173,01/08/02,916.0700073
purchase-only,monthly,Pacific Division,161.63,46831.46,1.596,5.783,-4.173,01/09/02,815.2800293
purchase-only,monthly,Pacific Division,163.97,46831.46,1.596,5.783,-4.173,01/10/02,885.7600098
purchase-only,monthly,Pacific Division,165.07,46831.46,1.596,5.783,-4.173,01/11/02,936.3099976
purchase-only,monthly,Pacific Division,166.79,46831.46,1.596,5.783,-4.173,01/12/02,879.8200073
purchase-only,monthly,Pacific Division,169.06,47691.56,2.298,5.992,-4.559,01/01/03,855.7000122
purchase-only,monthly,Pacific Division,170.78,47691.56,2.298,5.992,-4.559,01/02/03,841.1500244
purchase-only,monthly,Pacific Division,172.12,47691.56,2.298,5.992,-4.559,01/03/03,848.1799927
purchase-only,monthly,Pacific Division,174.3,47691.56,2.298,5.992,-4.559,01/04/03,916.9199829
purchase-only,monthly,Pacific Division,175.76,47691.56,2.298,5.992,-4.559,01/05/03,963.5900269
purchase-only,monthly,Pacific Division,176.92,47691.56,2.298,5.992,-4.559,01/06/03,974.5
purchase-only,monthly,Pacific Division,179.37,47691.56,2.298,5.992,-4.559,01/07/03,990.3099976
purchase-only,monthly,Pacific Division,182.31,47691.56,2.298,5.992,-4.559,01/08/03,1008.01001
purchase-only,monthly,Pacific Division,184.77,47691.56,2.298,5.992,-4.559,01/09/03,995.9699707
purchase-only,monthly,Pacific Division,188.1,47691.56,2.298,5.992,-4.559,01/10/03,1050.709961
purchase-only,monthly,Pacific Division,190.95,47691.56,2.298,5.992,-4.559,01/11/03,1058.199951
purchase-only,monthly,Pacific Division,193.94,47691.56,2.298,5.992,-4.559,01/12/03,1111.920044
purchase-only,monthly,Pacific Division,197.06,49080.56,2.668,5.542,-5.205,01/01/04,1131.130005
purchase-only,monthly,Pacific Division,198.89,49080.56,2.668,5.542,-5.205,01/02/04,1144.939941
purchase-only,monthly,Pacific Division,202.95,49080.56,2.668,5.542,-5.205,01/03/04,1126.209961
purchase-only,monthly,Pacific Division,205.79,49080.56,2.668,5.542,-5.205,01/04/04,1107.300049
purchase-only,monthly,Pacific Division,210.65,49080.56,2.668,5.542,-5.205,01/05/04,1120.680054
purchase-only,monthly,Pacific Division,215.52,49080.56,2.668,5.542,-5.205,01/06/04,1140.839966
purchase-only,monthly,Pacific Division,219.31,49080.56,2.668,5.542,-5.205,01/07/04,1101.719971
purchase-only,monthly,Pacific Division,222.42,49080.56,2.668,5.542,-5.205,01/08/04,1104.23999
purchase-only,monthly,Pacific Division,225.6,49080.56,2.668,5.542,-5.205,01/09/04,1114.579956
purchase-only,monthly,Pacific Division,228.47,49080.56,2.668,5.542,-5.205,01/10/04,1130.199951
purchase-only,monthly,Pacific Division,233.03,49080.56,2.668,5.542,-5.205,01/11/04,1173.819946
purchase-only,monthly,Pacific Division,237.23,49080.56,2.668,5.542,-5.205,01/12/04,1211.920044
purchase-only,monthly,Pacific Division,239.14,50322.52,3.366,5.083,-5.746,01/01/05,1181.27002
purchase-only,monthly,Pacific Division,243.0,50322.52,3.366,5.083,-5.746,01/02/05,1203.599976
purchase-only,monthly,Pacific Division,247.79,50322.52,3.366,5.083,-5.746,01/03/05,1180.589966
purchase-only,monthly,Pacific Division,251.62,50322.52,3.366,5.083,-5.746,01/04/05,1156.849976
purchase-only,monthly,Pacific Division,256.14,50322.52,3.366,5.083,-5.746,01/05/05,1191.5
purchase-only,monthly,Pacific Division,259.45,50322.52,3.366,5.083,-5.746,01/06/05,1191.329956
purchase-only,monthly,Pacific Division,263.51,50322.52,3.366,5.083,-5.746,01/07/05,1234.180054
purchase-only,monthly,Pacific Division,267.56,50322.52,3.366,5.083,-5.746,01/08/05,1220.329956
purchase-only,monthly,Pacific Division,271.8,50322.52,3.366,5.083,-5.746,01/09/05,1228.810059
purchase-only,monthly,Pacific Division,273.1,50322.52,3.366,5.083,-5.746,01/10/05,1207.01001
purchase-only,monthly,Pacific Division,274.28,50322.52,3.366,5.083,-5.746,01/11/05,1249.47998
purchase-only,monthly,Pacific Division,278.0,50322.52,3.366,5.083,-5.746,01/12/05,1248.290039
purchase-only,monthly,Pacific Division,278.71,51235.84,3.222,4.608,-5.911,01/01/06,1280.079956
purchase-only,monthly,Pacific Division,280.6,51235.84,3.222,4.608,-5.911,01/02/06,1280.660034
purchase-only,monthly,Pacific Division,280.67,51235.84,3.222,4.608,-5.911,01/03/06,1294.869995
purchase-only,monthly,Pacific Division,280.7,51235.84,3.222,4.608,-5.911,01/04/06,1310.609985
purchase-only,monthly,Pacific Division,281.22,51235.84,3.222,4.608,-5.911,01/05/06,1270.089966
purchase-only,monthly,Pacific Division,280.41,51235.84,3.222,4.608,-5.911,01/06/06,1270.199951
purchase-only,monthly,Pacific Division,278.58,51235.84,3.222,4.608,-5.911,01/07/06,1276.660034
purchase-only,monthly,Pacific Division,278.68,51235.84,3.222,4.608,-5.911,01/08/06,1303.819946
purchase-only,monthly,Pacific Division,277.28,51235.84,3.222,4.608,-5.911,01/09/06,1335.849976
purchase-only,monthly,Pacific Division,275.19,51235.84,3.222,4.608,-5.911,01/10/06,1377.939941
purchase-only,monthly,Pacific Division,276.21,51235.84,3.222,4.608,-5.911,01/11/06,1400.630005
purchase-only,monthly,Pacific Division,275.55,51235.84,3.222,4.608,-5.911,01/12/06,1418.300049
purchase-only,monthly,Pacific Division,277.15,51751.28,2.871,4.617,-5.089,01/01/07,1438.23999
purchase-only,monthly,Pacific Division,273.95,51751.28,2.871,4.617,-5.089,01/02/07,1406.819946
purchase-only,monthly,Pacific Division,278.42,51751.28,2.871,4.617,-5.089,01/03/07,1420.859985
purchase-only,monthly,Pacific Division,276.61,51751.28,2.871,4.617,-5.089,01/04/07,1482.369995
purchase-only,monthly,Pacific Division,272.73,51751.28,2.871,4.617,-5.089,01/05/07,1530.619995
purchase-only,monthly,Pacific Division,269.36,51751.28,2.871,4.617,-5.089,01/06/07,1503.349976
purchase-only,monthly,Pacific Division,266.71,51751.28,2.871,4.617,-5.089,01/07/07,1455.27002
purchase-only,monthly,Pacific Division,260.67,51751.28,2.871,4.617,-5.089,01/08/07,1473.98999
purchase-only,monthly,Pacific Division,258.04,51751.28,2.871,4.617,-5.089,01/09/07,1526.75
purchase-only,monthly,Pacific Division,252.94,51751.28,2.871,4.617,-5.089,01/10/07,1549.380005
purchase-only,monthly,Pacific Division,247.76,51751.28,2.871,4.617,-5.089,01/11/07,1481.140015
purchase-only,monthly,Pacific Division,243.06,51751.28,2.871,4.617,-5.089,01/12/07,1468.359985
purchase-only,monthly,Pacific Division,239.06,51335.91,3.815,5.8,-4.716,01/01/08,1378.550049
purchase-only,monthly,Pacific Division,232.62,51335.91,3.815,5.8,-4.716,01/02/08,1330.630005
purchase-only,monthly,Pacific Division,225.35,51335.91,3.815,5.8,-4.716,01/03/08,1322.699951
purchase-only,monthly,Pacific Division,220.64,51335.91,3.815,5.8,-4.716,01/04/08,1385.589966
purchase-only,monthly,Pacific Division,215.4,51335.91,3.815,5.8,-4.716,01/05/08,1400.380005
purchase-only,monthly,Pacific Division,212.02,51335.91,3.815,5.8,-4.716,01/06/08,1280.0
purchase-only,monthly,Pacific Division,207.36,51335.91,3.815,5.8,-4.716,01/07/08,1267.380005
purchase-only,monthly,Pacific Division,203.46,51335.91,3.815,5.8,-4.716,01/08/08,1282.829956
purchase-only,monthly,Pacific Division,199.53,51335.91,3.815,5.8,-4.716,01/09/08,1166.359985
purchase-only,monthly,Pacific Division,196.79,51335.91,3.815,5.8,-4.716,01/10/08,968.75
purchase-only,monthly,Pacific Division,192.39,51335.91,3.815,5.8,-4.716,01/11/08,896.2399902
purchase-only,monthly,Pacific Division,191.19,51335.91,3.815,5.8,-4.716,01/12/08,903.25
purchase-only,monthly,Pacific Division,188.96,49569.21,-0.32,9.283,-2.623,01/01/09,825.8800049
purchase-only,monthly,Pacific Division,188.64,49569.21,-0.32,9.283,-2.623,01/02/09,735.0900269
purchase-only,monthly,Pacific Division,186.39,49569.21,-0.32,9.283,-2.623,01/03/09,797.8699951
purchase-only,monthly,Pacific Division,184.49,49569.21,-0.32,9.283,-2.623,01/04/09,872.8099976
purchase-only,monthly,Pacific Division,183.82,49569.21,-0.32,9.283,-2.623,01/05/09,919.1400146
purchase-only,monthly,Pacific Division,185.03,49569.21,-0.32,9.283,-2.623,01/06/09,919.3200073
purchase-only,monthly,Pacific Division,184.87,49569.21,-0.32,9.283,-2.623,01/07/09,987.4799805
purchase-only,monthly,Pacific Division,186.49,49569.21,-0.32,9.283,-2.623,01/08/09,1020.619995
purchase-only,monthly,Pacific Division,185.6,49569.21,-0.32,9.283,-2.623,01/09/09,1057.079956
purchase-only,monthly,Pacific Division,187.19,49569.21,-0.32,9.283,-2.623,01/10/09,1036.189941
purchase-only,monthly,Pacific Division,189.3,49569.21,-0.32,9.283,-2.623,01/11/09,1095.630005
purchase-only,monthly,Pacific Division,186.84,49569.21,-0.32,9.283,-2.623,01/12/09,1115.099976
purchase-only,monthly,Pacific Division,185.75,50523.5,1.637,9.608,-2.871,01/01/10,1073.869995
purchase-only,monthly,Pacific Division,186.8,50523.5,1.637,9.608,-2.871,01/02/10,1104.48999
purchase-only,monthly,Pacific Division,186.46,50523.5,1.637,9.608,-2.871,01/03/10,1169.430054
purchase-only,monthly,Pacific Division,186.83,50523.5,1.637,9.608,-2.871,01/04/10,1186.689941
purchase-only,monthly,Pacific Division,187.59,50523.5,1.637,9.608,-2.871,01/05/10,1089.410034
purchase-only,monthly,Pacific Division,183.19,50523.5,1.637,9.608,-2.871,01/06/10,1030.709961
purchase-only,monthly,Pacific Division,182.95,50523.5,1.637,9.608,-2.871,01/07/10,1101.599976
purchase-only,monthly,Pacific Division,181.45,50523.5,1.637,9.608,-2.871,01/08/10,1049.329956
purchase-only,monthly,Pacific Division,180.48,50523.5,1.637,9.608,-2.871,01/09/10,1141.199951
purchase-only,monthly,Pacific Division,178.39,50523.5,1.637,9.608,-2.871,01/10/10,1183.26001
purchase-only,monthly,Pacific Division,178.56,50523.5,1.637,9.608,-2.871,01/11/10,1180.550049
purchase-only,monthly,Pacific Division,177.26,50523.5,1.637,9.608,-2.871,01/12/10,1257.640015
purchase-only,monthly,Pacific Division,174.66,50943.53,3.14,8.933,-2.919,01/01/11,1286.119995
purchase-only,monthly,Pacific Division,173.6,50943.53,3.14,8.933,-2.919,01/02/11,1327.219971
purchase-only,monthly,Pacific Division,171.98,50943.53,3.14,8.933,-2.919,01/03/11,1325.829956
purchase-only,monthly,Pacific Division,171.06,50943.53,3.14,8.933,-2.919,01/04/11,1363.609985
purchase-only,monthly,Pacific Division,169.77,50943.53,3.14,8.933,-2.919,01/05/11,1345.199951
purchase-only,monthly,Pacific Division,169.08,50943.53,3.14,8.933,-2.919,01/06/11,1320.640015
purchase-only,monthly,Pacific Division,169.88,50943.53,3.14,8.933,-2.919,01/07/11,1292.280029
purchase-only,monthly,Pacific Division,168.89,50943.53,3.14,8.933,-2.919,01/08/11,1218.890015
purchase-only,monthly,Pacific Division,169.74,50943.53,3.14,8.933,-2.919,01/09/11,1131.420044
purchase-only,monthly,Pacific Division,169.1,50943.53,3.14,8.933,-2.919,01/10/11,1253.300049
purchase-only,monthly,Pacific Division,169.49,50943.53,3.14,8.933,-2.919,01/11/11,1246.959961
purchase-only,monthly,Pacific Division,169.24,50943.53,3.14,8.933,-2.919,01/12/11,1257.599976
purchase-only,monthly,Pacific Division,169.8,51736.82,2.073,8.075,-2.573,01/01/12,1312.410034
purchase-only,monthly,Pacific Division,169.95,51736.82,2.073,8.075,-2.573,01/02/12,1365.680054
purchase-only,monthly,Pacific Division,171.96,51736.82,2.073,8.075,-2.573,01/03/12,1408.469971
purchase-only,monthly,Pacific Division,173.24,51736.82,2.073,8.075,-2.573,01/04/12,1397.910034
purchase-only,monthly,Pacific Division,175.15,51736.82,2.073,8.075,-2.573,01/05/12,1310.329956
purchase-only,monthly,Pacific Division,177.03,51736.82,2.073,8.075,-2.573,01/06/12,1362.160034
purchase-only,monthly,Pacific Division,176.22,51736.82,2.073,8.075,-2.573,01/07/12,1379.319946
purchase-only,monthly,Pacific Division,181.03,51736.82,2.073,8.075,-2.573,01/08/12,1406.579956
purchase-only,monthly,Pacific Division,180.6,51736.82,2.073,8.075,-2.573,01/09/12,1440.670044
purchase-only,monthly,Pacific Division,184.22,51736.82,2.073,8.075,-2.573,01/10/12,1412.160034
purchase-only,monthly,Pacific Division,186.22,51736.82,2.073,8.075,-2.573,01/11/12,1416.180054
purchase-only,monthly,Pacific Division,188.83,51736.82,2.073,8.075,-2.573,01/12/12,1426.189941
purchase-only,monthly,Pacific Division,192.01,52329.15,1.466,7.358,-2.016,01/01/13,1498.109985
purchase-only,monthly,Pacific Division,193.19,52329.15,1.466,7.358,-2.016,01/02/13,1514.680054
purchase-only,monthly,Pacific Division,196.9,52329.15,1.466,7.358,-2.016,01/03/13,1569.189941
purchase-only,monthly,Pacific Division,200.1,52329.15,1.466,7.358,-2.016,01/04/13,1597.569946
purchase-only,monthly,Pacific Division,203.12,52329.15,1.466,7.358,-2.016,01/05/13,1630.73999
purchase-only,monthly,Pacific Division,205.85,52329.15,1.466,7.358,-2.016,01/06/13,1606.280029
purchase-only,monthly,Pacific Division,208.98,52329.15,1.466,7.358,-2.016,01/07/13,1685.72998
purchase-only,monthly,Pacific Division,210.4,52329.15,1.466,7.358,-2.016,01/08/13,1632.969971
purchase-only,monthly,Pacific Division,212.52,52329.15,1.466,7.358,-2.016,01/09/13,1681.550049
purchase-only,monthly,Pacific Division,213.56,52329.15,1.466,7.358,-2.016,01/10/13,1756.540039
purchase-only,monthly,Pacific Division,214.02,52329.15,1.466,7.358,-2.016,01/11/13,1805.810059
purchase-only,monthly,Pacific Division,215.2,52329.15,1.466,7.358,-2.016,01/12/13,1848.359985
purchase-only,monthly,Pacific Division,216.84,53141.85,1.615,6.158,-2.109,01/01/14,1782.589966
purchase-only,monthly,Pacific Division,218.82,53141.85,1.615,6.158,-2.109,01/02/14,1859.449951
purchase-only,monthly,Pacific Division,219.68,53141.85,1.615,6.158,-2.109,01/03/14,1872.339966
purchase-only,monthly,Pacific Division,220.85,53141.85,1.615,6.158,-2.109,01/04/14,1883.949951
purchase-only,monthly,Pacific Division,221.53,53141.85,1.615,6.158,-2.109,01/05/14,1923.569946
purchase-only,monthly,Pacific Division,223.17,53141.85,1.615,6.158,-2.109,01/06/14,1960.22998
purchase-only,monthly,Pacific Division,224.55,53141.85,1.615,6.158,-2.109,01/07/14,1930.670044
purchase-only,monthly,Pacific Division,226.45,53141.85,1.615,6.158,-2.109,01/08/14,2003.369995
purchase-only,monthly,Pacific Division,226.26,53141.85,1.615,6.158,-2.109,01/09/14,1972.290039
purchase-only,monthly,Pacific Division,228.11,53141.85,1.615,6.158,-2.109,01/10/14,2018.050049
purchase-only,monthly,Pacific Division,229.35,53141.85,1.615,6.158,-2.109,01/11/14,2067.560059
purchase-only,monthly,Pacific Division,231.29,53141.85,1.615,6.158,-2.109,01/12/14,2058.899902
purchase-only,monthly,Pacific Division,233.1,54187.9,0.121,5.275,-2.244,01/01/15,1994.98999
purchase-only,monthly,Pacific Division,234.02,54187.9,0.121,5.275,-2.244,01/02/15,2104.5
purchase-only,monthly,Pacific Division,235.28,54187.9,0.121,5.275,-2.244,01/03/15,2067.889893
purchase-only,monthly,Pacific Division,237.12,54187.9,0.121,5.275,-2.244,01/04/15,2085.51001
purchase-only,monthly,Pacific Division,238.38,54187.9,0.121,5.275,-2.244,01/05/15,2107.389893
purchase-only,monthly,Pacific Division,239.52,54187.9,0.121,5.275,-2.244,01/06/15,2063.110107
purchase-only,monthly,Pacific Division,241.52,54187.9,0.121,5.275,-2.244,01/07/15,2103.840088
purchase-only,monthly,Pacific Division,242.45,54187.9,0.121,5.275,-2.244,01/08/15,1972.180054
purchase-only,monthly,Pacific Division,243.7,54187.9,0.121,5.275,-2.244,01/09/15,1920.030029
purchase-only,monthly,Pacific Division,245.91,54187.9,0.121,5.275,-2.244,01/10/15,2079.360107
purchase-only,monthly,Pacific Division,248.74,54187.9,0.121,5.275,-2.244,01/11/15,2080.409912
purchase-only,monthly,Pacific Division,250.07,54187.9,0.121,5.275,-2.244,01/12/15,2043.939941
purchase-only,monthly,Pacific Division,250.01,54700.34,1.267,4.875,-2.119,01/01/16,1940.23999
purchase-only,monthly,Pacific Division,253.03,54700.34,1.267,4.875,-2.119,01/02/16,1932.22998
purchase-only,monthly,Pacific Division,254.6,54700.34,1.267,4.875,-2.119,01/03/16,2059.73999
purchase-only,monthly,Pacific Division,256.33,54700.34,1.267,4.875,-2.119,01/04/16,2065.300049
purchase-only,monthly,Pacific Division,256.92,54700.34,1.267,4.875,-2.119,01/05/16,2096.949951
purchase-only,monthly,Pacific Division,258.15,54700.34,1.267,4.875,-2.119,01/06/16,2098.860107
purchase-only,monthly,Pacific Division,259.96,54700.34,1.267,4.875,-2.119,01/07/16,2173.600098
purchase-only,monthly,Pacific Division,261.15,54700.34,1.267,4.875,-2.119,01/08/16,2170.949951
purchase-only,monthly,Pacific Division,264.02,54700.34,1.267,4.875,-2.119,01/09/16,2168.27002
purchase-only,monthly,Pacific Division,265.02,54700.34,1.267,4.875,-2.119,01/10/16,2126.149902
purchase-only,monthly,Pacific Division,267.36,54700.34,1.267,4.875,-2.119,01/11/16,2198.810059
purchase-only,monthly,Pacific Division,269.14,54700.34,1.267,4.875,-2.119,01/12/16,2238.830078
purchase-only,monthly,Pacific Division,270.32,55572.58,2.131,4.358,-1.887,01/01/17,2278.870117
purchase-only,monthly,Pacific Division,271.57,55572.58,2.131,4.358,-1.887,01/02/17,2363.639893
purchase-only,monthly,Pacific Division,274.07,55572.58,2.131,4.358,-1.887,01/03/17,2362.719971
purchase-only,monthly,Pacific Division,276.15,55572.58,2.131,4.358,-1.887,01/04/17,2384.199951
purchase-only,monthly,Pacific Division,278.72,55572.58,2.131,4.358,-1.887,01/05/17,2411.800049
purchase-only,monthly,Pacific Division,280.31,55572.58,2.131,4.358,-1.887,01/06/17,2423.409912
purchase-only,monthly,Pacific Division,281.31,55572.58,2.131,4.358,-1.887,01/07/17,2470.300049
purchase-only,monthly,Pacific Division,284.57,55572.58,2.131,4.358,-1.887,01/08/17,2471.649902
purchase-only,monthly,Pacific Division,287.02,55572.58,2.131,4.358,-1.887,01/09/17,2519.360107
purchase-only,monthly,Pacific Division,286.76,55572.58,2.131,4.358,-1.887,01/10/17,2575.26001
purchase-only,monthly,Pacific Division,290.12,55572.58,2.131,4.358,-1.887,01/11/17,2647.580078
purchase-only,monthly,Pacific Division,291.28,55572.58,2.131,4.358,-1.887,01/12/17,2673.610107
purchase-only,monthly,Pacific Division,293.61,56904.34,2.439,3.892,-2.142,01/01/18,2823.810059
purchase-only,monthly,Pacific Division,296.93,56904.34,2.439,3.892,-2.142,01/02/18,2713.830078
purchase-only,monthly,Pacific Division,296.74,56904.34,2.439,3.892,-2.142,01/03/18,2640.870117
purchase-only,monthly,Pacific Division,297.7,56904.34,2.439,3.892,-2.142,01/04/18,2648.050049
purchase-only,monthly,Pacific Division,298.22,56904.34,2.439,3.892,-2.142,01/05/18,2705.27002
purchase-only,monthly,Pacific Division,300.36,56904.34,2.439,3.892,-2.142,01/06/18,2718.370117
purchase-only,monthly,Pacific Division,301.34,56904.34,2.439,3.892,-2.142,01/07/18,2816.290039
purchase-only,monthly,Pacific Division,303.7,56904.34,2.439,3.892,-2.142,01/08/18,2901.52002
purchase-only,monthly,Pacific Division,303.55,56904.34,2.439,3.892,-2.142,01/09/18,2913.97998
purchase-only,monthly,Pacific Division,304.05,56904.34,2.439,3.892,-2.142,01/10/18,2711.73999
purchase-only,monthly,Pacific Division,305.19,56904.34,2.439,3.892,-2.142,01/11/18,2760.169922
purchase-only,monthly,Pacific Division,306.0,56904.34,2.439,3.892,-2.142,01/12/18,2506.850098
purchase-only,monthly,Pacific Division,307.07,57940.11,1.813,3.683,-2.066,01/01/19,2704.100098
purchase-only,monthly,Pacific Division,307.38,57940.11,1.813,3.683,-2.066,01/02/19,2784.48999
purchase-only,monthly,Pacific Division,308.91,57940.11,1.813,3.683,-2.066,01/03/19,2834.399902
purchase-only,monthly,Pacific Division,310.42,57940.11,1.813,3.683,-2.066,01/04/19,2945.830078
purchase-only,monthly,Pacific Division,311.73,57940.11,1.813,3.683,-2.066,01/05/19,2752.060059
purchase-only,monthly,Pacific Division,312.94,57940.11,1.813,3.683,-2.066,01/06/19,2941.76001
purchase-only,monthly,Pacific Division,315.01,57940.11,1.813,3.683,-2.066,01/07/19,2980.379883
purchase-only,monthly,Pacific Division,315.81,57940.11,1.813,3.683,-2.066,01/08/19,2926.459961
purchase-only,monthly,Pacific Division,317.16,57940.11,1.813,3.683,-2.066,01/09/19,2976.73999
purchase-only,monthly,Pacific Division,319.01,57940.11,1.813,3.683,-2.066,01/10/19,3037.560059
purchase-only,monthly,Pacific Division,321.38,57940.11,1.813,3.683,-2.066,01/11/19,3140.97998
purchase-only,monthly,Pacific Division,323.34,57940.11,1.813,3.683,-2.066,01/12/19,3230.780029
purchase-only,monthly,Pacific Division,325.67,55875.47,1.251,8.092,-2.835,01/01/20,3225.52002
purchase-only,monthly,Pacific Division,327.36,55875.47,1.251,8.092,-2.835,01/02/20,2954.219971
purchase-only,monthly,Pacific Division,328.4,55875.47,1.251,8.092,-2.835,01/03/20,2584.590088
purchase-only,monthly,Pacific Division,329.12,55875.47,1.251,8.092,-2.835,01/04/20,2912.429932
purchase-only,monthly,Pacific Division,325.86,55875.47,1.251,8.092,-2.835,01/05/20,3044.310059
purchase-only,monthly,Pacific Division,331.13,55875.47,1.251,8.092,-2.835,01/06/20,3100.290039
purchase-only,monthly,Pacific Division,336.47,55875.47,1.251,8.092,-2.835,01/07/20,3271.120117
purchase-only,monthly,Pacific Division,341.64,55875.47,1.251,8.092,-2.835,01/08/20,3500.310059
purchase-only,monthly,Pacific Division,348.64,55875.47,1.251,8.092,-2.835,01/09/20,3363.0
purchase-only,monthly,Pacific Division,354.26,55875.47,1.251,8.092,-2.835,01/10/20,3269.959961
purchase-only,monthly,Pacific Division,360.35,55875.47,1.251,8.092,-2.835,01/11/20,3621.629883
purchase-only,monthly,Pacific Division,364.56,55875.47,1.251,8.092,-2.835,01/12/20,3756.070068
purchase-only,monthly,Pacific Division,368.38,59009.85,4.683,5.367,-3.566,01/01/21,3714.23999
purchase-only,monthly,Pacific Division,374.34,59009.85,4.683,5.367,-3.566,01/02/21,3811.149902
purchase-only,monthly,Pacific Division,379.6,59009.85,4.683,5.367,-3.566,01/03/21,3972.889893
purchase-only,monthly,Pacific Division,386.78,59009.85,4.683,5.367,-3.566,01/04/21,4181.169922
purchase-only,monthly,Pacific Division,395.26,59009.85,4.683,5.367,-3.566,01/05/21,4204.109863
purchase-only,monthly,Pacific Division,401.77,59009.85,4.683,5.367,-3.566,01/06/21,4297.5
purchase-only,monthly,Pacific Division,409.04,59009.85,4.683,5.367,-3.566,01/07/21,4395.259766
purchase-only,monthly,Pacific Division,413.52,59009.85,4.683,5.367,-3.566,01/08/21,4522.680176
purchase-only,monthly,Pacific Division,417.33,59009.85,4.683,5.367,-3.566,01/09/21,4307.540039
purchase-only,monthly,Pacific Division,423.97,59009.85,4.683,5.367,-3.566,01/10/21,4605.379883
purchase-only,monthly,Pacific Division,428.9,59009.85,4.683,5.367,-3.566,01/11/21,4567.0
purchase-only,monthly,Pacific Division,435.95,59009.85,4.683,5.367,-3.566,01/12/21,4766.180176
purchase-only,monthly,Pacific Division,443.21,60007.14,7.986,3.642,-3.816,01/01/22,4515.549805
purchase-only,monthly,Pacific Division,448.05,60007.14,7.986,3.642,-3.816,01/02/22,4373.939941
purchase-only,monthly,Pacific Division,453.16,60007.14,7.986,3.642,-3.816,01/03/22,4530.410156
purchase-only,monthly,Pacific Division,457.0,60007.14,7.986,3.642,-3.816,01/04/22,4131.930176
purchase-only,monthly,Pacific Division,455.81,60007.14,7.986,3.642,-3.816,01/05/22,4132.149902
purchase-only,monthly,Pacific Division,453.53,60007.14,7.986,3.642,-3.816,01/06/22,3785.379883
purchase-only,monthly,Pacific Division,449.34,60007.14,7.986,3.642,-3.816,01/07/22,4130.290039
purchase-only,monthly,Pacific Division,444.67,60007.14,7.986,3.642,-3.816,01/08/22,3955.0
purchase-only,monthly,Pacific Division,446.58,60007.14,7.986,3.642,-3.816,01/09/22,3585.620117
purchase-only,monthly,Pacific Division,444.43,60007.14,7.986,3.642,-3.816,01/10/22,3871.97998
purchase-only,monthly,Pacific Division,439.75,60007.14,7.986,3.642,-3.816,01/11/22,4080.110107
purchase-only,monthly,Pacific Division,439.07,60007.14,7.986,3.642,-3.816,01/12/22,3839.5
purchase-only,monthly,Pacific Division,437.72,60963.65,4.084,3.569,-2.951,01/01/23,4076.600098
purchase-only,monthly,Pacific Division,437.92,60963.65,4.084,3.569,-2.951,01/02/23,3970.149902
purchase-only,monthly,Pacific Division,439.64,60963.65,4.084,3.569,-2.951,01/03/23,4109.310059
purchase-only,monthly,Pacific Division,441.51,60963.65,4.084,3.569,-2.951,01/04/23,4169.47998
purchase-only,monthly,Pacific Division,449.09,60963.65,4.084,3.569,-2.951,01/05/23,4179.830078
purchase-only,monthly,Pacific Division,451.69,60963.65,4.084,3.569,-2.951,01/06/23,4450.379883
purchase-only,monthly,Pacific Division,453.25,60963.65,4.084,3.569,-2.951,01/07/23,4588.959961
purchase-only,monthly,Pacific Division,457.34,60963.65,4.084,3.569,-2.951,01/08/23,4507.660156
purchase-only,monthly,Pacific Division,457.08,60963.65,4.084,3.569,-2.951,01/09/23,4288.049805
purchase-only,monthly,Pacific Division,457.57,60963.65,4.084,3.569,-2.951,01/10/23,4193.799805
purchase-only,monthly,Pacific Division,459.14,60963.65,4.084,3.569,-2.951,01/11/23,4567.799805
purchase-only,monthly,South Atlantic Division,100.0,36944.07,4.216,6.85,0.047,01/01/91,343.9299927
purchase-only,monthly,South Atlantic Division,100.5,36944.07,4.216,6.85,0.047,01/02/91,367.0700073
purchase-only,monthly,South Atlantic Division,100.66,36944.07,4.216,6.85,0.047,01/03/91,375.2200012
purchase-only,monthly,South Atlantic Division,100.47,36944.07,4.216,6.85,0.047,01/04/91,375.3399963
purchase-only,monthly,South Atlantic Division,100.52,36944.07,4.216,6.85,0.047,01/05/91,389.8299866
purchase-only,monthly,South Atlantic Division,100.57,36944.07,4.216,6.85,0.047,01/06/91,371.1600037
purchase-only,monthly,South Atlantic Division,100.45,36944.07,4.216,6.85,0.047,01/07/91,387.8099976
purchase-only,monthly,South Atlantic Division,100.04,36944.07,4.216,6.85,0.047,01/08/91,395.4299927
purchase-only,monthly,South Atlantic Division,100.1,36944.07,4.216,6.85,0.047,01/09/91,387.8599854
purchase-only,monthly,South Atlantic Division,100.94,36944.07,4.216,6.85,0.047,01/10/91,392.4500122
purchase-only,monthly,South Atlantic Division,101.22,36944.07,4.216,6.85,0.047,01/11/91,375.2200012
purchase-only,monthly,South Atlantic Division,101.63,36944.07,4.216,6.85,0.047,01/12/91,417.0899963
purchase-only,monthly,South Atlantic Division,101.87,37741.19,3.042,7.492,-0.792,01/01/92,408.7799988
purchase-only,monthly,South Atlantic Division,102.62,37741.19,3.042,7.492,-0.792,01/02/92,412.7000122
purchase-only,monthly,South Atlantic Division,102.29,37741.19,3.042,7.492,-0.792,01/03/92,403.6900024
purchase-only,monthly,South Atlantic Division,101.89,37741.19,3.042,7.492,-0.792,01/04/92,414.9500122
purchase-only,monthly,South Atlantic Division,102.04,37741.19,3.042,7.492,-0.792,01/05/92,415.3500061
purchase-only,monthly,South Atlantic Division,101.72,37741.19,3.042,7.492,-0.792,01/06/92,408.1400146
purchase-only,monthly,South Atlantic Division,102.2,37741.19,3.042,7.492,-0.792,01/07/92,424.2099915
purchase-only,monthly,South Atlantic Division,102.98,37741.19,3.042,7.492,-0.792,01/08/92,414.0299988
purchase-only,monthly,South Atlantic Division,103.49,37741.19,3.042,7.492,-0.792,01/09/92,417.7999878
purchase-only,monthly,South Atlantic Division,103.66,37741.19,3.042,7.492,-0.792,01/10/92,418.6799927
purchase-only,monthly,South Atlantic Division,103.45,37741.19,3.042,7.492,-0.792,01/11/92,431.3500061
purchase-only,monthly,South Atlantic Division,103.19,37741.19,3.042,7.492,-0.792,01/12/92,435.7099915
purchase-only,monthly,South Atlantic Division,103.25,38277.58,2.97,6.908,-1.237,01/01/93,438.7799988
purchase-only,monthly,South Atlantic Division,103.21,38277.58,2.97,6.908,-1.237,01/02/93,443.3800049
purchase-only,monthly,South Atlantic Division,103.7,38277.58,2.97,6.908,-1.237,01/03/93,451.6700134
purchase-only,monthly,South Atlantic Division,104.32,38277.58,2.97,6.908,-1.237,01/04/93,440.1900024
purchase-only,monthly,South Atlantic Division,104.43,38277.58,2.97,6.908,-1.237,01/05/93,450.1900024
purchase-only,monthly,South Atlantic Division,104.85,38277.58,2.97,6.908,-1.237,01/06/93,450.5299988
purchase-only,monthly,South Atlantic Division,104.95,38277.58,2.97,6.908,-1.237,01/07/93,448.1300049
purchase-only,monthly,South Atlantic Division,105.15,38277.58,2.97,6.908,-1.237,01/08/93,463.5599976
purchase-only,monthly,South Atlantic Division,105.47,38277.58,2.97,6.908,-1.237,01/09/93,458.9299927
purchase-only,monthly,South Atlantic Division,105.48,38277.58,2.97,6.908,-1.237,01/10/93,467.8299866
purchase-only,monthly,South Atlantic Division,105.7,38277.58,2.97,6.908,-1.237,01/11/93,461.7900085
purchase-only,monthly,South Atlantic Division,106.59,38277.58,2.97,6.908,-1.237,01/12/93,466.4500122
purchase-only,monthly,South Atlantic Division,106.45,39339.0,2.596,6.1,-1.669,01/01/94,481.6099854
purchase-only,monthly,South Atlantic Division,106.83,39339.0,2.596,6.1,-1.669,01/02/94,467.1400146
purchase-only,monthly,South Atlantic Division,107.08,39339.0,2.596,6.1,-1.669,01/03/94,445.769989
purchase-only,monthly,South Atlantic Division,107.68,39339.0,2.596,6.1,-1.669,01/04/94,450.9100037
purchase-only,monthly,South Atlantic Division,107.85,39339.0,2.596,6.1,-1.669,01/05/94,456.5
purchase-only,monthly,South Atlantic Division,108.05,39339.0,2.596,6.1,-1.669,01/06/94,444.269989
purchase-only,monthly,South Atlantic Division,108.36,39339.0,2.596,6.1,-1.669,01/07/94,458.2600098
purchase-only,monthly,South Atlantic Division,108.82,39339.0,2.596,6.1,-1.669,01/08/94,475.4899902
purchase-only,monthly,South Atlantic Division,108.98,39339.0,2.596,6.1,-1.669,01/09/94,462.7099915
purchase-only,monthly,South Atlantic Division,109.06,39339.0,2.596,6.1,-1.669,01/10/94,472.3500061
purchase-only,monthly,South Atlantic Division,109.69,39339.0,2.596,6.1,-1.669,01/11/94,453.6900024
purchase-only,monthly,South Atlantic Division,109.84,39339.0,2.596,6.1,-1.669,01/12/94,459.269989
purchase-only,monthly,South Atlantic Division,110.14,39919.87,2.805,5.592,-1.487,01/01/95,470.4200134
purchase-only,monthly,South Atlantic Division,110.69,39919.87,2.805,5.592,-1.487,01/02/95,487.3900146
purchase-only,monthly,South Atlantic Division,110.27,39919.87,2.805,5.592,-1.487,01/03/95,500.7099915
purchase-only,monthly,South Atlantic Division,110.45,39919.87,2.805,5.592,-1.487,01/04/95,514.710022
purchase-only,monthly,South Atlantic Division,110.55,39919.87,2.805,5.592,-1.487,01/05/95,533.4000244
purchase-only,monthly,South Atlantic Division,110.86,39919.87,2.805,5.592,-1.487,01/06/95,544.75
purchase-only,monthly,South Atlantic Division,111.72,39919.87,2.805,5.592,-1.487,01/07/95,562.0599976
purchase-only,monthly,South Atlantic Division,111.76,39919.87,2.805,5.592,-1.487,01/08/95,561.8800049
purchase-only,monthly,South Atlantic Division,112.18,39919.87,2.805,5.592,-1.487,01/09/95,584.4099731
purchase-only,monthly,South Atlantic Division,112.04,39919.87,2.805,5.592,-1.487,01/10/95,581.5
purchase-only,monthly,South Atlantic Division,112.46,39919.87,2.805,5.592,-1.487,01/11/95,605.3699951
purchase-only,monthly,South Atlantic Division,112.57,39919.87,2.805,5.592,-1.487,01/12/95,615.9299927
purchase-only,monthly,South Atlantic Division,113.39,40946.0,2.937,5.408,-1.546,01/01/96,636.0200195
purchase-only,monthly,South Atlantic Division,113.19,40946.0,2.937,5.408,-1.546,01/02/96,640.4299927
purchase-only,monthly,South Atlantic Division,114.0,40946.0,2.937,5.408,-1.546,01/03/96,645.5
purchase-only,monthly,South Atlantic Division,114.1,40946.0,2.937,5.408,-1.546,01/04/96,654.1699829
purchase-only,monthly,South Atlantic Division,114.27,40946.0,2.937,5.408,-1.546,01/05/96,669.1199951
purchase-only,monthly,South Atlantic Division,114.28,40946.0,2.937,5.408,-1.546,01/06/96,670.6300049
purchase-only,monthly,South Atlantic Division,114.84,40946.0,2.937,5.408,-1.546,01/07/96,639.9500122
purchase-only,monthly,South Atlantic Division,115.05,40946.0,2.937,5.408,-1.546,01/08/96,651.9899902
purchase-only,monthly,South Atlantic Division,115.34,40946.0,2.937,5.408,-1.546,01/09/96,687.3300171
purchase-only,monthly,South Atlantic Division,115.55,40946.0,2.937,5.408,-1.546,01/10/96,705.2700195
purchase-only,monthly,South Atlantic Division,115.32,40946.0,2.937,5.408,-1.546,01/11/96,757.0200195
purchase-only,monthly,South Atlantic Division,115.87,40946.0,2.937,5.408,-1.546,01/12/96,740.7399902
purchase-only,monthly,South Atlantic Division,116.21,42258.86,2.338,4.942,-1.641,01/01/97,786.1599731
purchase-only,monthly,South Atlantic Division,116.49,42258.86,2.338,4.942,-1.641,01/02/97,790.8200073
purchase-only,monthly,South Atlantic Division,117.25,42258.86,2.338,4.942,-1.641,01/03/97,757.1199951
purchase-only,monthly,South Atlantic Division,117.05,42258.86,2.338,4.942,-1.641,01/04/97,801.3400269
purchase-only,monthly,South Atlantic Division,117.29,42258.86,2.338,4.942,-1.641,01/05/97,848.2800293
purchase-only,monthly,South Atlantic Division,117.63,42258.86,2.338,4.942,-1.641,01/06/97,885.1400146
purchase-only,monthly,South Atlantic Division,117.29,42258.86,2.338,4.942,-1.641,01/07/97,954.3099976
purchase-only,monthly,South Atlantic Division,118.15,42258.86,2.338,4.942,-1.641,01/08/97,899.4699707
purchase-only,monthly,South Atlantic Division,118.22,42258.86,2.338,4.942,-1.641,01/09/97,947.2800293
purchase-only,monthly,South Atlantic Division,118.66,42258.86,2.338,4.942,-1.641,01/10/97,914.6199951
purchase-only,monthly,South Atlantic Division,119.46,42258.86,2.338,4.942,-1.641,01/11/97,955.4000244
purchase-only,monthly,South Atlantic Division,119.72,42258.86,2.338,4.942,-1.641,01/12/97,970.4299927
purchase-only,monthly,South Atlantic Division,119.79,43640.76,1.547,4.5,-2.373,01/01/98,980.2800293
purchase-only,monthly,South Atlantic Division,120.58,43640.76,1.547,4.5,-2.373,01/02/98,1049.339966
purchase-only,monthly,South Atlantic Division,120.9,43640.76,1.547,4.5,-2.373,01/03/98,1101.75
purchase-only,monthly,South Atlantic Division,121.38,43640.76,1.547,4.5,-2.373,01/04/98,1111.75
purchase-only,monthly,South Atlantic Division,121.78,43640.76,1.547,4.5,-2.373,01/05/98,1090.819946
purchase-only,monthly,South Atlantic Division,122.35,43640.76,1.547,4.5,-2.373,01/06/98,1133.839966
purchase-only,monthly,South Atlantic Division,122.69,43640.76,1.547,4.5,-2.373,01/07/98,1120.670044
purchase-only,monthly,South Atlantic Division,122.86,43640.76,1.547,4.5,-2.373,01/08/98,957.2800293
purchase-only,monthly,South Atlantic Division,123.81,43640.76,1.547,4.5,-2.373,01/09/98,1017.01001
purchase-only,monthly,South Atlantic Division,124.05,43640.76,1.547,4.5,-2.373,01/10/98,1098.670044
purchase-only,monthly,South Atlantic Division,124.78,43640.76,1.547,4.5,-2.373,01/11/98,1163.630005
purchase-only,monthly,South Atlantic Division,125.29,43640.76,1.547,4.5,-2.373,01/12/98,1229.22998
purchase-only,monthly,South Atlantic Division,126.0,45213.48,2.193,4.217,-2.976,01/01/99,1279.640015
purchase-only,monthly,South Atlantic Division,126.57,45213.48,2.193,4.217,-2.976,01/02/99,1238.329956
purchase-only,monthly,South Atlantic Division,127.08,45213.48,2.193,4.217,-2.976,01/03/99,1286.369995
purchase-only,monthly,South Atlantic Division,127.63,45213.48,2.193,4.217,-2.976,01/04/99,1335.180054
purchase-only,monthly,South Atlantic Division,128.5,45213.48,2.193,4.217,-2.976,01/05/99,1301.839966
purchase-only,monthly,South Atlantic Division,128.66,45213.48,2.193,4.217,-2.976,01/06/99,1372.709961
purchase-only,monthly,South Atlantic Division,129.48,45213.48,2.193,4.217,-2.976,01/07/99,1328.719971
purchase-only,monthly,South Atlantic Division,130.1,45213.48,2.193,4.217,-2.976,01/08/99,1320.410034
purchase-only,monthly,South Atlantic Division,130.22,45213.48,2.193,4.217,-2.976,01/09/99,1282.709961
purchase-only,monthly,South Atlantic Division,131.38,45213.48,2.193,4.217,-2.976,01/10/99,1362.930054
purchase-only,monthly,South Atlantic Division,131.78,45213.48,2.193,4.217,-2.976,01/11/99,1388.910034
purchase-only,monthly,South Atlantic Division,132.17,45213.48,2.193,4.217,-2.976,01/12/99,1469.25
purchase-only,monthly,South Atlantic Division,133.3,46539.99,3.367,3.967,-3.921,01/01/00,1394.459961
purchase-only,monthly,South Atlantic Division,133.69,46539.99,3.367,3.967,-3.921,01/02/00,1366.420044
purchase-only,monthly,South Atlantic Division,134.26,46539.99,3.367,3.967,-3.921,01/03/00,1498.579956
purchase-only,monthly,South Atlantic Division,135.37,46539.99,3.367,3.967,-3.921,01/04/00,1452.430054
purchase-only,monthly,South Atlantic Division,135.98,46539.99,3.367,3.967,-3.921,01/05/00,1420.599976
purchase-only,monthly,South Atlantic Division,136.83,46539.99,3.367,3.967,-3.921,01/06/00,1454.599976
purchase-only,monthly,South Atlantic Division,137.57,46539.99,3.367,3.967,-3.921,01/07/00,1430.829956
purchase-only,monthly,South Atlantic Division,137.93,46539.99,3.367,3.967,-3.921,01/08/00,1517.680054
purchase-only,monthly,South Atlantic Division,138.76,46539.99,3.367,3.967,-3.921,01/09/00,1436.51001
purchase-only,monthly,South Atlantic Division,139.35,46539.99,3.367,3.967,-3.921,01/10/00,1429.400024
purchase-only,monthly,South Atlantic Division,140.08,46539.99,3.367,3.967,-3.921,01/11/00,1314.949951
purchase-only,monthly,South Atlantic Division,141.39,46539.99,3.367,3.967,-3.921,01/12/00,1320.280029
purchase-only,monthly,South Atlantic Division,142.23,46503.1,2.817,4.742,-3.724,01/01/01,1366.01001
purchase-only,monthly,South Atlantic Division,142.57,46503.1,2.817,4.742,-3.724,01/02/01,1239.939941
purchase-only,monthly,South Atlantic Division,144.13,46503.1,2.817,4.742,-3.724,01/03/01,1160.329956
purchase-only,monthly,South Atlantic Division,144.93,46503.1,2.817,4.742,-3.724,01/04/01,1249.459961
purchase-only,monthly,South Atlantic Division,145.33,46503.1,2.817,4.742,-3.724,01/05/01,1255.819946
purchase-only,monthly,South Atlantic Division,146.2,46503.1,2.817,4.742,-3.724,01/06/01,1224.380005
purchase-only,monthly,South Atlantic Division,147.51,46503.1,2.817,4.742,-3.724,01/07/01,1211.22998
purchase-only,monthly,South Atlantic Division,148.24,46503.1,2.817,4.742,-3.724,01/08/01,1133.579956
purchase-only,monthly,South Atlantic Division,148.65,46503.1,2.817,4.742,-3.724,01/09/01,1040.939941
purchase-only,monthly,South Atlantic Division,149.98,46503.1,2.817,4.742,-3.724,01/10/01,1059.780029
purchase-only,monthly,South Atlantic Division,150.28,46503.1,2.817,4.742,-3.724,01/11/01,1139.449951
purchase-only,monthly,South Atlantic Division,151.51,46503.1,2.817,4.742,-3.724,01/12/01,1148.079956
purchase-only,monthly,South Atlantic Division,152.26,46831.46,1.596,5.783,-4.173,01/01/02,1130.199951
purchase-only,monthly,South Atlantic Division,153.83,46831.46,1.596,5.783,-4.173,01/02/02,1106.72998
purchase-only,monthly,South Atlantic Division,154.32,46831.46,1.596,5.783,-4.173,01/03/02,1147.390015
purchase-only,monthly,South Atlantic Division,155.38,46831.46,1.596,5.783,-4.173,01/04/02,1076.920044
purchase-only,monthly,South Atlantic Division,156.37,46831.46,1.596,5.783,-4.173,01/05/02,1067.140015
purchase-only,monthly,South Atlantic Division,157.28,46831.46,1.596,5.783,-4.173,01/06/02,989.8200073
purchase-only,monthly,South Atlantic Division,158.24,46831.46,1.596,5.783,-4.173,01/07/02,911.6199951
purchase-only,monthly,South Atlantic Division,159.0,46831.46,1.596,5.783,-4.173,01/08/02,916.0700073
purchase-only,monthly,South Atlantic Division,160.81,46831.46,1.596,5.783,-4.173,01/09/02,815.2800293
purchase-only,monthly,South Atlantic Division,161.59,46831.46,1.596,5.783,-4.173,01/10/02,885.7600098
purchase-only,monthly,South Atlantic Division,162.71,46831.46,1.596,5.783,-4.173,01/11/02,936.3099976
purchase-only,monthly,South Atlantic Division,164.04,46831.46,1.596,5.783,-4.173,01/12/02,879.8200073
purchase-only,monthly,South Atlantic Division,164.7,47691.56,2.298,5.992,-4.559,01/01/03,855.7000122
purchase-only,monthly,South Atlantic Division,166.21,47691.56,2.298,5.992,-4.559,01/02/03,841.1500244
purchase-only,monthly,South Atlantic Division,166.84,47691.56,2.298,5.992,-4.559,01/03/03,848.1799927
purchase-only,monthly,South Atlantic Division,167.86,47691.56,2.298,5.992,-4.559,01/04/03,916.9199829
purchase-only,monthly,South Atlantic Division,169.15,47691.56,2.298,5.992,-4.559,01/05/03,963.5900269
purchase-only,monthly,South Atlantic Division,170.34,47691.56,2.298,5.992,-4.559,01/06/03,974.5
purchase-only,monthly,South Atlantic Division,171.81,47691.56,2.298,5.992,-4.559,01/07/03,990.3099976
purchase-only,monthly,South Atlantic Division,172.5,47691.56,2.298,5.992,-4.559,01/08/03,1008.01001
purchase-only,monthly,South Atlantic Division,173.92,47691.56,2.298,5.992,-4.559,01/09/03,995.9699707
purchase-only,monthly,South Atlantic Division,175.06,47691.56,2.298,5.992,-4.559,01/10/03,1050.709961
purchase-only,monthly,South Atlantic Division,176.8,47691.56,2.298,5.992,-4.559,01/11/03,1058.199951
purchase-only,monthly,South Atlantic Division,177.95,47691.56,2.298,5.992,-4.559,01/12/03,1111.920044
purchase-only,monthly,South Atlantic Division,179.98,49080.56,2.668,5.542,-5.205,01/01/04,1131.130005
purchase-only,monthly,South Atlantic Division,180.91,49080.56,2.668,5.542,-5.205,01/02/04,1144.939941
purchase-only,monthly,South Atlantic Division,182.98,49080.56,2.668,5.542,-5.205,01/03/04,1126.209961
purchase-only,monthly,South Atlantic Division,184.8,49080.56,2.668,5.542,-5.205,01/04/04,1107.300049
purchase-only,monthly,South Atlantic Division,187.03,49080.56,2.668,5.542,-5.205,01/05/04,1120.680054
purchase-only,monthly,South Atlantic Division,188.81,49080.56,2.668,5.542,-5.205,01/06/04,1140.839966
purchase-only,monthly,South Atlantic Division,191.17,49080.56,2.668,5.542,-5.205,01/07/04,1101.719971
purchase-only,monthly,South Atlantic Division,193.21,49080.56,2.668,5.542,-5.205,01/08/04,1104.23999
purchase-only,monthly,South Atlantic Division,195.42,49080.56,2.668,5.542,-5.205,01/09/04,1114.579956
purchase-only,monthly,South Atlantic Division,197.23,49080.56,2.668,5.542,-5.205,01/10/04,1130.199951
purchase-only,monthly,South Atlantic Division,199.13,49080.56,2.668,5.542,-5.205,01/11/04,1173.819946
purchase-only,monthly,South Atlantic Division,201.63,49080.56,2.668,5.542,-5.205,01/12/04,1211.920044
purchase-only,monthly,South Atlantic Division,204.25,50322.52,3.366,5.083,-5.746,01/01/05,1181.27002
purchase-only,monthly,South Atlantic Division,205.95,50322.52,3.366,5.083,-5.746,01/02/05,1203.599976
purchase-only,monthly,South Atlantic Division,208.98,50322.52,3.366,5.083,-5.746,01/03/05,1180.589966
purchase-only,monthly,South Atlantic Division,211.07,50322.52,3.366,5.083,-5.746,01/04/05,1156.849976
purchase-only,monthly,South Atlantic Division,214.07,50322.52,3.366,5.083,-5.746,01/05/05,1191.5
purchase-only,monthly,South Atlantic Division,217.4,50322.52,3.366,5.083,-5.746,01/06/05,1191.329956
purchase-only,monthly,South Atlantic Division,220.01,50322.52,3.366,5.083,-5.746,01/07/05,1234.180054
purchase-only,monthly,South Atlantic Division,222.76,50322.52,3.366,5.083,-5.746,01/08/05,1220.329956
purchase-only,monthly,South Atlantic Division,224.66,50322.52,3.366,5.083,-5.746,01/09/05,1228.810059
purchase-only,monthly,South Atlantic Division,226.42,50322.52,3.366,5.083,-5.746,01/10/05,1207.01001
purchase-only,monthly,South Atlantic Division,229.26,50322.52,3.366,5.083,-5.746,01/11/05,1249.47998
purchase-only,monthly,South Atlantic Division,231.23,50322.52,3.366,5.083,-5.746,01/12/05,1248.290039
purchase-only,monthly,South Atlantic Division,233.52,51235.84,3.222,4.608,-5.911,01/01/06,1280.079956
purchase-only,monthly,South Atlantic Division,233.15,51235.84,3.222,4.608,-5.911,01/02/06,1280.660034
purchase-only,monthly,South Atlantic Division,234.9,51235.84,3.222,4.608,-5.911,01/03/06,1294.869995
purchase-only,monthly,South Atlantic Division,235.51,51235.84,3.222,4.608,-5.911,01/04/06,1310.609985
purchase-only,monthly,South Atlantic Division,235.91,51235.84,3.222,4.608,-5.911,01/05/06,1270.089966
purchase-only,monthly,South Atlantic Division,236.17,51235.84,3.222,4.608,-5.911,01/06/06,1270.199951
purchase-only,monthly,South Atlantic Division,236.26,51235.84,3.222,4.608,-5.911,01/07/06,1276.660034
purchase-only,monthly,South Atlantic Division,237.46,51235.84,3.222,4.608,-5.911,01/08/06,1303.819946
purchase-only,monthly,South Atlantic Division,237.75,51235.84,3.222,4.608,-5.911,01/09/06,1335.849976
purchase-only,monthly,South Atlantic Division,238.86,51235.84,3.222,4.608,-5.911,01/10/06,1377.939941
purchase-only,monthly,South Atlantic Division,240.05,51235.84,3.222,4.608,-5.911,01/11/06,1400.630005
purchase-only,monthly,South Atlantic Division,240.27,51235.84,3.222,4.608,-5.911,01/12/06,1418.300049
purchase-only,monthly,South Atlantic Division,239.54,51751.28,2.871,4.617,-5.089,01/01/07,1438.23999
purchase-only,monthly,South Atlantic Division,241.44,51751.28,2.871,4.617,-5.089,01/02/07,1406.819946
purchase-only,monthly,South Atlantic Division,240.79,51751.28,2.871,4.617,-5.089,01/03/07,1420.859985
purchase-only,monthly,South Atlantic Division,241.11,51751.28,2.871,4.617,-5.089,01/04/07,1482.369995
purchase-only,monthly,South Atlantic Division,240.21,51751.28,2.871,4.617,-5.089,01/05/07,1530.619995
purchase-only,monthly,South Atlantic Division,238.69,51751.28,2.871,4.617,-5.089,01/06/07,1503.349976
purchase-only,monthly,South Atlantic Division,236.17,51751.28,2.871,4.617,-5.089,01/07/07,1455.27002
purchase-only,monthly,South Atlantic Division,236.37,51751.28,2.871,4.617,-5.089,01/08/07,1473.98999
purchase-only,monthly,South Atlantic Division,235.12,51751.28,2.871,4.617,-5.089,01/09/07,1526.75
purchase-only,monthly,South Atlantic Division,233.23,51751.28,2.871,4.617,-5.089,01/10/07,1549.380005
purchase-only,monthly,South Atlantic Division,230.59,51751.28,2.871,4.617,-5.089,01/11/07,1481.140015
purchase-only,monthly,South Atlantic Division,229.15,51751.28,2.871,4.617,-5.089,01/12/07,1468.359985
purchase-only,monthly,South Atlantic Division,227.4,51335.91,3.815,5.8,-4.716,01/01/08,1378.550049
purchase-only,monthly,South Atlantic Division,224.29,51335.91,3.815,5.8,-4.716,01/02/08,1330.630005
purchase-only,monthly,South Atlantic Division,222.85,51335.91,3.815,5.8,-4.716,01/03/08,1322.699951
purchase-only,monthly,South Atlantic Division,219.61,51335.91,3.815,5.8,-4.716,01/04/08,1385.589966
purchase-only,monthly,South Atlantic Division,214.94,51335.91,3.815,5.8,-4.716,01/05/08,1400.380005
purchase-only,monthly,South Atlantic Division,213.19,51335.91,3.815,5.8,-4.716,01/06/08,1280.0
purchase-only,monthly,South Atlantic Division,210.58,51335.91,3.815,5.8,-4.716,01/07/08,1267.380005
purchase-only,monthly,South Atlantic Division,207.09,51335.91,3.815,5.8,-4.716,01/08/08,1282.829956
purchase-only,monthly,South Atlantic Division,203.72,51335.91,3.815,5.8,-4.716,01/09/08,1166.359985
purchase-only,monthly,South Atlantic Division,202.6,51335.91,3.815,5.8,-4.716,01/10/08,968.75
purchase-only,monthly,South Atlantic Division,196.89,51335.91,3.815,5.8,-4.716,01/11/08,896.2399902
purchase-only,monthly,South Atlantic Division,194.35,51335.91,3.815,5.8,-4.716,01/12/08,903.25
purchase-only,monthly,South Atlantic Division,198.49,49569.21,-0.32,9.283,-2.623,01/01/09,825.8800049
purchase-only,monthly,South Atlantic Division,198.76,49569.21,-0.32,9.283,-2.623,01/02/09,735.0900269
purchase-only,monthly,South Atlantic Division,194.99,49569.21,-0.32,9.283,-2.623,01/03/09,797.8699951
purchase-only,monthly,South Atlantic Division,193.42,49569.21,-0.32,9.283,-2.623,01/04/09,872.8099976
purchase-only,monthly,South Atlantic Division,193.76,49569.21,-0.32,9.283,-2.623,01/05/09,919.1400146
purchase-only,monthly,South Atlantic Division,193.32,49569.21,-0.32,9.283,-2.623,01/06/09,919.3200073
purchase-only,monthly,South Atlantic Division,193.61,49569.21,-0.32,9.283,-2.623,01/07/09,987.4799805
purchase-only,monthly,South Atlantic Division,191.45,49569.21,-0.32,9.283,-2.623,01/08/09,1020.619995
purchase-only,monthly,South Atlantic Division,192.73,49569.21,-0.32,9.283,-2.623,01/09/09,1057.079956
purchase-only,monthly,South Atlantic Division,190.8,49569.21,-0.32,9.283,-2.623,01/10/09,1036.189941
purchase-only,monthly,South Atlantic Division,191.97,49569.21,-0.32,9.283,-2.623,01/11/09,1095.630005
purchase-only,monthly,South Atlantic Division,188.33,49569.21,-0.32,9.283,-2.623,01/12/09,1115.099976
purchase-only,monthly,South Atlantic Division,190.15,50523.5,1.637,9.608,-2.871,01/01/10,1073.869995
purchase-only,monthly,South Atlantic Division,187.03,50523.5,1.637,9.608,-2.871,01/02/10,1104.48999
purchase-only,monthly,South Atlantic Division,187.67,50523.5,1.637,9.608,-2.871,01/03/10,1169.430054
purchase-only,monthly,South Atlantic Division,188.24,50523.5,1.637,9.608,-2.871,01/04/10,1186.689941
purchase-only,monthly,South Atlantic Division,186.21,50523.5,1.637,9.608,-2.871,01/05/10,1089.410034
purchase-only,monthly,South Atlantic Division,185.97,50523.5,1.637,9.608,-2.871,01/06/10,1030.709961
purchase-only,monthly,South Atlantic Division,183.5,50523.5,1.637,9.608,-2.871,01/07/10,1101.599976
purchase-only,monthly,South Atlantic Division,183.11,50523.5,1.637,9.608,-2.871,01/08/10,1049.329956
purchase-only,monthly,South Atlantic Division,180.46,50523.5,1.637,9.608,-2.871,01/09/10,1141.199951
purchase-only,monthly,South Atlantic Division,180.7,50523.5,1.637,9.608,-2.871,01/10/10,1183.26001
purchase-only,monthly,South Atlantic Division,180.75,50523.5,1.637,9.608,-2.871,01/11/10,1180.550049
purchase-only,monthly,South Atlantic Division,179.67,50523.5,1.637,9.608,-2.871,01/12/10,1257.640015
purchase-only,monthly,South Atlantic Division,177.12,50943.53,3.14,8.933,-2.919,01/01/11,1286.119995
purchase-only,monthly,South Atlantic Division,175.64,50943.53,3.14,8.933,-2.919,01/02/11,1327.219971
purchase-only,monthly,South Atlantic Division,173.34,50943.53,3.14,8.933,-2.919,01/03/11,1325.829956
purchase-only,monthly,South Atlantic Division,173.57,50943.53,3.14,8.933,-2.919,01/04/11,1363.609985
purchase-only,monthly,South Atlantic Division,173.63,50943.53,3.14,8.933,-2.919,01/05/11,1345.199951
purchase-only,monthly,South Atlantic Division,173.86,50943.53,3.14,8.933,-2.919,01/06/11,1320.640015
purchase-only,monthly,South Atlantic Division,173.4,50943.53,3.14,8.933,-2.919,01/07/11,1292.280029
purchase-only,monthly,South Atlantic Division,174.52,50943.53,3.14,8.933,-2.919,01/08/11,1218.890015
purchase-only,monthly,South Atlantic Division,176.76,50943.53,3.14,8.933,-2.919,01/09/11,1131.420044
purchase-only,monthly,South Atlantic Division,175.3,50943.53,3.14,8.933,-2.919,01/10/11,1253.300049
purchase-only,monthly,South Atlantic Division,174.93,50943.53,3.14,8.933,-2.919,01/11/11,1246.959961
purchase-only,monthly,South Atlantic Division,176.82,50943.53,3.14,8.933,-2.919,01/12/11,1257.599976
purchase-only,monthly,South Atlantic Division,175.35,51736.82,2.073,8.075,-2.573,01/01/12,1312.410034
purchase-only,monthly,South Atlantic Division,176.18,51736.82,2.073,8.075,-2.573,01/02/12,1365.680054
purchase-only,monthly,South Atlantic Division,176.85,51736.82,2.073,8.075,-2.573,01/03/12,1408.469971
purchase-only,monthly,South Atlantic Division,179.47,51736.82,2.073,8.075,-2.573,01/04/12,1397.910034
purchase-only,monthly,South Atlantic Division,179.5,51736.82,2.073,8.075,-2.573,01/05/12,1310.329956
purchase-only,monthly,South Atlantic Division,179.7,51736.82,2.073,8.075,-2.573,01/06/12,1362.160034
purchase-only,monthly,South Atlantic Division,180.54,51736.82,2.073,8.075,-2.573,01/07/12,1379.319946
purchase-only,monthly,South Atlantic Division,182.12,51736.82,2.073,8.075,-2.573,01/08/12,1406.579956
purchase-only,monthly,South Atlantic Division,183.22,51736.82,2.073,8.075,-2.573,01/09/12,1440.670044
purchase-only,monthly,South Atlantic Division,183.75,51736.82,2.073,8.075,-2.573,01/10/12,1412.160034
purchase-only,monthly,South Atlantic Division,184.13,51736.82,2.073,8.075,-2.573,01/11/12,1416.180054
purchase-only,monthly,South Atlantic Division,184.81,51736.82,2.073,8.075,-2.573,01/12/12,1426.189941
purchase-only,monthly,South Atlantic Division,186.54,52329.15,1.466,7.358,-2.016,01/01/13,1498.109985
purchase-only,monthly,South Atlantic Division,188.35,52329.15,1.466,7.358,-2.016,01/02/13,1514.680054
purchase-only,monthly,South Atlantic Division,190.16,52329.15,1.466,7.358,-2.016,01/03/13,1569.189941
purchase-only,monthly,South Atlantic Division,190.45,52329.15,1.466,7.358,-2.016,01/04/13,1597.569946
purchase-only,monthly,South Atlantic Division,192.91,52329.15,1.466,7.358,-2.016,01/05/13,1630.73999
purchase-only,monthly,South Atlantic Division,193.7,52329.15,1.466,7.358,-2.016,01/06/13,1606.280029
purchase-only,monthly,South Atlantic Division,195.27,52329.15,1.466,7.358,-2.016,01/07/13,1685.72998
purchase-only,monthly,South Atlantic Division,195.93,52329.15,1.466,7.358,-2.016,01/08/13,1632.969971
purchase-only,monthly,South Atlantic Division,196.12,52329.15,1.466,7.358,-2.016,01/09/13,1681.550049
purchase-only,monthly,South Atlantic Division,197.08,52329.15,1.466,7.358,-2.016,01/10/13,1756.540039
purchase-only,monthly,South Atlantic Division,197.28,52329.15,1.466,7.358,-2.016,01/11/13,1805.810059
purchase-only,monthly,South Atlantic Division,198.85,52329.15,1.466,7.358,-2.016,01/12/13,1848.359985
purchase-only,monthly,South Atlantic Division,199.07,53141.85,1.615,6.158,-2.109,01/01/14,1782.589966
purchase-only,monthly,South Atlantic Division,200.12,53141.85,1.615,6.158,-2.109,01/02/14,1859.449951
purchase-only,monthly,South Atlantic Division,200.76,53141.85,1.615,6.158,-2.109,01/03/14,1872.339966
purchase-only,monthly,South Atlantic Division,201.21,53141.85,1.615,6.158,-2.109,01/04/14,1883.949951
purchase-only,monthly,South Atlantic Division,202.06,53141.85,1.615,6.158,-2.109,01/05/14,1923.569946
purchase-only,monthly,South Atlantic Division,203.46,53141.85,1.615,6.158,-2.109,01/06/14,1960.22998
purchase-only,monthly,South Atlantic Division,204.15,53141.85,1.615,6.158,-2.109,01/07/14,1930.670044
purchase-only,monthly,South Atlantic Division,203.57,53141.85,1.615,6.158,-2.109,01/08/14,2003.369995
purchase-only,monthly,South Atlantic Division,204.51,53141.85,1.615,6.158,-2.109,01/09/14,1972.290039
purchase-only,monthly,South Atlantic Division,205.72,53141.85,1.615,6.158,-2.109,01/10/14,2018.050049
purchase-only,monthly,South Atlantic Division,207.55,53141.85,1.615,6.158,-2.109,01/11/14,2067.560059
purchase-only,monthly,South Atlantic Division,208.8,53141.85,1.615,6.158,-2.109,01/12/14,2058.899902
purchase-only,monthly,South Atlantic Division,208.09,54187.9,0.121,5.275,-2.244,01/01/15,1994.98999
purchase-only,monthly,South Atlantic Division,211.6,54187.9,0.121,5.275,-2.244,01/02/15,2104.5
purchase-only,monthly,South Atlantic Division,212.3,54187.9,0.121,5.275,-2.244,01/03/15,2067.889893
purchase-only,monthly,South Atlantic Division,212.24,54187.9,0.121,5.275,-2.244,01/04/15,2085.51001
purchase-only,monthly,South Atlantic Division,214.03,54187.9,0.121,5.275,-2.244,01/05/15,2107.389893
purchase-only,monthly,South Atlantic Division,215.14,54187.9,0.121,5.275,-2.244,01/06/15,2063.110107
purchase-only,monthly,South Atlantic Division,216.25,54187.9,0.121,5.275,-2.244,01/07/15,2103.840088
purchase-only,monthly,South Atlantic Division,216.49,54187.9,0.121,5.275,-2.244,01/08/15,1972.180054
purchase-only,monthly,South Atlantic Division,218.04,54187.9,0.121,5.275,-2.244,01/09/15,1920.030029
purchase-only,monthly,South Atlantic Division,219.54,54187.9,0.121,5.275,-2.244,01/10/15,2079.360107
purchase-only,monthly,South Atlantic Division,220.61,54187.9,0.121,5.275,-2.244,01/11/15,2080.409912
purchase-only,monthly,South Atlantic Division,221.33,54187.9,0.121,5.275,-2.244,01/12/15,2043.939941
purchase-only,monthly,South Atlantic Division,223.74,54700.34,1.267,4.875,-2.119,01/01/16,1940.23999
purchase-only,monthly,South Atlantic Division,222.01,54700.34,1.267,4.875,-2.119,01/02/16,1932.22998
purchase-only,monthly,South Atlantic Division,224.64,54700.34,1.267,4.875,-2.119,01/03/16,2059.73999
purchase-only,monthly,South Atlantic Division,226.37,54700.34,1.267,4.875,-2.119,01/04/16,2065.300049
purchase-only,monthly,South Atlantic Division,226.83,54700.34,1.267,4.875,-2.119,01/05/16,2096.949951
purchase-only,monthly,South Atlantic Division,229.05,54700.34,1.267,4.875,-2.119,01/06/16,2098.860107
purchase-only,monthly,South Atlantic Division,230.04,54700.34,1.267,4.875,-2.119,01/07/16,2173.600098
purchase-only,monthly,South Atlantic Division,231.3,54700.34,1.267,4.875,-2.119,01/08/16,2170.949951
purchase-only,monthly,South Atlantic Division,232.63,54700.34,1.267,4.875,-2.119,01/09/16,2168.27002
purchase-only,monthly,South Atlantic Division,234.26,54700.34,1.267,4.875,-2.119,01/10/16,2126.149902
purchase-only,monthly,South Atlantic Division,234.56,54700.34,1.267,4.875,-2.119,01/11/16,2198.810059
purchase-only,monthly,South Atlantic Division,236.37,54700.34,1.267,4.875,-2.119,01/12/16,2238.830078
purchase-only,monthly,South Atlantic Division,236.52,55572.58,2.131,4.358,-1.887,01/01/17,2278.870117
purchase-only,monthly,South Atlantic Division,237.19,55572.58,2.131,4.358,-1.887,01/02/17,2363.639893
purchase-only,monthly,South Atlantic Division,238.93,55572.58,2.131,4.358,-1.887,01/03/17,2362.719971
purchase-only,monthly,South Atlantic Division,241.7,55572.58,2.131,4.358,-1.887,01/04/17,2384.199951
purchase-only,monthly,South Atlantic Division,241.71,55572.58,2.131,4.358,-1.887,01/05/17,2411.800049
purchase-only,monthly,South Atlantic Division,243.22,55572.58,2.131,4.358,-1.887,01/06/17,2423.409912
purchase-only,monthly,South Atlantic Division,244.39,55572.58,2.131,4.358,-1.887,01/07/17,2470.300049
purchase-only,monthly,South Atlantic Division,246.64,55572.58,2.131,4.358,-1.887,01/08/17,2471.649902
purchase-only,monthly,South Atlantic Division,247.12,55572.58,2.131,4.358,-1.887,01/09/17,2519.360107
purchase-only,monthly,South Atlantic Division,248.25,55572.58,2.131,4.358,-1.887,01/10/17,2575.26001
purchase-only,monthly,South Atlantic Division,249.71,55572.58,2.131,4.358,-1.887,01/11/17,2647.580078
purchase-only,monthly,South Atlantic Division,251.23,55572.58,2.131,4.358,-1.887,01/12/17,2673.610107
purchase-only,monthly,South Atlantic Division,253.33,56904.34,2.439,3.892,-2.142,01/01/18,2823.810059
purchase-only,monthly,South Atlantic Division,254.75,56904.34,2.439,3.892,-2.142,01/02/18,2713.830078
purchase-only,monthly,South Atlantic Division,255.95,56904.34,2.439,3.892,-2.142,01/03/18,2640.870117
purchase-only,monthly,South Atlantic Division,257.84,56904.34,2.439,3.892,-2.142,01/04/18,2648.050049
purchase-only,monthly,South Atlantic Division,259.02,56904.34,2.439,3.892,-2.142,01/05/18,2705.27002
purchase-only,monthly,South Atlantic Division,258.57,56904.34,2.439,3.892,-2.142,01/06/18,2718.370117
purchase-only,monthly,South Atlantic Division,261.1,56904.34,2.439,3.892,-2.142,01/07/18,2816.290039
purchase-only,monthly,South Atlantic Division,262.38,56904.34,2.439,3.892,-2.142,01/08/18,2901.52002
purchase-only,monthly,South Atlantic Division,262.94,56904.34,2.439,3.892,-2.142,01/09/18,2913.97998
purchase-only,monthly,South Atlantic Division,262.57,56904.34,2.439,3.892,-2.142,01/10/18,2711.73999
purchase-only,monthly,South Atlantic Division,265.19,56904.34,2.439,3.892,-2.142,01/11/18,2760.169922
purchase-only,monthly,South Atlantic Division,266.76,56904.34,2.439,3.892,-2.142,01/12/18,2506.850098
purchase-only,monthly,South Atlantic Division,267.99,57940.11,1.813,3.683,-2.066,01/01/19,2704.100098
purchase-only,monthly,South Atlantic Division,267.8,57940.11,1.813,3.683,-2.066,01/02/19,2784.48999
purchase-only,monthly,South Atlantic Division,269.36,57940.11,1.813,3.683,-2.066,01/03/19,2834.399902
purchase-only,monthly,South Atlantic Division,270.82,57940.11,1.813,3.683,-2.066,01/04/19,2945.830078
purchase-only,monthly,South Atlantic Division,272.91,57940.11,1.813,3.683,-2.066,01/05/19,2752.060059
purchase-only,monthly,South Atlantic Division,273.15,57940.11,1.813,3.683,-2.066,01/06/19,2941.76001
purchase-only,monthly,South Atlantic Division,273.98,57940.11,1.813,3.683,-2.066,01/07/19,2980.379883
purchase-only,monthly,South Atlantic Division,274.73,57940.11,1.813,3.683,-2.066,01/08/19,2926.459961
purchase-only,monthly,South Atlantic Division,277.82,57940.11,1.813,3.683,-2.066,01/09/19,2976.73999
purchase-only,monthly,South Atlantic Division,279.27,57940.11,1.813,3.683,-2.066,01/10/19,3037.560059
purchase-only,monthly,South Atlantic Division,280.73,57940.11,1.813,3.683,-2.066,01/11/19,3140.97998
purchase-only,monthly,South Atlantic Division,282.29,57940.11,1.813,3.683,-2.066,01/12/19,3230.780029
purchase-only,monthly,South Atlantic Division,285.6,55875.47,1.251,8.092,-2.835,01/01/20,3225.52002
purchase-only,monthly,South Atlantic Division,287.86,55875.47,1.251,8.092,-2.835,01/02/20,2954.219971
purchase-only,monthly,South Atlantic Division,286.96,55875.47,1.251,8.092,-2.835,01/03/20,2584.590088
purchase-only,monthly,South Atlantic Division,287.61,55875.47,1.251,8.092,-2.835,01/04/20,2912.429932
purchase-only,monthly,South Atlantic Division,287.66,55875.47,1.251,8.092,-2.835,01/05/20,3044.310059
purchase-only,monthly,South Atlantic Division,290.64,55875.47,1.251,8.092,-2.835,01/06/20,3100.290039
purchase-only,monthly,South Atlantic Division,294.17,55875.47,1.251,8.092,-2.835,01/07/20,3271.120117
purchase-only,monthly,South Atlantic Division,299.13,55875.47,1.251,8.092,-2.835,01/08/20,3500.310059
purchase-only,monthly,South Atlantic Division,303.53,55875.47,1.251,8.092,-2.835,01/09/20,3363.0
purchase-only,monthly,South Atlantic Division,308.63,55875.47,1.251,8.092,-2.835,01/10/20,3269.959961
purchase-only,monthly,South Atlantic Division,312.72,55875.47,1.251,8.092,-2.835,01/11/20,3621.629883
purchase-only,monthly,South Atlantic Division,316.76,55875.47,1.251,8.092,-2.835,01/12/20,3756.070068
purchase-only,monthly,South Atlantic Division,320.63,59009.85,4.683,5.367,-3.566,01/01/21,3714.23999
purchase-only,monthly,South Atlantic Division,323.03,59009.85,4.683,5.367,-3.566,01/02/21,3811.149902
purchase-only,monthly,South Atlantic Division,329.69,59009.85,4.683,5.367,-3.566,01/03/21,3972.889893
purchase-only,monthly,South Atlantic Division,333.62,59009.85,4.683,5.367,-3.566,01/04/21,4181.169922
purchase-only,monthly,South Atlantic Division,339.61,59009.85,4.683,5.367,-3.566,01/05/21,4204.109863
purchase-only,monthly,South Atlantic Division,346.82,59009.85,4.683,5.367,-3.566,01/06/21,4297.5
purchase-only,monthly,South Atlantic Division,353.62,59009.85,4.683,5.367,-3.566,01/07/21,4395.259766
purchase-only,monthly,South Atlantic Division,360.44,59009.85,4.683,5.367,-3.566,01/08/21,4522.680176
purchase-only,monthly,South Atlantic Division,364.44,59009.85,4.683,5.367,-3.566,01/09/21,4307.540039
purchase-only,monthly,South Atlantic Division,369.63,59009.85,4.683,5.367,-3.566,01/10/21,4605.379883
purchase-only,monthly,South Atlantic Division,377.06,59009.85,4.683,5.367,-3.566,01/11/21,4567.0
purchase-only,monthly,South Atlantic Division,383.32,59009.85,4.683,5.367,-3.566,01/12/21,4766.180176
purchase-only,monthly,South Atlantic Division,389.72,60007.14,7.986,3.642,-3.816,01/01/22,4515.549805
purchase-only,monthly,South Atlantic Division,398.48,60007.14,7.986,3.642,-3.816,01/02/22,4373.939941
purchase-only,monthly,South Atlantic Division,404.34,60007.14,7.986,3.642,-3.816,01/03/22,4530.410156
purchase-only,monthly,South Atlantic Division,411.77,60007.14,7.986,3.642,-3.816,01/04/22,4131.930176
purchase-only,monthly,South Atlantic Division,417.67,60007.14,7.986,3.642,-3.816,01/05/22,4132.149902
purchase-only,monthly,South Atlantic Division,421.06,60007.14,7.986,3.642,-3.816,01/06/22,3785.379883
purchase-only,monthly,South Atlantic Division,418.34,60007.14,7.986,3.642,-3.816,01/07/22,4130.290039
purchase-only,monthly,South Atlantic Division,417.32,60007.14,7.986,3.642,-3.816,01/08/22,3955.0
purchase-only,monthly,South Atlantic Division,419.8,60007.14,7.986,3.642,-3.816,01/09/22,3585.620117
purchase-only,monthly,South Atlantic Division,421.17,60007.14,7.986,3.642,-3.816,01/10/22,3871.97998
purchase-only,monthly,South Atlantic Division,422.17,60007.14,7.986,3.642,-3.816,01/11/22,4080.110107
purchase-only,monthly,South Atlantic Division,423.39,60007.14,7.986,3.642,-3.816,01/12/22,3839.5
purchase-only,monthly,South Atlantic Division,425.1,60963.65,4.084,3.569,-2.951,01/01/23,4076.600098
purchase-only,monthly,South Atlantic Division,427.24,60963.65,4.084,3.569,-2.951,01/02/23,3970.149902
purchase-only,monthly,South Atlantic Division,429.66,60963.65,4.084,3.569,-2.951,01/03/23,4109.310059
purchase-only,monthly,South Atlantic Division,432.01,60963.65,4.084,3.569,-2.951,01/04/23,4169.47998
purchase-only,monthly,South Atlantic Division,435.52,60963.65,4.084,3.569,-2.951,01/05/23,4179.830078
purchase-only,monthly,South Atlantic Division,439.34,60963.65,4.084,3.569,-2.951,01/06/23,4450.379883
purchase-only,monthly,South Atlantic Division,443.56,60963.65,4.084,3.569,-2.951,01/07/23,4588.959961
purchase-only,monthly,South Atlantic Division,444.57,60963.65,4.084,3.569,-2.951,01/08/23,4507.660156
purchase-only,monthly,South Atlantic Division,451.04,60963.65,4.084,3.569,-2.951,01/09/23,4288.049805
purchase-only,monthly,South Atlantic Division,451.42,60963.65,4.084,3.569,-2.951,01/10/23,4193.799805
purchase-only,monthly,South Atlantic Division,453.22,60963.65,4.084,3.569,-2.951,01/11/23,4567.799805
purchase-only,monthly,West North Central Division,100.0,36944.07,4.216,6.85,0.047,01/01/91,343.9299927
purchase-only,monthly,West North Central Division,100.49,36944.07,4.216,6.85,0.047,01/02/91,367.0700073
purchase-only,monthly,West North Central Division,100.17,36944.07,4.216,6.85,0.047,01/03/91,375.2200012
purchase-only,monthly,West North Central Division,100.39,36944.07,4.216,6.85,0.047,01/04/91,375.3399963
purchase-only,monthly,West North Central Division,100.33,36944.07,4.216,6.85,0.047,01/05/91,389.8299866
purchase-only,monthly,West North Central Division,100.57,36944.07,4.216,6.85,0.047,01/06/91,371.1600037
purchase-only,monthly,West North Central Division,100.4,36944.07,4.216,6.85,0.047,01/07/91,387.8099976
purchase-only,monthly,West North Central Division,100.78,36944.07,4.216,6.85,0.047,01/08/91,395.4299927
purchase-only,monthly,West North Central Division,100.89,36944.07,4.216,6.85,0.047,01/09/91,387.8599854
purchase-only,monthly,West North Central Division,101.53,36944.07,4.216,6.85,0.047,01/10/91,392.4500122
purchase-only,monthly,West North Central Division,101.48,36944.07,4.216,6.85,0.047,01/11/91,375.2200012
purchase-only,monthly,West North Central Division,102.55,36944.07,4.216,6.85,0.047,01/12/91,417.0899963
purchase-only,monthly,West North Central Division,102.38,37741.19,3.042,7.492,-0.792,01/01/92,408.7799988
purchase-only,monthly,West North Central Division,102.91,37741.19,3.042,7.492,-0.792,01/02/92,412.7000122
purchase-only,monthly,West North Central Division,103.66,37741.19,3.042,7.492,-0.792,01/03/92,403.6900024
purchase-only,monthly,West North Central Division,103.65,37741.19,3.042,7.492,-0.792,01/04/92,414.9500122
purchase-only,monthly,West North Central Division,103.85,37741.19,3.042,7.492,-0.792,01/05/92,415.3500061
purchase-only,monthly,West North Central Division,104.25,37741.19,3.042,7.492,-0.792,01/06/92,408.1400146
purchase-only,monthly,West North Central Division,104.71,37741.19,3.042,7.492,-0.792,01/07/92,424.2099915
purchase-only,monthly,West North Central Division,104.9,37741.19,3.042,7.492,-0.792,01/08/92,414.0299988
purchase-only,monthly,West North Central Division,105.49,37741.19,3.042,7.492,-0.792,01/09/92,417.7999878
purchase-only,monthly,West North Central Division,105.69,37741.19,3.042,7.492,-0.792,01/10/92,418.6799927
purchase-only,monthly,West North Central Division,106.07,37741.19,3.042,7.492,-0.792,01/11/92,431.3500061
purchase-only,monthly,West North Central Division,106.3,37741.19,3.042,7.492,-0.792,01/12/92,435.7099915
purchase-only,monthly,West North Central Division,107.36,38277.58,2.97,6.908,-1.237,01/01/93,438.7799988
purchase-only,monthly,West North Central Division,107.68,38277.58,2.97,6.908,-1.237,01/02/93,443.3800049
purchase-only,monthly,West North Central Division,106.89,38277.58,2.97,6.908,-1.237,01/03/93,451.6700134
purchase-only,monthly,West North Central Division,108.21,38277.58,2.97,6.908,-1.237,01/04/93,440.1900024
purchase-only,monthly,West North Central Division,108.89,38277.58,2.97,6.908,-1.237,01/05/93,450.1900024
purchase-only,monthly,West North Central Division,109.5,38277.58,2.97,6.908,-1.237,01/06/93,450.5299988
purchase-only,monthly,West North Central Division,109.94,38277.58,2.97,6.908,-1.237,01/07/93,448.1300049
purchase-only,monthly,West North Central Division,110.67,38277.58,2.97,6.908,-1.237,01/08/93,463.5599976
purchase-only,monthly,West North Central Division,111.46,38277.58,2.97,6.908,-1.237,01/09/93,458.9299927
purchase-only,monthly,West North Central Division,112.05,38277.58,2.97,6.908,-1.237,01/10/93,467.8299866
purchase-only,monthly,West North Central Division,112.51,38277.58,2.97,6.908,-1.237,01/11/93,461.7900085
purchase-only,monthly,West North Central Division,113.3,38277.58,2.97,6.908,-1.237,01/12/93,466.4500122
purchase-only,monthly,West North Central Division,113.83,39339.0,2.596,6.1,-1.669,01/01/94,481.6099854
purchase-only,monthly,West North Central Division,113.86,39339.0,2.596,6.1,-1.669,01/02/94,467.1400146
purchase-only,monthly,West North Central Division,114.81,39339.0,2.596,6.1,-1.669,01/03/94,445.769989
purchase-only,monthly,West North Central Division,115.12,39339.0,2.596,6.1,-1.669,01/04/94,450.9100037
purchase-only,monthly,West North Central Division,115.48,39339.0,2.596,6.1,-1.669,01/05/94,456.5
purchase-only,monthly,West North Central Division,115.84,39339.0,2.596,6.1,-1.669,01/06/94,444.269989
purchase-only,monthly,West North Central Division,116.34,39339.0,2.596,6.1,-1.669,01/07/94,458.2600098
purchase-only,monthly,West North Central Division,116.77,39339.0,2.596,6.1,-1.669,01/08/94,475.4899902
purchase-only,monthly,West North Central Division,116.67,39339.0,2.596,6.1,-1.669,01/09/94,462.7099915
purchase-only,monthly,West North Central Division,117.02,39339.0,2.596,6.1,-1.669,01/10/94,472.3500061
purchase-only,monthly,West North Central Division,117.84,39339.0,2.596,6.1,-1.669,01/11/94,453.6900024
purchase-only,monthly,West North Central Division,117.51,39339.0,2.596,6.1,-1.669,01/12/94,459.269989
purchase-only,monthly,West North Central Division,118.16,39919.87,2.805,5.592,-1.487,01/01/95,470.4200134
purchase-only,monthly,West North Central Division,118.92,39919.87,2.805,5.592,-1.487,01/02/95,487.3900146
purchase-only,monthly,West North Central Division,119.12,39919.87,2.805,5.592,-1.487,01/03/95,500.7099915
purchase-only,monthly,West North Central Division,119.57,39919.87,2.805,5.592,-1.487,01/04/95,514.710022
purchase-only,monthly,West North Central Division,120.0,39919.87,2.805,5.592,-1.487,01/05/95,533.4000244
purchase-only,monthly,West North Central Division,120.69,39919.87,2.805,5.592,-1.487,01/06/95,544.75
purchase-only,monthly,West North Central Division,121.1,39919.87,2.805,5.592,-1.487,01/07/95,562.0599976
purchase-only,monthly,West North Central Division,121.76,39919.87,2.805,5.592,-1.487,01/08/95,561.8800049
purchase-only,monthly,West North Central Division,122.36,39919.87,2.805,5.592,-1.487,01/09/95,584.4099731
purchase-only,monthly,West North Central Division,122.91,39919.87,2.805,5.592,-1.487,01/10/95,581.5
purchase-only,monthly,West North Central Division,122.89,39919.87,2.805,5.592,-1.487,01/11/95,605.3699951
purchase-only,monthly,West North Central Division,123.77,39919.87,2.805,5.592,-1.487,01/12/95,615.9299927
purchase-only,monthly,West North Central Division,123.9,40946.0,2.937,5.408,-1.546,01/01/96,636.0200195
purchase-only,monthly,West North Central Division,124.34,40946.0,2.937,5.408,-1.546,01/02/96,640.4299927
purchase-only,monthly,West North Central Division,124.96,40946.0,2.937,5.408,-1.546,01/03/96,645.5
purchase-only,monthly,West North Central Division,125.7,40946.0,2.937,5.408,-1.546,01/04/96,654.1699829
purchase-only,monthly,West North Central Division,125.97,40946.0,2.937,5.408,-1.546,01/05/96,669.1199951
purchase-only,monthly,West North Central Division,126.1,40946.0,2.937,5.408,-1.546,01/06/96,670.6300049
purchase-only,monthly,West North Central Division,126.66,40946.0,2.937,5.408,-1.546,01/07/96,639.9500122
purchase-only,monthly,West North Central Division,126.79,40946.0,2.937,5.408,-1.546,01/08/96,651.9899902
purchase-only,monthly,West North Central Division,127.32,40946.0,2.937,5.408,-1.546,01/09/96,687.3300171
purchase-only,monthly,West North Central Division,127.62,40946.0,2.937,5.408,-1.546,01/10/96,705.2700195
purchase-only,monthly,West North Central Division,127.89,40946.0,2.937,5.408,-1.546,01/11/96,757.0200195
purchase-only,monthly,West North Central Division,128.89,40946.0,2.937,5.408,-1.546,01/12/96,740.7399902
purchase-only,monthly,West North Central Division,128.86,42258.86,2.338,4.942,-1.641,01/01/97,786.1599731
purchase-only,monthly,West North Central Division,129.28,42258.86,2.338,4.942,-1.641,01/02/97,790.8200073
purchase-only,monthly,West North Central Division,129.88,42258.86,2.338,4.942,-1.641,01/03/97,757.1199951
purchase-only,monthly,West North Central Division,129.68,42258.86,2.338,4.942,-1.641,01/04/97,801.3400269
purchase-only,monthly,West North Central Division,130.71,42258.86,2.338,4.942,-1.641,01/05/97,848.2800293
purchase-only,monthly,West North Central Division,130.31,42258.86,2.338,4.942,-1.641,01/06/97,885.1400146
purchase-only,monthly,West North Central Division,131.27,42258.86,2.338,4.942,-1.641,01/07/97,954.3099976
purchase-only,monthly,West North Central Division,131.36,42258.86,2.338,4.942,-1.641,01/08/97,899.4699707
purchase-only,monthly,West North Central Division,132.23,42258.86,2.338,4.942,-1.641,01/09/97,947.2800293
purchase-only,monthly,West North Central Division,132.57,42258.86,2.338,4.942,-1.641,01/10/97,914.6199951
purchase-only,monthly,West North Central Division,132.64,42258.86,2.338,4.942,-1.641,01/11/97,955.4000244
purchase-only,monthly,West North Central Division,132.89,42258.86,2.338,4.942,-1.641,01/12/97,970.4299927
purchase-only,monthly,West North Central Division,134.94,43640.76,1.547,4.5,-2.373,01/01/98,980.2800293
purchase-only,monthly,West North Central Division,135.05,43640.76,1.547,4.5,-2.373,01/02/98,1049.339966
purchase-only,monthly,West North Central Division,135.08,43640.76,1.547,4.5,-2.373,01/03/98,1101.75
purchase-only,monthly,West North Central Division,135.2,43640.76,1.547,4.5,-2.373,01/04/98,1111.75
purchase-only,monthly,West North Central Division,136.07,43640.76,1.547,4.5,-2.373,01/05/98,1090.819946
purchase-only,monthly,West North Central Division,137.34,43640.76,1.547,4.5,-2.373,01/06/98,1133.839966
purchase-only,monthly,West North Central Division,137.54,43640.76,1.547,4.5,-2.373,01/07/98,1120.670044
purchase-only,monthly,West North Central Division,138.21,43640.76,1.547,4.5,-2.373,01/08/98,957.2800293
purchase-only,monthly,West North Central Division,139.16,43640.76,1.547,4.5,-2.373,01/09/98,1017.01001
purchase-only,monthly,West North Central Division,140.03,43640.76,1.547,4.5,-2.373,01/10/98,1098.670044
purchase-only,monthly,West North Central Division,141.76,43640.76,1.547,4.5,-2.373,01/11/98,1163.630005
purchase-only,monthly,West North Central Division,142.51,43640.76,1.547,4.5,-2.373,01/12/98,1229.22998
purchase-only,monthly,West North Central Division,143.18,45213.48,2.193,4.217,-2.976,01/01/99,1279.640015
purchase-only,monthly,West North Central Division,143.34,45213.48,2.193,4.217,-2.976,01/02/99,1238.329956
purchase-only,monthly,West North Central Division,144.04,45213.48,2.193,4.217,-2.976,01/03/99,1286.369995
purchase-only,monthly,West North Central Division,144.91,45213.48,2.193,4.217,-2.976,01/04/99,1335.180054
purchase-only,monthly,West North Central Division,145.52,45213.48,2.193,4.217,-2.976,01/05/99,1301.839966
purchase-only,monthly,West North Central Division,146.36,45213.48,2.193,4.217,-2.976,01/06/99,1372.709961
purchase-only,monthly,West North Central Division,146.78,45213.48,2.193,4.217,-2.976,01/07/99,1328.719971
purchase-only,monthly,West North Central Division,148.25,45213.48,2.193,4.217,-2.976,01/08/99,1320.410034
purchase-only,monthly,West North Central Division,147.92,45213.48,2.193,4.217,-2.976,01/09/99,1282.709961
purchase-only,monthly,West North Central Division,148.46,45213.48,2.193,4.217,-2.976,01/10/99,1362.930054
purchase-only,monthly,West North Central Division,149.28,45213.48,2.193,4.217,-2.976,01/11/99,1388.910034
purchase-only,monthly,West North Central Division,150.07,45213.48,2.193,4.217,-2.976,01/12/99,1469.25
purchase-only,monthly,West North Central Division,151.04,46539.99,3.367,3.967,-3.921,01/01/00,1394.459961
purchase-only,monthly,West North Central Division,152.1,46539.99,3.367,3.967,-3.921,01/02/00,1366.420044
purchase-only,monthly,West North Central Division,152.7,46539.99,3.367,3.967,-3.921,01/03/00,1498.579956
purchase-only,monthly,West North Central Division,154.03,46539.99,3.367,3.967,-3.921,01/04/00,1452.430054
purchase-only,monthly,West North Central Division,154.35,46539.99,3.367,3.967,-3.921,01/05/00,1420.599976
purchase-only,monthly,West North Central Division,155.11,46539.99,3.367,3.967,-3.921,01/06/00,1454.599976
purchase-only,monthly,West North Central Division,155.77,46539.99,3.367,3.967,-3.921,01/07/00,1430.829956
purchase-only,monthly,West North Central Division,156.54,46539.99,3.367,3.967,-3.921,01/08/00,1517.680054
purchase-only,monthly,West North Central Division,157.31,46539.99,3.367,3.967,-3.921,01/09/00,1436.51001
purchase-only,monthly,West North Central Division,158.33,46539.99,3.367,3.967,-3.921,01/10/00,1429.400024
purchase-only,monthly,West North Central Division,158.37,46539.99,3.367,3.967,-3.921,01/11/00,1314.949951
purchase-only,monthly,West North Central Division,159.25,46539.99,3.367,3.967,-3.921,01/12/00,1320.280029
purchase-only,monthly,West North Central Division,160.64,46503.1,2.817,4.742,-3.724,01/01/01,1366.01001
purchase-only,monthly,West North Central Division,161.32,46503.1,2.817,4.742,-3.724,01/02/01,1239.939941
purchase-only,monthly,West North Central Division,161.92,46503.1,2.817,4.742,-3.724,01/03/01,1160.329956
purchase-only,monthly,West North Central Division,163.67,46503.1,2.817,4.742,-3.724,01/04/01,1249.459961
purchase-only,monthly,West North Central Division,163.97,46503.1,2.817,4.742,-3.724,01/05/01,1255.819946
purchase-only,monthly,West North Central Division,164.7,46503.1,2.817,4.742,-3.724,01/06/01,1224.380005
purchase-only,monthly,West North Central Division,165.73,46503.1,2.817,4.742,-3.724,01/07/01,1211.22998
purchase-only,monthly,West North Central Division,165.95,46503.1,2.817,4.742,-3.724,01/08/01,1133.579956
purchase-only,monthly,West North Central Division,167.04,46503.1,2.817,4.742,-3.724,01/09/01,1040.939941
purchase-only,monthly,West North Central Division,168.13,46503.1,2.817,4.742,-3.724,01/10/01,1059.780029
purchase-only,monthly,West North Central Division,167.98,46503.1,2.817,4.742,-3.724,01/11/01,1139.449951
purchase-only,monthly,West North Central Division,169.62,46503.1,2.817,4.742,-3.724,01/12/01,1148.079956
purchase-only,monthly,West North Central Division,169.96,46831.46,1.596,5.783,-4.173,01/01/02,1130.199951
purchase-only,monthly,West North Central Division,170.3,46831.46,1.596,5.783,-4.173,01/02/02,1106.72998
purchase-only,monthly,West North Central Division,171.45,46831.46,1.596,5.783,-4.173,01/03/02,1147.390015
purchase-only,monthly,West North Central Division,172.11,46831.46,1.596,5.783,-4.173,01/04/02,1076.920044
purchase-only,monthly,West North Central Division,172.79,46831.46,1.596,5.783,-4.173,01/05/02,1067.140015
purchase-only,monthly,West North Central Division,173.94,46831.46,1.596,5.783,-4.173,01/06/02,989.8200073
purchase-only,monthly,West North Central Division,174.39,46831.46,1.596,5.783,-4.173,01/07/02,911.6199951
purchase-only,monthly,West North Central Division,175.29,46831.46,1.596,5.783,-4.173,01/08/02,916.0700073
purchase-only,monthly,West North Central Division,176.08,46831.46,1.596,5.783,-4.173,01/09/02,815.2800293
purchase-only,monthly,West North Central Division,176.81,46831.46,1.596,5.783,-4.173,01/10/02,885.7600098
purchase-only,monthly,West North Central Division,177.64,46831.46,1.596,5.783,-4.173,01/11/02,936.3099976
purchase-only,monthly,West North Central Division,179.34,46831.46,1.596,5.783,-4.173,01/12/02,879.8200073
purchase-only,monthly,West North Central Division,180.01,47691.56,2.298,5.992,-4.559,01/01/03,855.7000122
purchase-only,monthly,West North Central Division,180.64,47691.56,2.298,5.992,-4.559,01/02/03,841.1500244
purchase-only,monthly,West North Central Division,181.46,47691.56,2.298,5.992,-4.559,01/03/03,848.1799927
purchase-only,monthly,West North Central Division,181.56,47691.56,2.298,5.992,-4.559,01/04/03,916.9199829
purchase-only,monthly,West North Central Division,182.22,47691.56,2.298,5.992,-4.559,01/05/03,963.5900269
purchase-only,monthly,West North Central Division,183.12,47691.56,2.298,5.992,-4.559,01/06/03,974.5
purchase-only,monthly,West North Central Division,184.07,47691.56,2.298,5.992,-4.559,01/07/03,990.3099976
purchase-only,monthly,West North Central Division,185.25,47691.56,2.298,5.992,-4.559,01/08/03,1008.01001
purchase-only,monthly,West North Central Division,186.23,47691.56,2.298,5.992,-4.559,01/09/03,995.9699707
purchase-only,monthly,West North Central Division,186.74,47691.56,2.298,5.992,-4.559,01/10/03,1050.709961
purchase-only,monthly,West North Central Division,188.31,47691.56,2.298,5.992,-4.559,01/11/03,1058.199951
purchase-only,monthly,West North Central Division,188.45,47691.56,2.298,5.992,-4.559,01/12/03,1111.920044
purchase-only,monthly,West North Central Division,189.91,49080.56,2.668,5.542,-5.205,01/01/04,1131.130005
purchase-only,monthly,West North Central Division,190.57,49080.56,2.668,5.542,-5.205,01/02/04,1144.939941
purchase-only,monthly,West North Central Division,191.32,49080.56,2.668,5.542,-5.205,01/03/04,1126.209961
purchase-only,monthly,West North Central Division,191.46,49080.56,2.668,5.542,-5.205,01/04/04,1107.300049
purchase-only,monthly,West North Central Division,193.17,49080.56,2.668,5.542,-5.205,01/05/04,1120.680054
purchase-only,monthly,West North Central Division,193.8,49080.56,2.668,5.542,-5.205,01/06/04,1140.839966
purchase-only,monthly,West North Central Division,194.41,49080.56,2.668,5.542,-5.205,01/07/04,1101.719971
purchase-only,monthly,West North Central Division,195.49,49080.56,2.668,5.542,-5.205,01/08/04,1104.23999
purchase-only,monthly,West North Central Division,196.11,49080.56,2.668,5.542,-5.205,01/09/04,1114.579956
purchase-only,monthly,West North Central Division,196.96,49080.56,2.668,5.542,-5.205,01/10/04,1130.199951
purchase-only,monthly,West North Central Division,198.69,49080.56,2.668,5.542,-5.205,01/11/04,1173.819946
purchase-only,monthly,West North Central Division,198.56,49080.56,2.668,5.542,-5.205,01/12/04,1211.920044
purchase-only,monthly,West North Central Division,199.14,50322.52,3.366,5.083,-5.746,01/01/05,1181.27002
purchase-only,monthly,West North Central Division,200.3,50322.52,3.366,5.083,-5.746,01/02/05,1203.599976
purchase-only,monthly,West North Central Division,200.97,50322.52,3.366,5.083,-5.746,01/03/05,1180.589966
purchase-only,monthly,West North Central Division,202.79,50322.52,3.366,5.083,-5.746,01/04/05,1156.849976
purchase-only,monthly,West North Central Division,203.14,50322.52,3.366,5.083,-5.746,01/05/05,1191.5
purchase-only,monthly,West North Central Division,203.68,50322.52,3.366,5.083,-5.746,01/06/05,1191.329956
purchase-only,monthly,West North Central Division,204.41,50322.52,3.366,5.083,-5.746,01/07/05,1234.180054
purchase-only,monthly,West North Central Division,205.22,50322.52,3.366,5.083,-5.746,01/08/05,1220.329956
purchase-only,monthly,West North Central Division,205.75,50322.52,3.366,5.083,-5.746,01/09/05,1228.810059
purchase-only,monthly,West North Central Division,206.61,50322.52,3.366,5.083,-5.746,01/10/05,1207.01001
purchase-only,monthly,West North Central Division,207.51,50322.52,3.366,5.083,-5.746,01/11/05,1249.47998
purchase-only,monthly,West North Central Division,208.58,50322.52,3.366,5.083,-5.746,01/12/05,1248.290039
purchase-only,monthly,West North Central Division,209.67,51235.84,3.222,4.608,-5.911,01/01/06,1280.079956
purchase-only,monthly,West North Central Division,209.61,51235.84,3.222,4.608,-5.911,01/02/06,1280.660034
purchase-only,monthly,West North Central Division,210.1,51235.84,3.222,4.608,-5.911,01/03/06,1294.869995
purchase-only,monthly,West North Central Division,210.32,51235.84,3.222,4.608,-5.911,01/04/06,1310.609985
purchase-only,monthly,West North Central Division,210.66,51235.84,3.222,4.608,-5.911,01/05/06,1270.089966
purchase-only,monthly,West North Central Division,210.8,51235.84,3.222,4.608,-5.911,01/06/06,1270.199951
purchase-only,monthly,West North Central Division,211.53,51235.84,3.222,4.608,-5.911,01/07/06,1276.660034
purchase-only,monthly,West North Central Division,211.79,51235.84,3.222,4.608,-5.911,01/08/06,1303.819946
purchase-only,monthly,West North Central Division,211.52,51235.84,3.222,4.608,-5.911,01/09/06,1335.849976
purchase-only,monthly,West North Central Division,211.52,51235.84,3.222,4.608,-5.911,01/10/06,1377.939941
purchase-only,monthly,West North Central Division,212.63,51235.84,3.222,4.608,-5.911,01/11/06,1400.630005
purchase-only,monthly,West North Central Division,211.2,51235.84,3.222,4.608,-5.911,01/12/06,1418.300049
purchase-only,monthly,West North Central Division,213.03,51751.28,2.871,4.617,-5.089,01/01/07,1438.23999
purchase-only,monthly,West North Central Division,214.31,51751.28,2.871,4.617,-5.089,01/02/07,1406.819946
purchase-only,monthly,West North Central Division,214.52,51751.28,2.871,4.617,-5.089,01/03/07,1420.859985
purchase-only,monthly,West North Central Division,213.8,51751.28,2.871,4.617,-5.089,01/04/07,1482.369995
purchase-only,monthly,West North Central Division,213.63,51751.28,2.871,4.617,-5.089,01/05/07,1530.619995
purchase-only,monthly,West North Central Division,213.09,51751.28,2.871,4.617,-5.089,01/06/07,1503.349976
purchase-only,monthly,West North Central Division,213.3,51751.28,2.871,4.617,-5.089,01/07/07,1455.27002
purchase-only,monthly,West North Central Division,211.96,51751.28,2.871,4.617,-5.089,01/08/07,1473.98999
purchase-only,monthly,West North Central Division,213.45,51751.28,2.871,4.617,-5.089,01/09/07,1526.75
purchase-only,monthly,West North Central Division,209.14,51751.28,2.871,4.617,-5.089,01/10/07,1549.380005
purchase-only,monthly,West North Central Division,210.53,51751.28,2.871,4.617,-5.089,01/11/07,1481.140015
purchase-only,monthly,West North Central Division,210.31,51751.28,2.871,4.617,-5.089,01/12/07,1468.359985
purchase-only,monthly,West North Central Division,209.01,51335.91,3.815,5.8,-4.716,01/01/08,1378.550049
purchase-only,monthly,West North Central Division,207.98,51335.91,3.815,5.8,-4.716,01/02/08,1330.630005
purchase-only,monthly,West North Central Division,208.26,51335.91,3.815,5.8,-4.716,01/03/08,1322.699951
purchase-only,monthly,West North Central Division,207.11,51335.91,3.815,5.8,-4.716,01/04/08,1385.589966
purchase-only,monthly,West North Central Division,205.26,51335.91,3.815,5.8,-4.716,01/05/08,1400.380005
purchase-only,monthly,West North Central Division,205.15,51335.91,3.815,5.8,-4.716,01/06/08,1280.0
purchase-only,monthly,West North Central Division,204.05,51335.91,3.815,5.8,-4.716,01/07/08,1267.380005
purchase-only,monthly,West North Central Division,203.94,51335.91,3.815,5.8,-4.716,01/08/08,1282.829956
purchase-only,monthly,West North Central Division,202.14,51335.91,3.815,5.8,-4.716,01/09/08,1166.359985
purchase-only,monthly,West North Central Division,201.86,51335.91,3.815,5.8,-4.716,01/10/08,968.75
purchase-only,monthly,West North Central Division,197.66,51335.91,3.815,5.8,-4.716,01/11/08,896.2399902
purchase-only,monthly,West North Central Division,199.97,51335.91,3.815,5.8,-4.716,01/12/08,903.25
purchase-only,monthly,West North Central Division,202.12,49569.21,-0.32,9.283,-2.623,01/01/09,825.8800049
purchase-only,monthly,West North Central Division,203.56,49569.21,-0.32,9.283,-2.623,01/02/09,735.0900269
purchase-only,monthly,West North Central Division,199.91,49569.21,-0.32,9.283,-2.623,01/03/09,797.8699951
purchase-only,monthly,West North Central Division,200.32,49569.21,-0.32,9.283,-2.623,01/04/09,872.8099976
purchase-only,monthly,West North Central Division,200.08,49569.21,-0.32,9.283,-2.623,01/05/09,919.1400146
purchase-only,monthly,West North Central Division,200.01,49569.21,-0.32,9.283,-2.623,01/06/09,919.3200073
purchase-only,monthly,West North Central Division,199.3,49569.21,-0.32,9.283,-2.623,01/07/09,987.4799805
purchase-only,monthly,West North Central Division,199.37,49569.21,-0.32,9.283,-2.623,01/08/09,1020.619995
purchase-only,monthly,West North Central Division,199.16,49569.21,-0.32,9.283,-2.623,01/09/09,1057.079956
purchase-only,monthly,West North Central Division,199.57,49569.21,-0.32,9.283,-2.623,01/10/09,1036.189941
purchase-only,monthly,West North Central Division,200.13,49569.21,-0.32,9.283,-2.623,01/11/09,1095.630005
purchase-only,monthly,West North Central Division,198.6,49569.21,-0.32,9.283,-2.623,01/12/09,1115.099976
purchase-only,monthly,West North Central Division,197.1,50523.5,1.637,9.608,-2.871,01/01/10,1073.869995
purchase-only,monthly,West North Central Division,198.08,50523.5,1.637,9.608,-2.871,01/02/10,1104.48999
purchase-only,monthly,West North Central Division,197.68,50523.5,1.637,9.608,-2.871,01/03/10,1169.430054
purchase-only,monthly,West North Central Division,199.0,50523.5,1.637,9.608,-2.871,01/04/10,1186.689941
purchase-only,monthly,West North Central Division,199.74,50523.5,1.637,9.608,-2.871,01/05/10,1089.410034
purchase-only,monthly,West North Central Division,197.84,50523.5,1.637,9.608,-2.871,01/06/10,1030.709961
purchase-only,monthly,West North Central Division,194.3,50523.5,1.637,9.608,-2.871,01/07/10,1101.599976
purchase-only,monthly,West North Central Division,195.65,50523.5,1.637,9.608,-2.871,01/08/10,1049.329956
purchase-only,monthly,West North Central Division,194.19,50523.5,1.637,9.608,-2.871,01/09/10,1141.199951
purchase-only,monthly,West North Central Division,193.49,50523.5,1.637,9.608,-2.871,01/10/10,1183.26001
purchase-only,monthly,West North Central Division,192.59,50523.5,1.637,9.608,-2.871,01/11/10,1180.550049
purchase-only,monthly,West North Central Division,192.56,50523.5,1.637,9.608,-2.871,01/12/10,1257.640015
purchase-only,monthly,West North Central Division,190.4,50943.53,3.14,8.933,-2.919,01/01/11,1286.119995
purchase-only,monthly,West North Central Division,188.76,50943.53,3.14,8.933,-2.919,01/02/11,1327.219971
purchase-only,monthly,West North Central Division,188.19,50943.53,3.14,8.933,-2.919,01/03/11,1325.829956
purchase-only,monthly,West North Central Division,188.0,50943.53,3.14,8.933,-2.919,01/04/11,1363.609985
purchase-only,monthly,West North Central Division,188.18,50943.53,3.14,8.933,-2.919,01/05/11,1345.199951
purchase-only,monthly,West North Central Division,188.96,50943.53,3.14,8.933,-2.919,01/06/11,1320.640015
purchase-only,monthly,West North Central Division,190.34,50943.53,3.14,8.933,-2.919,01/07/11,1292.280029
purchase-only,monthly,West North Central Division,189.24,50943.53,3.14,8.933,-2.919,01/08/11,1218.890015
purchase-only,monthly,West North Central Division,190.72,50943.53,3.14,8.933,-2.919,01/09/11,1131.420044
purchase-only,monthly,West North Central Division,190.78,50943.53,3.14,8.933,-2.919,01/10/11,1253.300049
purchase-only,monthly,West North Central Division,191.91,50943.53,3.14,8.933,-2.919,01/11/11,1246.959961
purchase-only,monthly,West North Central Division,188.35,50943.53,3.14,8.933,-2.919,01/12/11,1257.599976
purchase-only,monthly,West North Central Division,192.85,51736.82,2.073,8.075,-2.573,01/01/12,1312.410034
purchase-only,monthly,West North Central Division,191.36,51736.82,2.073,8.075,-2.573,01/02/12,1365.680054
purchase-only,monthly,West North Central Division,192.32,51736.82,2.073,8.075,-2.573,01/03/12,1408.469971
purchase-only,monthly,West North Central Division,191.72,51736.82,2.073,8.075,-2.573,01/04/12,1397.910034
purchase-only,monthly,West North Central Division,193.96,51736.82,2.073,8.075,-2.573,01/05/12,1310.329956
purchase-only,monthly,West North Central Division,194.19,51736.82,2.073,8.075,-2.573,01/06/12,1362.160034
purchase-only,monthly,West North Central Division,195.92,51736.82,2.073,8.075,-2.573,01/07/12,1379.319946
purchase-only,monthly,West North Central Division,195.45,51736.82,2.073,8.075,-2.573,01/08/12,1406.579956
purchase-only,monthly,West North Central Division,195.45,51736.82,2.073,8.075,-2.573,01/09/12,1440.670044
purchase-only,monthly,West North Central Division,197.11,51736.82,2.073,8.075,-2.573,01/10/12,1412.160034
purchase-only,monthly,West North Central Division,198.11,51736.82,2.073,8.075,-2.573,01/11/12,1416.180054
purchase-only,monthly,West North Central Division,198.35,51736.82,2.073,8.075,-2.573,01/12/12,1426.189941
purchase-only,monthly,West North Central Division,199.7,52329.15,1.466,7.358,-2.016,01/01/13,1498.109985
purchase-only,monthly,West North Central Division,199.68,52329.15,1.466,7.358,-2.016,01/02/13,1514.680054
purchase-only,monthly,West North Central Division,201.48,52329.15,1.466,7.358,-2.016,01/03/13,1569.189941
purchase-only,monthly,West North Central Division,200.82,52329.15,1.466,7.358,-2.016,01/04/13,1597.569946
purchase-only,monthly,West North Central Division,201.89,52329.15,1.466,7.358,-2.016,01/05/13,1630.73999
purchase-only,monthly,West North Central Division,204.05,52329.15,1.466,7.358,-2.016,01/06/13,1606.280029
purchase-only,monthly,West North Central Division,204.32,52329.15,1.466,7.358,-2.016,01/07/13,1685.72998
purchase-only,monthly,West North Central Division,205.23,52329.15,1.466,7.358,-2.016,01/08/13,1632.969971
purchase-only,monthly,West North Central Division,206.01,52329.15,1.466,7.358,-2.016,01/09/13,1681.550049
purchase-only,monthly,West North Central Division,204.98,52329.15,1.466,7.358,-2.016,01/10/13,1756.540039
purchase-only,monthly,West North Central Division,205.95,52329.15,1.466,7.358,-2.016,01/11/13,1805.810059
purchase-only,monthly,West North Central Division,205.95,52329.15,1.466,7.358,-2.016,01/12/13,1848.359985
purchase-only,monthly,West North Central Division,207.81,53141.85,1.615,6.158,-2.109,01/01/14,1782.589966
purchase-only,monthly,West North Central Division,208.25,53141.85,1.615,6.158,-2.109,01/02/14,1859.449951
purchase-only,monthly,West North Central Division,209.17,53141.85,1.615,6.158,-2.109,01/03/14,1872.339966
purchase-only,monthly,West North Central Division,210.61,53141.85,1.615,6.158,-2.109,01/04/14,1883.949951
purchase-only,monthly,West North Central Division,209.8,53141.85,1.615,6.158,-2.109,01/05/14,1923.569946
purchase-only,monthly,West North Central Division,210.75,53141.85,1.615,6.158,-2.109,01/06/14,1960.22998
purchase-only,monthly,West North Central Division,211.01,53141.85,1.615,6.158,-2.109,01/07/14,1930.670044
purchase-only,monthly,West North Central Division,211.71,53141.85,1.615,6.158,-2.109,01/08/14,2003.369995
purchase-only,monthly,West North Central Division,212.11,53141.85,1.615,6.158,-2.109,01/09/14,1972.290039
purchase-only,monthly,West North Central Division,213.17,53141.85,1.615,6.158,-2.109,01/10/14,2018.050049
purchase-only,monthly,West North Central Division,214.31,53141.85,1.615,6.158,-2.109,01/11/14,2067.560059
purchase-only,monthly,West North Central Division,214.85,53141.85,1.615,6.158,-2.109,01/12/14,2058.899902
purchase-only,monthly,West North Central Division,214.5,54187.9,0.121,5.275,-2.244,01/01/15,1994.98999
purchase-only,monthly,West North Central Division,214.88,54187.9,0.121,5.275,-2.244,01/02/15,2104.5
purchase-only,monthly,West North Central Division,215.92,54187.9,0.121,5.275,-2.244,01/03/15,2067.889893
purchase-only,monthly,West North Central Division,217.68,54187.9,0.121,5.275,-2.244,01/04/15,2085.51001
purchase-only,monthly,West North Central Division,218.48,54187.9,0.121,5.275,-2.244,01/05/15,2107.389893
purchase-only,monthly,West North Central Division,218.66,54187.9,0.121,5.275,-2.244,01/06/15,2063.110107
purchase-only,monthly,West North Central Division,219.3,54187.9,0.121,5.275,-2.244,01/07/15,2103.840088
purchase-only,monthly,West North Central Division,220.91,54187.9,0.121,5.275,-2.244,01/08/15,1972.180054
purchase-only,monthly,West North Central Division,221.25,54187.9,0.121,5.275,-2.244,01/09/15,1920.030029
purchase-only,monthly,West North Central Division,222.17,54187.9,0.121,5.275,-2.244,01/10/15,2079.360107
purchase-only,monthly,West North Central Division,222.64,54187.9,0.121,5.275,-2.244,01/11/15,2080.409912
purchase-only,monthly,West North Central Division,225.39,54187.9,0.121,5.275,-2.244,01/12/15,2043.939941
purchase-only,monthly,West North Central Division,226.12,54700.34,1.267,4.875,-2.119,01/01/16,1940.23999
purchase-only,monthly,West North Central Division,228.15,54700.34,1.267,4.875,-2.119,01/02/16,1932.22998
purchase-only,monthly,West North Central Division,226.52,54700.34,1.267,4.875,-2.119,01/03/16,2059.73999
purchase-only,monthly,West North Central Division,228.04,54700.34,1.267,4.875,-2.119,01/04/16,2065.300049
purchase-only,monthly,West North Central Division,228.36,54700.34,1.267,4.875,-2.119,01/05/16,2096.949951
purchase-only,monthly,West North Central Division,229.28,54700.34,1.267,4.875,-2.119,01/06/16,2098.860107
purchase-only,monthly,West North Central Division,231.27,54700.34,1.267,4.875,-2.119,01/07/16,2173.600098
purchase-only,monthly,West North Central Division,231.35,54700.34,1.267,4.875,-2.119,01/08/16,2170.949951
purchase-only,monthly,West North Central Division,233.31,54700.34,1.267,4.875,-2.119,01/09/16,2168.27002
purchase-only,monthly,West North Central Division,233.73,54700.34,1.267,4.875,-2.119,01/10/16,2126.149902
purchase-only,monthly,West North Central Division,235.54,54700.34,1.267,4.875,-2.119,01/11/16,2198.810059
purchase-only,monthly,West North Central Division,235.5,54700.34,1.267,4.875,-2.119,01/12/16,2238.830078
purchase-only,monthly,West North Central Division,235.97,55572.58,2.131,4.358,-1.887,01/01/17,2278.870117
purchase-only,monthly,West North Central Division,237.23,55572.58,2.131,4.358,-1.887,01/02/17,2363.639893
purchase-only,monthly,West North Central Division,238.66,55572.58,2.131,4.358,-1.887,01/03/17,2362.719971
purchase-only,monthly,West North Central Division,239.7,55572.58,2.131,4.358,-1.887,01/04/17,2384.199951
purchase-only,monthly,West North Central Division,242.03,55572.58,2.131,4.358,-1.887,01/05/17,2411.800049
purchase-only,monthly,West North Central Division,242.08,55572.58,2.131,4.358,-1.887,01/06/17,2423.409912
purchase-only,monthly,West North Central Division,242.75,55572.58,2.131,4.358,-1.887,01/07/17,2470.300049
purchase-only,monthly,West North Central Division,244.2,55572.58,2.131,4.358,-1.887,01/08/17,2471.649902
purchase-only,monthly,West North Central Division,244.45,55572.58,2.131,4.358,-1.887,01/09/17,2519.360107
purchase-only,monthly,West North Central Division,245.45,55572.58,2.131,4.358,-1.887,01/10/17,2575.26001
purchase-only,monthly,West North Central Division,248.11,55572.58,2.131,4.358,-1.887,01/11/17,2647.580078
purchase-only,monthly,West North Central Division,247.45,55572.58,2.131,4.358,-1.887,01/12/17,2673.610107
purchase-only,monthly,West North Central Division,251.15,56904.34,2.439,3.892,-2.142,01/01/18,2823.810059
purchase-only,monthly,West North Central Division,251.04,56904.34,2.439,3.892,-2.142,01/02/18,2713.830078
purchase-only,monthly,West North Central Division,252.9,56904.34,2.439,3.892,-2.142,01/03/18,2640.870117
purchase-only,monthly,West North Central Division,252.94,56904.34,2.439,3.892,-2.142,01/04/18,2648.050049
purchase-only,monthly,West North Central Division,254.35,56904.34,2.439,3.892,-2.142,01/05/18,2705.27002
purchase-only,monthly,West North Central Division,255.57,56904.34,2.439,3.892,-2.142,01/06/18,2718.370117
purchase-only,monthly,West North Central Division,257.52,56904.34,2.439,3.892,-2.142,01/07/18,2816.290039
purchase-only,monthly,West North Central Division,257.09,56904.34,2.439,3.892,-2.142,01/08/18,2901.52002
purchase-only,monthly,West North Central Division,257.7,56904.34,2.439,3.892,-2.142,01/09/18,2913.97998
purchase-only,monthly,West North Central Division,259.27,56904.34,2.439,3.892,-2.142,01/10/18,2711.73999
purchase-only,monthly,West North Central Division,260.46,56904.34,2.439,3.892,-2.142,01/11/18,2760.169922
purchase-only,monthly,West North Central Division,261.5,56904.34,2.439,3.892,-2.142,01/12/18,2506.850098
purchase-only,monthly,West North Central Division,263.33,57940.11,1.813,3.683,-2.066,01/01/19,2704.100098
purchase-only,monthly,West North Central Division,264.11,57940.11,1.813,3.683,-2.066,01/02/19,2784.48999
purchase-only,monthly,West North Central Division,265.46,57940.11,1.813,3.683,-2.066,01/03/19,2834.399902
purchase-only,monthly,West North Central Division,265.53,57940.11,1.813,3.683,-2.066,01/04/19,2945.830078
purchase-only,monthly,West North Central Division,265.81,57940.11,1.813,3.683,-2.066,01/05/19,2752.060059
purchase-only,monthly,West North Central Division,267.25,57940.11,1.813,3.683,-2.066,01/06/19,2941.76001
purchase-only,monthly,West North Central Division,267.9,57940.11,1.813,3.683,-2.066,01/07/19,2980.379883
purchase-only,monthly,West North Central Division,269.76,57940.11,1.813,3.683,-2.066,01/08/19,2926.459961
purchase-only,monthly,West North Central Division,271.38,57940.11,1.813,3.683,-2.066,01/09/19,2976.73999
purchase-only,monthly,West North Central Division,272.25,57940.11,1.813,3.683,-2.066,01/10/19,3037.560059
purchase-only,monthly,West North Central Division,273.66,57940.11,1.813,3.683,-2.066,01/11/19,3140.97998
purchase-only,monthly,West North Central Division,276.92,57940.11,1.813,3.683,-2.066,01/12/19,3230.780029
purchase-only,monthly,West North Central Division,276.72,55875.47,1.251,8.092,-2.835,01/01/20,3225.52002
purchase-only,monthly,West North Central Division,279.53,55875.47,1.251,8.092,-2.835,01/02/20,2954.219971
purchase-only,monthly,West North Central Division,278.84,55875.47,1.251,8.092,-2.835,01/03/20,2584.590088
purchase-only,monthly,West North Central Division,280.44,55875.47,1.251,8.092,-2.835,01/04/20,2912.429932
purchase-only,monthly,West North Central Division,278.95,55875.47,1.251,8.092,-2.835,01/05/20,3044.310059
purchase-only,monthly,West North Central Division,282.33,55875.47,1.251,8.092,-2.835,01/06/20,3100.290039
purchase-only,monthly,West North Central Division,285.43,55875.47,1.251,8.092,-2.835,01/07/20,3271.120117
purchase-only,monthly,West North Central Division,291.01,55875.47,1.251,8.092,-2.835,01/08/20,3500.310059
purchase-only,monthly,West North Central Division,295.58,55875.47,1.251,8.092,-2.835,01/09/20,3363.0
purchase-only,monthly,West North Central Division,299.07,55875.47,1.251,8.092,-2.835,01/10/20,3269.959961
purchase-only,monthly,West North Central Division,301.45,55875.47,1.251,8.092,-2.835,01/11/20,3621.629883
purchase-only,monthly,West North Central Division,304.63,55875.47,1.251,8.092,-2.835,01/12/20,3756.070068
purchase-only,monthly,West North Central Division,308.32,59009.85,4.683,5.367,-3.566,01/01/21,3714.23999
purchase-only,monthly,West North Central Division,311.09,59009.85,4.683,5.367,-3.566,01/02/21,3811.149902
purchase-only,monthly,West North Central Division,313.31,59009.85,4.683,5.367,-3.566,01/03/21,3972.889893
purchase-only,monthly,West North Central Division,317.02,59009.85,4.683,5.367,-3.566,01/04/21,4181.169922
purchase-only,monthly,West North Central Division,322.59,59009.85,4.683,5.367,-3.566,01/05/21,4204.109863
purchase-only,monthly,West North Central Division,326.53,59009.85,4.683,5.367,-3.566,01/06/21,4297.5
purchase-only,monthly,West North Central Division,329.82,59009.85,4.683,5.367,-3.566,01/07/21,4395.259766
purchase-only,monthly,West North Central Division,332.96,59009.85,4.683,5.367,-3.566,01/08/21,4522.680176
purchase-only,monthly,West North Central Division,336.1,59009.85,4.683,5.367,-3.566,01/09/21,4307.540039
purchase-only,monthly,West North Central Division,339.52,59009.85,4.683,5.367,-3.566,01/10/21,4605.379883
purchase-only,monthly,West North Central Division,342.0,59009.85,4.683,5.367,-3.566,01/11/21,4567.0
purchase-only,monthly,West North Central Division,347.71,59009.85,4.683,5.367,-3.566,01/12/21,4766.180176
purchase-only,monthly,West North Central Division,350.87,60007.14,7.986,3.642,-3.816,01/01/22,4515.549805
purchase-only,monthly,West North Central Division,356.91,60007.14,7.986,3.642,-3.816,01/02/22,4373.939941
purchase-only,monthly,West North Central Division,358.22,60007.14,7.986,3.642,-3.816,01/03/22,4530.410156
purchase-only,monthly,West North Central Division,364.78,60007.14,7.986,3.642,-3.816,01/04/22,4131.930176
purchase-only,monthly,West North Central Division,367.36,60007.14,7.986,3.642,-3.816,01/05/22,4132.149902
purchase-only,monthly,West North Central Division,366.35,60007.14,7.986,3.642,-3.816,01/06/22,3785.379883
purchase-only,monthly,West North Central Division,366.85,60007.14,7.986,3.642,-3.816,01/07/22,4130.290039
purchase-only,monthly,West North Central Division,366.54,60007.14,7.986,3.642,-3.816,01/08/22,3955.0
purchase-only,monthly,West North Central Division,368.07,60007.14,7.986,3.642,-3.816,01/09/22,3585.620117
purchase-only,monthly,West North Central Division,369.01,60007.14,7.986,3.642,-3.816,01/10/22,3871.97998
purchase-only,monthly,West North Central Division,371.32,60007.14,7.986,3.642,-3.816,01/11/22,4080.110107
purchase-only,monthly,West North Central Division,369.57,60007.14,7.986,3.642,-3.816,01/12/22,3839.5
purchase-only,monthly,West North Central Division,371.59,60963.65,4.084,3.569,-2.951,01/01/23,4076.600098
purchase-only,monthly,West North Central Division,375.64,60963.65,4.084,3.569,-2.951,01/02/23,3970.149902
purchase-only,monthly,West North Central Division,377.95,60963.65,4.084,3.569,-2.951,01/03/23,4109.310059
purchase-only,monthly,West North Central Division,380.23,60963.65,4.084,3.569,-2.951,01/04/23,4169.47998
purchase-only,monthly,West North Central Division,382.89,60963.65,4.084,3.569,-2.951,01/05/23,4179.830078
purchase-only,monthly,West North Central Division,384.77,60963.65,4.084,3.569,-2.951,01/06/23,4450.379883
purchase-only,monthly,West North Central Division,387.55,60963.65,4.084,3.569,-2.951,01/07/23,4588.959961
purchase-only,monthly,West North Central Division,391.06,60963.65,4.084,3.569,-2.951,01/08/23,4507.660156
purchase-only,monthly,West North Central Division,391.62,60963.65,4.084,3.569,-2.951,01/09/23,4288.049805
purchase-only,monthly,West North Central Division,393.01,60963.65,4.084,3.569,-2.951,01/10/23,4193.799805
purchase-only,monthly,West North Central Division,394.06,60963.65,4.084,3.569,-2.951,01/11/23,4567.799805
purchase-only,monthly,West South Central Division,100.0,36944.07,4.216,6.85,0.047,01/01/91,343.9299927
purchase-only,monthly,West South Central Division,99.57,36944.07,4.216,6.85,0.047,01/02/91,367.0700073
purchase-only,monthly,West South Central Division,100.49,36944.07,4.216,6.85,0.047,01/03/91,375.2200012
purchase-only,monthly,West South Central Division,100.06,36944.07,4.216,6.85,0.047,01/04/91,375.3399963
purchase-only,monthly,West South Central Division,100.24,36944.07,4.216,6.85,0.047,01/05/91,389.8299866
purchase-only,monthly,West South Central Division,100.95,36944.07,4.216,6.85,0.047,01/06/91,371.1600037
purchase-only,monthly,West South Central Division,100.88,36944.07,4.216,6.85,0.047,01/07/91,387.8099976
purchase-only,monthly,West South Central Division,100.56,36944.07,4.216,6.85,0.047,01/08/91,395.4299927
purchase-only,monthly,West South Central Division,101.43,36944.07,4.216,6.85,0.047,01/09/91,387.8599854
purchase-only,monthly,West South Central Division,100.68,36944.07,4.216,6.85,0.047,01/10/91,392.4500122
purchase-only,monthly,West South Central Division,101.23,36944.07,4.216,6.85,0.047,01/11/91,375.2200012
purchase-only,monthly,West South Central Division,101.98,36944.07,4.216,6.85,0.047,01/12/91,417.0899963
purchase-only,monthly,West South Central Division,102.36,37741.19,3.042,7.492,-0.792,01/01/92,408.7799988
purchase-only,monthly,West South Central Division,103.23,37741.19,3.042,7.492,-0.792,01/02/92,412.7000122
purchase-only,monthly,West South Central Division,102.7,37741.19,3.042,7.492,-0.792,01/03/92,403.6900024
purchase-only,monthly,West South Central Division,102.74,37741.19,3.042,7.492,-0.792,01/04/92,414.9500122
purchase-only,monthly,West South Central Division,102.57,37741.19,3.042,7.492,-0.792,01/05/92,415.3500061
purchase-only,monthly,West South Central Division,102.99,37741.19,3.042,7.492,-0.792,01/06/92,408.1400146
purchase-only,monthly,West South Central Division,103.32,37741.19,3.042,7.492,-0.792,01/07/92,424.2099915
purchase-only,monthly,West South Central Division,103.82,37741.19,3.042,7.492,-0.792,01/08/92,414.0299988
purchase-only,monthly,West South Central Division,104.16,37741.19,3.042,7.492,-0.792,01/09/92,417.7999878
purchase-only,monthly,West South Central Division,104.87,37741.19,3.042,7.492,-0.792,01/10/92,418.6799927
purchase-only,monthly,West South Central Division,105.34,37741.19,3.042,7.492,-0.792,01/11/92,431.3500061
purchase-only,monthly,West South Central Division,105.04,37741.19,3.042,7.492,-0.792,01/12/92,435.7099915
purchase-only,monthly,West South Central Division,105.35,38277.58,2.97,6.908,-1.237,01/01/93,438.7799988
purchase-only,monthly,West South Central Division,105.4,38277.58,2.97,6.908,-1.237,01/02/93,443.3800049
purchase-only,monthly,West South Central Division,105.96,38277.58,2.97,6.908,-1.237,01/03/93,451.6700134
purchase-only,monthly,West South Central Division,106.53,38277.58,2.97,6.908,-1.237,01/04/93,440.1900024
purchase-only,monthly,West South Central Division,107.02,38277.58,2.97,6.908,-1.237,01/05/93,450.1900024
purchase-only,monthly,West South Central Division,107.59,38277.58,2.97,6.908,-1.237,01/06/93,450.5299988
purchase-only,monthly,West South Central Division,108.11,38277.58,2.97,6.908,-1.237,01/07/93,448.1300049
purchase-only,monthly,West South Central Division,108.41,38277.58,2.97,6.908,-1.237,01/08/93,463.5599976
purchase-only,monthly,West South Central Division,108.71,38277.58,2.97,6.908,-1.237,01/09/93,458.9299927
purchase-only,monthly,West South Central Division,109.39,38277.58,2.97,6.908,-1.237,01/10/93,467.8299866
purchase-only,monthly,West South Central Division,109.75,38277.58,2.97,6.908,-1.237,01/11/93,461.7900085
purchase-only,monthly,West South Central Division,110.62,38277.58,2.97,6.908,-1.237,01/12/93,466.4500122
purchase-only,monthly,West South Central Division,110.44,39339.0,2.596,6.1,-1.669,01/01/94,481.6099854
purchase-only,monthly,West South Central Division,111.09,39339.0,2.596,6.1,-1.669,01/02/94,467.1400146
purchase-only,monthly,West South Central Division,112.04,39339.0,2.596,6.1,-1.669,01/03/94,445.769989
purchase-only,monthly,West South Central Division,111.64,39339.0,2.596,6.1,-1.669,01/04/94,450.9100037
purchase-only,monthly,West South Central Division,112.62,39339.0,2.596,6.1,-1.669,01/05/94,456.5
purchase-only,monthly,West South Central Division,112.39,39339.0,2.596,6.1,-1.669,01/06/94,444.269989
purchase-only,monthly,West South Central Division,112.34,39339.0,2.596,6.1,-1.669,01/07/94,458.2600098
purchase-only,monthly,West South Central Division,112.9,39339.0,2.596,6.1,-1.669,01/08/94,475.4899902
purchase-only,monthly,West South Central Division,112.95,39339.0,2.596,6.1,-1.669,01/09/94,462.7099915
purchase-only,monthly,West South Central Division,113.29,39339.0,2.596,6.1,-1.669,01/10/94,472.3500061
purchase-only,monthly,West South Central Division,113.49,39339.0,2.596,6.1,-1.669,01/11/94,453.6900024
purchase-only,monthly,West South Central Division,113.6,39339.0,2.596,6.1,-1.669,01/12/94,459.269989
purchase-only,monthly,West South Central Division,113.87,39919.87,2.805,5.592,-1.487,01/01/95,470.4200134
purchase-only,monthly,West South Central Division,114.08,39919.87,2.805,5.592,-1.487,01/02/95,487.3900146
purchase-only,monthly,West South Central Division,113.95,39919.87,2.805,5.592,-1.487,01/03/95,500.7099915
purchase-only,monthly,West South Central Division,114.78,39919.87,2.805,5.592,-1.487,01/04/95,514.710022
purchase-only,monthly,West South Central Division,114.86,39919.87,2.805,5.592,-1.487,01/05/95,533.4000244
purchase-only,monthly,West South Central Division,114.79,39919.87,2.805,5.592,-1.487,01/06/95,544.75
purchase-only,monthly,West South Central Division,115.69,39919.87,2.805,5.592,-1.487,01/07/95,562.0599976
purchase-only,monthly,West South Central Division,115.72,39919.87,2.805,5.592,-1.487,01/08/95,561.8800049
purchase-only,monthly,West South Central Division,116.52,39919.87,2.805,5.592,-1.487,01/09/95,584.4099731
purchase-only,monthly,West South Central Division,116.09,39919.87,2.805,5.592,-1.487,01/10/95,581.5
purchase-only,monthly,West South Central Division,116.65,39919.87,2.805,5.592,-1.487,01/11/95,605.3699951
purchase-only,monthly,West South Central Division,117.54,39919.87,2.805,5.592,-1.487,01/12/95,615.9299927
purchase-only,monthly,West South Central Division,117.29,40946.0,2.937,5.408,-1.546,01/01/96,636.0200195
purchase-only,monthly,West South Central Division,117.66,40946.0,2.937,5.408,-1.546,01/02/96,640.4299927
purchase-only,monthly,West South Central Division,118.03,40946.0,2.937,5.408,-1.546,01/03/96,645.5
purchase-only,monthly,West South Central Division,118.07,40946.0,2.937,5.408,-1.546,01/04/96,654.1699829
purchase-only,monthly,West South Central Division,118.37,40946.0,2.937,5.408,-1.546,01/05/96,669.1199951
purchase-only,monthly,West South Central Division,118.86,40946.0,2.937,5.408,-1.546,01/06/96,670.6300049
purchase-only,monthly,West South Central Division,118.71,40946.0,2.937,5.408,-1.546,01/07/96,639.9500122
purchase-only,monthly,West South Central Division,118.81,40946.0,2.937,5.408,-1.546,01/08/96,651.9899902
purchase-only,monthly,West South Central Division,119.23,40946.0,2.937,5.408,-1.546,01/09/96,687.3300171
purchase-only,monthly,West South Central Division,119.12,40946.0,2.937,5.408,-1.546,01/10/96,705.2700195
purchase-only,monthly,West South Central Division,119.36,40946.0,2.937,5.408,-1.546,01/11/96,757.0200195
purchase-only,monthly,West South Central Division,119.97,40946.0,2.937,5.408,-1.546,01/12/96,740.7399902
purchase-only,monthly,West South Central Division,119.91,42258.86,2.338,4.942,-1.641,01/01/97,786.1599731
purchase-only,monthly,West South Central Division,120.46,42258.86,2.338,4.942,-1.641,01/02/97,790.8200073
purchase-only,monthly,West South Central Division,120.85,42258.86,2.338,4.942,-1.641,01/03/97,757.1199951
purchase-only,monthly,West South Central Division,120.75,42258.86,2.338,4.942,-1.641,01/04/97,801.3400269
purchase-only,monthly,West South Central Division,121.35,42258.86,2.338,4.942,-1.641,01/05/97,848.2800293
purchase-only,monthly,West South Central Division,121.39,42258.86,2.338,4.942,-1.641,01/06/97,885.1400146
purchase-only,monthly,West South Central Division,121.6,42258.86,2.338,4.942,-1.641,01/07/97,954.3099976
purchase-only,monthly,West South Central Division,121.59,42258.86,2.338,4.942,-1.641,01/08/97,899.4699707
purchase-only,monthly,West South Central Division,122.05,42258.86,2.338,4.942,-1.641,01/09/97,947.2800293
purchase-only,monthly,West South Central Division,122.7,42258.86,2.338,4.942,-1.641,01/10/97,914.6199951
purchase-only,monthly,West South Central Division,123.3,42258.86,2.338,4.942,-1.641,01/11/97,955.4000244
purchase-only,monthly,West South Central Division,123.67,42258.86,2.338,4.942,-1.641,01/12/97,970.4299927
purchase-only,monthly,West South Central Division,124.44,43640.76,1.547,4.5,-2.373,01/01/98,980.2800293
purchase-only,monthly,West South Central Division,124.89,43640.76,1.547,4.5,-2.373,01/02/98,1049.339966
purchase-only,monthly,West South Central Division,125.32,43640.76,1.547,4.5,-2.373,01/03/98,1101.75
purchase-only,monthly,West South Central Division,125.52,43640.76,1.547,4.5,-2.373,01/04/98,1111.75
purchase-only,monthly,West South Central Division,126.19,43640.76,1.547,4.5,-2.373,01/05/98,1090.819946
purchase-only,monthly,West South Central Division,126.95,43640.76,1.547,4.5,-2.373,01/06/98,1133.839966
purchase-only,monthly,West South Central Division,127.71,43640.76,1.547,4.5,-2.373,01/07/98,1120.670044
purchase-only,monthly,West South Central Division,128.13,43640.76,1.547,4.5,-2.373,01/08/98,957.2800293
purchase-only,monthly,West South Central Division,128.74,43640.76,1.547,4.5,-2.373,01/09/98,1017.01001
purchase-only,monthly,West South Central Division,129.35,43640.76,1.547,4.5,-2.373,01/10/98,1098.670044
purchase-only,monthly,West South Central Division,129.74,43640.76,1.547,4.5,-2.373,01/11/98,1163.630005
purchase-only,monthly,West South Central Division,130.96,43640.76,1.547,4.5,-2.373,01/12/98,1229.22998
purchase-only,monthly,West South Central Division,131.31,45213.48,2.193,4.217,-2.976,01/01/99,1279.640015
purchase-only,monthly,West South Central Division,131.64,45213.48,2.193,4.217,-2.976,01/02/99,1238.329956
purchase-only,monthly,West South Central Division,131.99,45213.48,2.193,4.217,-2.976,01/03/99,1286.369995
purchase-only,monthly,West South Central Division,132.93,45213.48,2.193,4.217,-2.976,01/04/99,1335.180054
purchase-only,monthly,West South Central Division,133.4,45213.48,2.193,4.217,-2.976,01/05/99,1301.839966
purchase-only,monthly,West South Central Division,133.95,45213.48,2.193,4.217,-2.976,01/06/99,1372.709961
purchase-only,monthly,West South Central Division,134.8,45213.48,2.193,4.217,-2.976,01/07/99,1328.719971
purchase-only,monthly,West South Central Division,135.44,45213.48,2.193,4.217,-2.976,01/08/99,1320.410034
purchase-only,monthly,West South Central Division,135.57,45213.48,2.193,4.217,-2.976,01/09/99,1282.709961
purchase-only,monthly,West South Central Division,136.44,45213.48,2.193,4.217,-2.976,01/10/99,1362.930054
purchase-only,monthly,West South Central Division,136.97,45213.48,2.193,4.217,-2.976,01/11/99,1388.910034
purchase-only,monthly,West South Central Division,137.58,45213.48,2.193,4.217,-2.976,01/12/99,1469.25
purchase-only,monthly,West South Central Division,138.87,46539.99,3.367,3.967,-3.921,01/01/00,1394.459961
purchase-only,monthly,West South Central Division,138.84,46539.99,3.367,3.967,-3.921,01/02/00,1366.420044
purchase-only,monthly,West South Central Division,139.91,46539.99,3.367,3.967,-3.921,01/03/00,1498.579956
purchase-only,monthly,West South Central Division,140.69,46539.99,3.367,3.967,-3.921,01/04/00,1452.430054
purchase-only,monthly,West South Central Division,141.1,46539.99,3.367,3.967,-3.921,01/05/00,1420.599976
purchase-only,monthly,West South Central Division,141.78,46539.99,3.367,3.967,-3.921,01/06/00,1454.599976
purchase-only,monthly,West South Central Division,142.35,46539.99,3.367,3.967,-3.921,01/07/00,1430.829956
purchase-only,monthly,West South Central Division,142.92,46539.99,3.367,3.967,-3.921,01/08/00,1517.680054
purchase-only,monthly,West South Central Division,143.49,46539.99,3.367,3.967,-3.921,01/09/00,1436.51001
purchase-only,monthly,West South Central Division,144.01,46539.99,3.367,3.967,-3.921,01/10/00,1429.400024
purchase-only,monthly,West South Central Division,144.99,46539.99,3.367,3.967,-3.921,01/11/00,1314.949951
purchase-only,monthly,West South Central Division,144.79,46539.99,3.367,3.967,-3.921,01/12/00,1320.280029
purchase-only,monthly,West South Central Division,145.55,46503.1,2.817,4.742,-3.724,01/01/01,1366.01001
purchase-only,monthly,West South Central Division,146.94,46503.1,2.817,4.742,-3.724,01/02/01,1239.939941
purchase-only,monthly,West South Central Division,146.8,46503.1,2.817,4.742,-3.724,01/03/01,1160.329956
purchase-only,monthly,West South Central Division,147.76,46503.1,2.817,4.742,-3.724,01/04/01,1249.459961
purchase-only,monthly,West South Central Division,147.64,46503.1,2.817,4.742,-3.724,01/05/01,1255.819946
purchase-only,monthly,West South Central Division,148.4,46503.1,2.817,4.742,-3.724,01/06/01,1224.380005
purchase-only,monthly,West South Central Division,149.07,46503.1,2.817,4.742,-3.724,01/07/01,1211.22998
purchase-only,monthly,West South Central Division,148.69,46503.1,2.817,4.742,-3.724,01/08/01,1133.579956
purchase-only,monthly,West South Central Division,149.86,46503.1,2.817,4.742,-3.724,01/09/01,1040.939941
purchase-only,monthly,West South Central Division,150.18,46503.1,2.817,4.742,-3.724,01/10/01,1059.780029
purchase-only,monthly,West South Central Division,150.24,46503.1,2.817,4.742,-3.724,01/11/01,1139.449951
purchase-only,monthly,West South Central Division,150.87,46503.1,2.817,4.742,-3.724,01/12/01,1148.079956
purchase-only,monthly,West South Central Division,150.65,46831.46,1.596,5.783,-4.173,01/01/02,1130.199951
purchase-only,monthly,West South Central Division,151.79,46831.46,1.596,5.783,-4.173,01/02/02,1106.72998
purchase-only,monthly,West South Central Division,152.52,46831.46,1.596,5.783,-4.173,01/03/02,1147.390015
purchase-only,monthly,West South Central Division,152.62,46831.46,1.596,5.783,-4.173,01/04/02,1076.920044
purchase-only,monthly,West South Central Division,153.16,46831.46,1.596,5.783,-4.173,01/05/02,1067.140015
purchase-only,monthly,West South Central Division,153.57,46831.46,1.596,5.783,-4.173,01/06/02,989.8200073
purchase-only,monthly,West South Central Division,153.76,46831.46,1.596,5.783,-4.173,01/07/02,911.6199951
purchase-only,monthly,West South Central Division,154.11,46831.46,1.596,5.783,-4.173,01/08/02,916.0700073
purchase-only,monthly,West South Central Division,154.87,46831.46,1.596,5.783,-4.173,01/09/02,815.2800293
purchase-only,monthly,West South Central Division,155.39,46831.46,1.596,5.783,-4.173,01/10/02,885.7600098
purchase-only,monthly,West South Central Division,155.77,46831.46,1.596,5.783,-4.173,01/11/02,936.3099976
purchase-only,monthly,West South Central Division,156.67,46831.46,1.596,5.783,-4.173,01/12/02,879.8200073
purchase-only,monthly,West South Central Division,157.14,47691.56,2.298,5.992,-4.559,01/01/03,855.7000122
purchase-only,monthly,West South Central Division,157.3,47691.56,2.298,5.992,-4.559,01/02/03,841.1500244
purchase-only,monthly,West South Central Division,157.33,47691.56,2.298,5.992,-4.559,01/03/03,848.1799927
purchase-only,monthly,West South Central Division,157.57,47691.56,2.298,5.992,-4.559,01/04/03,916.9199829
purchase-only,monthly,West South Central Division,158.07,47691.56,2.298,5.992,-4.559,01/05/03,963.5900269
purchase-only,monthly,West South Central Division,158.23,47691.56,2.298,5.992,-4.559,01/06/03,974.5
purchase-only,monthly,West South Central Division,158.91,47691.56,2.298,5.992,-4.559,01/07/03,990.3099976
purchase-only,monthly,West South Central Division,159.53,47691.56,2.298,5.992,-4.559,01/08/03,1008.01001
purchase-only,monthly,West South Central Division,160.35,47691.56,2.298,5.992,-4.559,01/09/03,995.9699707
purchase-only,monthly,West South Central Division,159.98,47691.56,2.298,5.992,-4.559,01/10/03,1050.709961
purchase-only,monthly,West South Central Division,160.7,47691.56,2.298,5.992,-4.559,01/11/03,1058.199951
purchase-only,monthly,West South Central Division,161.53,47691.56,2.298,5.992,-4.559,01/12/03,1111.920044
purchase-only,monthly,West South Central Division,161.48,49080.56,2.668,5.542,-5.205,01/01/04,1131.130005
purchase-only,monthly,West South Central Division,162.4,49080.56,2.668,5.542,-5.205,01/02/04,1144.939941
purchase-only,monthly,West South Central Division,163.55,49080.56,2.668,5.542,-5.205,01/03/04,1126.209961
purchase-only,monthly,West South Central Division,163.91,49080.56,2.668,5.542,-5.205,01/04/04,1107.300049
purchase-only,monthly,West South Central Division,164.26,49080.56,2.668,5.542,-5.205,01/05/04,1120.680054
purchase-only,monthly,West South Central Division,165.1,49080.56,2.668,5.542,-5.205,01/06/04,1140.839966
purchase-only,monthly,West South Central Division,165.05,49080.56,2.668,5.542,-5.205,01/07/04,1101.719971
purchase-only,monthly,West South Central Division,165.87,49080.56,2.668,5.542,-5.205,01/08/04,1104.23999
purchase-only,monthly,West South Central Division,166.68,49080.56,2.668,5.542,-5.205,01/09/04,1114.579956
purchase-only,monthly,West South Central Division,166.87,49080.56,2.668,5.542,-5.205,01/10/04,1130.199951
purchase-only,monthly,West South Central Division,168.23,49080.56,2.668,5.542,-5.205,01/11/04,1173.819946
purchase-only,monthly,West South Central Division,168.48,49080.56,2.668,5.542,-5.205,01/12/04,1211.920044
purchase-only,monthly,West South Central Division,169.46,50322.52,3.366,5.083,-5.746,01/01/05,1181.27002
purchase-only,monthly,West South Central Division,170.08,50322.52,3.366,5.083,-5.746,01/02/05,1203.599976
purchase-only,monthly,West South Central Division,170.7,50322.52,3.366,5.083,-5.746,01/03/05,1180.589966
purchase-only,monthly,West South Central Division,171.6,50322.52,3.366,5.083,-5.746,01/04/05,1156.849976
purchase-only,monthly,West South Central Division,172.57,50322.52,3.366,5.083,-5.746,01/05/05,1191.5
purchase-only,monthly,West South Central Division,173.62,50322.52,3.366,5.083,-5.746,01/06/05,1191.329956
purchase-only,monthly,West South Central Division,174.92,50322.52,3.366,5.083,-5.746,01/07/05,1234.180054
purchase-only,monthly,West South Central Division,174.99,50322.52,3.366,5.083,-5.746,01/08/05,1220.329956
purchase-only,monthly,West South Central Division,176.56,50322.52,3.366,5.083,-5.746,01/09/05,1228.810059
purchase-only,monthly,West South Central Division,178.25,50322.52,3.366,5.083,-5.746,01/10/05,1207.01001
purchase-only,monthly,West South Central Division,179.05,50322.52,3.366,5.083,-5.746,01/11/05,1249.47998
purchase-only,monthly,West South Central Division,180.5,50322.52,3.366,5.083,-5.746,01/12/05,1248.290039
purchase-only,monthly,West South Central Division,181.63,51235.84,3.222,4.608,-5.911,01/01/06,1280.079956
purchase-only,monthly,West South Central Division,182.52,51235.84,3.222,4.608,-5.911,01/02/06,1280.660034
purchase-only,monthly,West South Central Division,183.32,51235.84,3.222,4.608,-5.911,01/03/06,1294.869995
purchase-only,monthly,West South Central Division,183.33,51235.84,3.222,4.608,-5.911,01/04/06,1310.609985
purchase-only,monthly,West South Central Division,185.17,51235.84,3.222,4.608,-5.911,01/05/06,1270.089966
purchase-only,monthly,West South Central Division,185.5,51235.84,3.222,4.608,-5.911,01/06/06,1270.199951
purchase-only,monthly,West South Central Division,186.15,51235.84,3.222,4.608,-5.911,01/07/06,1276.660034
purchase-only,monthly,West South Central Division,187.42,51235.84,3.222,4.608,-5.911,01/08/06,1303.819946
purchase-only,monthly,West South Central Division,188.36,51235.84,3.222,4.608,-5.911,01/09/06,1335.849976
purchase-only,monthly,West South Central Division,189.1,51235.84,3.222,4.608,-5.911,01/10/06,1377.939941
purchase-only,monthly,West South Central Division,190.48,51235.84,3.222,4.608,-5.911,01/11/06,1400.630005
purchase-only,monthly,West South Central Division,190.97,51235.84,3.222,4.608,-5.911,01/12/06,1418.300049
purchase-only,monthly,West South Central Division,192.71,51751.28,2.871,4.617,-5.089,01/01/07,1438.23999
purchase-only,monthly,West South Central Division,193.25,51751.28,2.871,4.617,-5.089,01/02/07,1406.819946
purchase-only,monthly,West South Central Division,193.68,51751.28,2.871,4.617,-5.089,01/03/07,1420.859985
purchase-only,monthly,West South Central Division,194.13,51751.28,2.871,4.617,-5.089,01/04/07,1482.369995
purchase-only,monthly,West South Central Division,194.72,51751.28,2.871,4.617,-5.089,01/05/07,1530.619995
purchase-only,monthly,West South Central Division,194.51,51751.28,2.871,4.617,-5.089,01/06/07,1503.349976
purchase-only,monthly,West South Central Division,195.39,51751.28,2.871,4.617,-5.089,01/07/07,1455.27002
purchase-only,monthly,West South Central Division,196.0,51751.28,2.871,4.617,-5.089,01/08/07,1473.98999
purchase-only,monthly,West South Central Division,196.13,51751.28,2.871,4.617,-5.089,01/09/07,1526.75
purchase-only,monthly,West South Central Division,196.19,51751.28,2.871,4.617,-5.089,01/10/07,1549.380005
purchase-only,monthly,West South Central Division,195.64,51751.28,2.871,4.617,-5.089,01/11/07,1481.140015
purchase-only,monthly,West South Central Division,196.7,51751.28,2.871,4.617,-5.089,01/12/07,1468.359985
purchase-only,monthly,West South Central Division,195.74,51335.91,3.815,5.8,-4.716,01/01/08,1378.550049
purchase-only,monthly,West South Central Division,195.95,51335.91,3.815,5.8,-4.716,01/02/08,1330.630005
purchase-only,monthly,West South Central Division,195.08,51335.91,3.815,5.8,-4.716,01/03/08,1322.699951
purchase-only,monthly,West South Central Division,194.91,51335.91,3.815,5.8,-4.716,01/04/08,1385.589966
purchase-only,monthly,West South Central Division,194.8,51335.91,3.815,5.8,-4.716,01/05/08,1400.380005
purchase-only,monthly,West South Central Division,195.59,51335.91,3.815,5.8,-4.716,01/06/08,1280.0
purchase-only,monthly,West South Central Division,195.17,51335.91,3.815,5.8,-4.716,01/07/08,1267.380005
purchase-only,monthly,West South Central Division,193.55,51335.91,3.815,5.8,-4.716,01/08/08,1282.829956
purchase-only,monthly,West South Central Division,195.59,51335.91,3.815,5.8,-4.716,01/09/08,1166.359985
purchase-only,monthly,West South Central Division,193.48,51335.91,3.815,5.8,-4.716,01/10/08,968.75
purchase-only,monthly,West South Central Division,190.97,51335.91,3.815,5.8,-4.716,01/11/08,896.2399902
purchase-only,monthly,West South Central Division,192.14,51335.91,3.815,5.8,-4.716,01/12/08,903.25
purchase-only,monthly,West South Central Division,192.26,49569.21,-0.32,9.283,-2.623,01/01/09,825.8800049
purchase-only,monthly,West South Central Division,193.85,49569.21,-0.32,9.283,-2.623,01/02/09,735.0900269
purchase-only,monthly,West South Central Division,193.52,49569.21,-0.32,9.283,-2.623,01/03/09,797.8699951
purchase-only,monthly,West South Central Division,192.26,49569.21,-0.32,9.283,-2.623,01/04/09,872.8099976
purchase-only,monthly,West South Central Division,193.06,49569.21,-0.32,9.283,-2.623,01/05/09,919.1400146
purchase-only,monthly,West South Central Division,194.87,49569.21,-0.32,9.283,-2.623,01/06/09,919.3200073
purchase-only,monthly,West South Central Division,192.76,49569.21,-0.32,9.283,-2.623,01/07/09,987.4799805
purchase-only,monthly,West South Central Division,193.11,49569.21,-0.32,9.283,-2.623,01/08/09,1020.619995
purchase-only,monthly,West South Central Division,192.94,49569.21,-0.32,9.283,-2.623,01/09/09,1057.079956
purchase-only,monthly,West South Central Division,194.95,49569.21,-0.32,9.283,-2.623,01/10/09,1036.189941
purchase-only,monthly,West South Central Division,193.61,49569.21,-0.32,9.283,-2.623,01/11/09,1095.630005
purchase-only,monthly,West South Central Division,194.23,49569.21,-0.32,9.283,-2.623,01/12/09,1115.099976
purchase-only,monthly,West South Central Division,193.89,50523.5,1.637,9.608,-2.871,01/01/10,1073.869995
purchase-only,monthly,West South Central Division,193.35,50523.5,1.637,9.608,-2.871,01/02/10,1104.48999
purchase-only,monthly,West South Central Division,192.66,50523.5,1.637,9.608,-2.871,01/03/10,1169.430054
purchase-only,monthly,West South Central Division,193.84,50523.5,1.637,9.608,-2.871,01/04/10,1186.689941
purchase-only,monthly,West South Central Division,195.82,50523.5,1.637,9.608,-2.871,01/05/10,1089.410034
purchase-only,monthly,West South Central Division,192.91,50523.5,1.637,9.608,-2.871,01/06/10,1030.709961
purchase-only,monthly,West South Central Division,192.69,50523.5,1.637,9.608,-2.871,01/07/10,1101.599976
purchase-only,monthly,West South Central Division,193.37,50523.5,1.637,9.608,-2.871,01/08/10,1049.329956
purchase-only,monthly,West South Central Division,190.76,50523.5,1.637,9.608,-2.871,01/09/10,1141.199951
purchase-only,monthly,West South Central Division,190.12,50523.5,1.637,9.608,-2.871,01/10/10,1183.26001
purchase-only,monthly,West South Central Division,190.34,50523.5,1.637,9.608,-2.871,01/11/10,1180.550049
purchase-only,monthly,West South Central Division,189.52,50523.5,1.637,9.608,-2.871,01/12/10,1257.640015
purchase-only,monthly,West South Central Division,189.52,50943.53,3.14,8.933,-2.919,01/01/11,1286.119995
purchase-only,monthly,West South Central Division,188.84,50943.53,3.14,8.933,-2.919,01/02/11,1327.219971
purchase-only,monthly,West South Central Division,187.6,50943.53,3.14,8.933,-2.919,01/03/11,1325.829956
purchase-only,monthly,West South Central Division,189.46,50943.53,3.14,8.933,-2.919,01/04/11,1363.609985
purchase-only,monthly,West South Central Division,189.11,50943.53,3.14,8.933,-2.919,01/05/11,1345.199951
purchase-only,monthly,West South Central Division,191.05,50943.53,3.14,8.933,-2.919,01/06/11,1320.640015
purchase-only,monthly,West South Central Division,189.12,50943.53,3.14,8.933,-2.919,01/07/11,1292.280029
purchase-only,monthly,West South Central Division,188.79,50943.53,3.14,8.933,-2.919,01/08/11,1218.890015
purchase-only,monthly,West South Central Division,189.82,50943.53,3.14,8.933,-2.919,01/09/11,1131.420044
purchase-only,monthly,West South Central Division,190.09,50943.53,3.14,8.933,-2.919,01/10/11,1253.300049
purchase-only,monthly,West South Central Division,191.87,50943.53,3.14,8.933,-2.919,01/11/11,1246.959961
purchase-only,monthly,West South Central Division,192.62,50943.53,3.14,8.933,-2.919,01/12/11,1257.599976
purchase-only,monthly,West South Central Division,190.03,51736.82,2.073,8.075,-2.573,01/01/12,1312.410034
purchase-only,monthly,West South Central Division,192.32,51736.82,2.073,8.075,-2.573,01/02/12,1365.680054
purchase-only,monthly,West South Central Division,194.02,51736.82,2.073,8.075,-2.573,01/03/12,1408.469971
purchase-only,monthly,West South Central Division,194.9,51736.82,2.073,8.075,-2.573,01/04/12,1397.910034
purchase-only,monthly,West South Central Division,194.95,51736.82,2.073,8.075,-2.573,01/05/12,1310.329956
purchase-only,monthly,West South Central Division,195.79,51736.82,2.073,8.075,-2.573,01/06/12,1362.160034
purchase-only,monthly,West South Central Division,197.33,51736.82,2.073,8.075,-2.573,01/07/12,1379.319946
purchase-only,monthly,West South Central Division,197.64,51736.82,2.073,8.075,-2.573,01/08/12,1406.579956
purchase-only,monthly,West South Central Division,198.98,51736.82,2.073,8.075,-2.573,01/09/12,1440.670044
purchase-only,monthly,West South Central Division,199.91,51736.82,2.073,8.075,-2.573,01/10/12,1412.160034
purchase-only,monthly,West South Central Division,200.57,51736.82,2.073,8.075,-2.573,01/11/12,1416.180054
purchase-only,monthly,West South Central Division,201.0,51736.82,2.073,8.075,-2.573,01/12/12,1426.189941
purchase-only,monthly,West South Central Division,202.44,52329.15,1.466,7.358,-2.016,01/01/13,1498.109985
purchase-only,monthly,West South Central Division,203.61,52329.15,1.466,7.358,-2.016,01/02/13,1514.680054
purchase-only,monthly,West South Central Division,204.51,52329.15,1.466,7.358,-2.016,01/03/13,1569.189941
purchase-only,monthly,West South Central Division,205.37,52329.15,1.466,7.358,-2.016,01/04/13,1597.569946
purchase-only,monthly,West South Central Division,207.2,52329.15,1.466,7.358,-2.016,01/05/13,1630.73999
purchase-only,monthly,West South Central Division,207.77,52329.15,1.466,7.358,-2.016,01/06/13,1606.280029
purchase-only,monthly,West South Central Division,207.11,52329.15,1.466,7.358,-2.016,01/07/13,1685.72998
purchase-only,monthly,West South Central Division,207.94,52329.15,1.466,7.358,-2.016,01/08/13,1632.969971
purchase-only,monthly,West South Central Division,209.11,52329.15,1.466,7.358,-2.016,01/09/13,1681.550049
purchase-only,monthly,West South Central Division,209.98,52329.15,1.466,7.358,-2.016,01/10/13,1756.540039
purchase-only,monthly,West South Central Division,210.35,52329.15,1.466,7.358,-2.016,01/11/13,1805.810059
purchase-only,monthly,West South Central Division,213.71,52329.15,1.466,7.358,-2.016,01/12/13,1848.359985
purchase-only,monthly,West South Central Division,213.75,53141.85,1.615,6.158,-2.109,01/01/14,1782.589966
purchase-only,monthly,West South Central Division,214.81,53141.85,1.615,6.158,-2.109,01/02/14,1859.449951
purchase-only,monthly,West South Central Division,215.34,53141.85,1.615,6.158,-2.109,01/03/14,1872.339966
purchase-only,monthly,West South Central Division,215.28,53141.85,1.615,6.158,-2.109,01/04/14,1883.949951
purchase-only,monthly,West South Central Division,216.09,53141.85,1.615,6.158,-2.109,01/05/14,1923.569946
purchase-only,monthly,West South Central Division,217.03,53141.85,1.615,6.158,-2.109,01/06/14,1960.22998
purchase-only,monthly,West South Central Division,219.3,53141.85,1.615,6.158,-2.109,01/07/14,1930.670044
purchase-only,monthly,West South Central Division,220.14,53141.85,1.615,6.158,-2.109,01/08/14,2003.369995
purchase-only,monthly,West South Central Division,221.01,53141.85,1.615,6.158,-2.109,01/09/14,1972.290039
purchase-only,monthly,West South Central Division,221.73,53141.85,1.615,6.158,-2.109,01/10/14,2018.050049
purchase-only,monthly,West South Central Division,223.2,53141.85,1.615,6.158,-2.109,01/11/14,2067.560059
purchase-only,monthly,West South Central Division,224.82,53141.85,1.615,6.158,-2.109,01/12/14,2058.899902
purchase-only,monthly,West South Central Division,225.85,54187.9,0.121,5.275,-2.244,01/01/15,1994.98999
purchase-only,monthly,West South Central Division,227.17,54187.9,0.121,5.275,-2.244,01/02/15,2104.5
purchase-only,monthly,West South Central Division,226.88,54187.9,0.121,5.275,-2.244,01/03/15,2067.889893
purchase-only,monthly,West South Central Division,228.27,54187.9,0.121,5.275,-2.244,01/04/15,2085.51001
purchase-only,monthly,West South Central Division,230.35,54187.9,0.121,5.275,-2.244,01/05/15,2107.389893
purchase-only,monthly,West South Central Division,230.82,54187.9,0.121,5.275,-2.244,01/06/15,2063.110107
purchase-only,monthly,West South Central Division,232.18,54187.9,0.121,5.275,-2.244,01/07/15,2103.840088
purchase-only,monthly,West South Central Division,233.1,54187.9,0.121,5.275,-2.244,01/08/15,1972.180054
purchase-only,monthly,West South Central Division,233.93,54187.9,0.121,5.275,-2.244,01/09/15,1920.030029
purchase-only,monthly,West South Central Division,235.52,54187.9,0.121,5.275,-2.244,01/10/15,2079.360107
purchase-only,monthly,West South Central Division,235.18,54187.9,0.121,5.275,-2.244,01/11/15,2080.409912
purchase-only,monthly,West South Central Division,236.12,54187.9,0.121,5.275,-2.244,01/12/15,2043.939941
purchase-only,monthly,West South Central Division,237.07,54700.34,1.267,4.875,-2.119,01/01/16,1940.23999
purchase-only,monthly,West South Central Division,237.24,54700.34,1.267,4.875,-2.119,01/02/16,1932.22998
purchase-only,monthly,West South Central Division,240.27,54700.34,1.267,4.875,-2.119,01/03/16,2059.73999
purchase-only,monthly,West South Central Division,240.7,54700.34,1.267,4.875,-2.119,01/04/16,2065.300049
purchase-only,monthly,West South Central Division,242.18,54700.34,1.267,4.875,-2.119,01/05/16,2096.949951
purchase-only,monthly,West South Central Division,243.1,54700.34,1.267,4.875,-2.119,01/06/16,2098.860107
purchase-only,monthly,West South Central Division,245.06,54700.34,1.267,4.875,-2.119,01/07/16,2173.600098
purchase-only,monthly,West South Central Division,245.46,54700.34,1.267,4.875,-2.119,01/08/16,2170.949951
purchase-only,monthly,West South Central Division,245.77,54700.34,1.267,4.875,-2.119,01/09/16,2168.27002
purchase-only,monthly,West South Central Division,247.04,54700.34,1.267,4.875,-2.119,01/10/16,2126.149902
purchase-only,monthly,West South Central Division,248.14,54700.34,1.267,4.875,-2.119,01/11/16,2198.810059
purchase-only,monthly,West South Central Division,250.1,54700.34,1.267,4.875,-2.119,01/12/16,2238.830078
purchase-only,monthly,West South Central Division,251.5,55572.58,2.131,4.358,-1.887,01/01/17,2278.870117
purchase-only,monthly,West South Central Division,251.84,55572.58,2.131,4.358,-1.887,01/02/17,2363.639893
purchase-only,monthly,West South Central Division,252.05,55572.58,2.131,4.358,-1.887,01/03/17,2362.719971
purchase-only,monthly,West South Central Division,255.65,55572.58,2.131,4.358,-1.887,01/04/17,2384.199951
purchase-only,monthly,West South Central Division,257.02,55572.58,2.131,4.358,-1.887,01/05/17,2411.800049
purchase-only,monthly,West South Central Division,256.87,55572.58,2.131,4.358,-1.887,01/06/17,2423.409912
purchase-only,monthly,West South Central Division,258.32,55572.58,2.131,4.358,-1.887,01/07/17,2470.300049
purchase-only,monthly,West South Central Division,259.2,55572.58,2.131,4.358,-1.887,01/08/17,2471.649902
purchase-only,monthly,West South Central Division,261.25,55572.58,2.131,4.358,-1.887,01/09/17,2519.360107
purchase-only,monthly,West South Central Division,261.82,55572.58,2.131,4.358,-1.887,01/10/17,2575.26001
purchase-only,monthly,West South Central Division,264.36,55572.58,2.131,4.358,-1.887,01/11/17,2647.580078
purchase-only,monthly,West South Central Division,264.28,55572.58,2.131,4.358,-1.887,01/12/17,2673.610107
purchase-only,monthly,West South Central Division,264.33,56904.34,2.439,3.892,-2.142,01/01/18,2823.810059
purchase-only,monthly,West South Central Division,268.19,56904.34,2.439,3.892,-2.142,01/02/18,2713.830078
purchase-only,monthly,West South Central Division,267.69,56904.34,2.439,3.892,-2.142,01/03/18,2640.870117
purchase-only,monthly,West South Central Division,268.5,56904.34,2.439,3.892,-2.142,01/04/18,2648.050049
purchase-only,monthly,West South Central Division,268.98,56904.34,2.439,3.892,-2.142,01/05/18,2705.27002
purchase-only,monthly,West South Central Division,269.88,56904.34,2.439,3.892,-2.142,01/06/18,2718.370117
purchase-only,monthly,West South Central Division,270.73,56904.34,2.439,3.892,-2.142,01/07/18,2816.290039
purchase-only,monthly,West South Central Division,272.45,56904.34,2.439,3.892,-2.142,01/08/18,2901.52002
purchase-only,monthly,West South Central Division,272.03,56904.34,2.439,3.892,-2.142,01/09/18,2913.97998
purchase-only,monthly,West South Central Division,273.58,56904.34,2.439,3.892,-2.142,01/10/18,2711.73999
purchase-only,monthly,West South Central Division,276.06,56904.34,2.439,3.892,-2.142,01/11/18,2760.169922
purchase-only,monthly,West South Central Division,275.54,56904.34,2.439,3.892,-2.142,01/12/18,2506.850098
purchase-only,monthly,West South Central Division,278.37,57940.11,1.813,3.683,-2.066,01/01/19,2704.100098
purchase-only,monthly,West South Central Division,277.68,57940.11,1.813,3.683,-2.066,01/02/19,2784.48999
purchase-only,monthly,West South Central Division,279.54,57940.11,1.813,3.683,-2.066,01/03/19,2834.399902
purchase-only,monthly,West South Central Division,278.94,57940.11,1.813,3.683,-2.066,01/04/19,2945.830078
purchase-only,monthly,West South Central Division,280.7,57940.11,1.813,3.683,-2.066,01/05/19,2752.060059
purchase-only,monthly,West South Central Division,281.59,57940.11,1.813,3.683,-2.066,01/06/19,2941.76001
purchase-only,monthly,West South Central Division,282.12,57940.11,1.813,3.683,-2.066,01/07/19,2980.379883
purchase-only,monthly,West South Central Division,283.36,57940.11,1.813,3.683,-2.066,01/08/19,2926.459961
purchase-only,monthly,West South Central Division,284.1,57940.11,1.813,3.683,-2.066,01/09/19,2976.73999
purchase-only,monthly,West South Central Division,286.01,57940.11,1.813,3.683,-2.066,01/10/19,3037.560059
purchase-only,monthly,West South Central Division,286.85,57940.11,1.813,3.683,-2.066,01/11/19,3140.97998
purchase-only,monthly,West South Central Division,289.88,57940.11,1.813,3.683,-2.066,01/12/19,3230.780029
purchase-only,monthly,West South Central Division,291.55,55875.47,1.251,8.092,-2.835,01/01/20,3225.52002
purchase-only,monthly,West South Central Division,291.61,55875.47,1.251,8.092,-2.835,01/02/20,2954.219971
purchase-only,monthly,West South Central Division,293.01,55875.47,1.251,8.092,-2.835,01/03/20,2584.590088
purchase-only,monthly,West South Central Division,292.73,55875.47,1.251,8.092,-2.835,01/04/20,2912.429932
purchase-only,monthly,West South Central Division,292.55,55875.47,1.251,8.092,-2.835,01/05/20,3044.310059
purchase-only,monthly,West South Central Division,296.46,55875.47,1.251,8.092,-2.835,01/06/20,3100.290039
purchase-only,monthly,West South Central Division,298.18,55875.47,1.251,8.092,-2.835,01/07/20,3271.120117
purchase-only,monthly,West South Central Division,303.11,55875.47,1.251,8.092,-2.835,01/08/20,3500.310059
purchase-only,monthly,West South Central Division,306.09,55875.47,1.251,8.092,-2.835,01/09/20,3363.0
purchase-only,monthly,West South Central Division,311.2,55875.47,1.251,8.092,-2.835,01/10/20,3269.959961
purchase-only,monthly,West South Central Division,312.78,55875.47,1.251,8.092,-2.835,01/11/20,3621.629883
purchase-only,monthly,West South Central Division,317.14,55875.47,1.251,8.092,-2.835,01/12/20,3756.070068
purchase-only,monthly,West South Central Division,321.07,59009.85,4.683,5.367,-3.566,01/01/21,3714.23999
purchase-only,monthly,West South Central Division,324.89,59009.85,4.683,5.367,-3.566,01/02/21,3811.149902
purchase-only,monthly,West South Central Division,328.59,59009.85,4.683,5.367,-3.566,01/03/21,3972.889893
purchase-only,monthly,West South Central Division,333.38,59009.85,4.683,5.367,-3.566,01/04/21,4181.169922
purchase-only,monthly,West South Central Division,337.42,59009.85,4.683,5.367,-3.566,01/05/21,4204.109863
purchase-only,monthly,West South Central Division,344.07,59009.85,4.683,5.367,-3.566,01/06/21,4297.5
purchase-only,monthly,West South Central Division,350.8,59009.85,4.683,5.367,-3.566,01/07/21,4395.259766
purchase-only,monthly,West South Central Division,354.44,59009.85,4.683,5.367,-3.566,01/08/21,4522.680176
purchase-only,monthly,West South Central Division,360.7,59009.85,4.683,5.367,-3.566,01/09/21,4307.540039
purchase-only,monthly,West South Central Division,364.78,59009.85,4.683,5.367,-3.566,01/10/21,4605.379883
purchase-only,monthly,West South Central Division,370.46,59009.85,4.683,5.367,-3.566,01/11/21,4567.0
purchase-only,monthly,West South Central Division,374.8,59009.85,4.683,5.367,-3.566,01/12/21,4766.180176
purchase-only,monthly,West South Central Division,380.15,60007.14,7.986,3.642,-3.816,01/01/22,4515.549805
purchase-only,monthly,West South Central Division,384.83,60007.14,7.986,3.642,-3.816,01/02/22,4373.939941
purchase-only,monthly,West South Central Division,388.48,60007.14,7.986,3.642,-3.816,01/03/22,4530.410156
purchase-only,monthly,West South Central Division,395.87,60007.14,7.986,3.642,-3.816,01/04/22,4131.930176
purchase-only,monthly,West South Central Division,402.05,60007.14,7.986,3.642,-3.816,01/05/22,4132.149902
purchase-only,monthly,West South Central Division,403.27,60007.14,7.986,3.642,-3.816,01/06/22,3785.379883
purchase-only,monthly,West South Central Division,402.1,60007.14,7.986,3.642,-3.816,01/07/22,4130.290039
purchase-only,monthly,West South Central Division,401.47,60007.14,7.986,3.642,-3.816,01/08/22,3955.0
purchase-only,monthly,West South Central Division,400.92,60007.14,7.986,3.642,-3.816,01/09/22,3585.620117
purchase-only,monthly,West South Central Division,403.61,60007.14,7.986,3.642,-3.816,01/10/22,3871.97998
purchase-only,monthly,West South Central Division,405.4,60007.14,7.986,3.642,-3.816,01/11/22,4080.110107
purchase-only,monthly,West South Central Division,404.06,60007.14,7.986,3.642,-3.816,01/12/22,3839.5
purchase-only,monthly,West South Central Division,401.06,60963.65,4.084,3.569,-2.951,01/01/23,4076.600098
purchase-only,monthly,West South Central Division,406.59,60963.65,4.084,3.569,-2.951,01/02/23,3970.149902
purchase-only,monthly,West South Central Division,408.03,60963.65,4.084,3.569,-2.951,01/03/23,4109.310059
purchase-only,monthly,West South Central Division,409.77,60963.65,4.084,3.569,-2.951,01/04/23,4169.47998
purchase-only,monthly,West South Central Division,412.4,60963.65,4.084,3.569,-2.951,01/05/23,4179.830078
purchase-only,monthly,West South Central Division,410.34,60963.65,4.084,3.569,-2.951,01/06/23,4450.379883
purchase-only,monthly,West South Central Division,412.85,60963.65,4.084,3.569,-2.951,01/07/23,4588.959961
purchase-only,monthly,West South Central Division,414.32,60963.65,4.084,3.569,-2.951,01/08/23,4507.660156
purchase-only,monthly,West South Central Division,418.3,60963.65,4.084,3.569,-2.951,01/09/23,4288.049805
purchase-only,monthly,West South Central Division,417.82,60963.65,4.084,3.569,-2.951,01/10/23,4193.799805
purchase-only,monthly,West South Central Division,417.92,60963.65,4.084,3.569,-2.951,01/11/23,4567.799805
expanded-data,quarterly,East North Central Division,100.0,36944.07,4.216,6.85,0.047,01/01/91,343.9299927
expanded-data,quarterly,East North Central Division,100.94,36944.07,4.216,6.85,0.047,01/02/91,367.0700073
expanded-data,quarterly,East North Central Division,101.6,36944.07,4.216,6.85,0.047,01/03/91,375.2200012
expanded-data,quarterly,East North Central Division,102.6,36944.07,4.216,6.85,0.047,01/04/91,375.3399963
expanded-data,quarterly,East North Central Division,104.14,37741.19,3.042,7.492,-0.792,01/01/92,408.7799988
expanded-data,quarterly,East North Central Division,105.11,37741.19,3.042,7.492,-0.792,01/02/92,412.7000122
expanded-data,quarterly,East North Central Division,106.19,37741.19,3.042,7.492,-0.792,01/03/92,403.6900024
expanded-data,quarterly,East North Central Division,107.39,37741.19,3.042,7.492,-0.792,01/04/92,414.9500122
expanded-data,quarterly,East North Central Division,108.26,38277.58,2.97,6.908,-1.237,01/01/93,438.7799988
expanded-data,quarterly,East North Central Division,109.49,38277.58,2.97,6.908,-1.237,01/02/93,443.3800049
expanded-data,quarterly,East North Central Division,111.13,38277.58,2.97,6.908,-1.237,01/03/93,451.6700134
expanded-data,quarterly,East North Central Division,112.61,38277.58,2.97,6.908,-1.237,01/04/93,440.1900024
expanded-data,quarterly,East North Central Division,114.0,39339.0,2.596,6.1,-1.669,01/01/94,481.6099854
expanded-data,quarterly,East North Central Division,115.63,39339.0,2.596,6.1,-1.669,01/02/94,467.1400146
expanded-data,quarterly,East North Central Division,117.09,39339.0,2.596,6.1,-1.669,01/03/94,445.769989
expanded-data,quarterly,East North Central Division,118.47,39339.0,2.596,6.1,-1.669,01/04/94,450.9100037
expanded-data,quarterly,East North Central Division,120.28,39919.87,2.805,5.592,-1.487,01/01/95,470.4200134
expanded-data,quarterly,East North Central Division,121.87,39919.87,2.805,5.592,-1.487,01/02/95,487.3900146
expanded-data,quarterly,East North Central Division,123.61,39919.87,2.805,5.592,-1.487,01/03/95,500.7099915
expanded-data,quarterly,East North Central Division,125.18,39919.87,2.805,5.592,-1.487,01/04/95,514.710022
expanded-data,quarterly,East North Central Division,126.8,40946.0,2.937,5.408,-1.546,01/01/96,636.0200195
expanded-data,quarterly,East North Central Division,128.38,40946.0,2.937,5.408,-1.546,01/02/96,640.4299927
expanded-data,quarterly,East North Central Division,129.64,40946.0,2.937,5.408,-1.546,01/03/96,645.5
expanded-data,quarterly,East North Central Division,130.98,40946.0,2.937,5.408,-1.546,01/04/96,654.1699829
expanded-data,quarterly,East North Central Division,132.65,42258.86,2.338,4.942,-1.641,01/01/97,786.1599731
expanded-data,quarterly,East North Central Division,133.91,42258.86,2.338,4.942,-1.641,01/02/97,790.8200073
expanded-data,quarterly,East North Central Division,135.26,42258.86,2.338,4.942,-1.641,01/03/97,757.1199951
expanded-data,quarterly,East North Central Division,136.74,42258.86,2.338,4.942,-1.641,01/04/97,801.3400269
expanded-data,quarterly,East North Central Division,138.54,43640.76,1.547,4.5,-2.373,01/01/98,980.2800293
expanded-data,quarterly,East North Central Division,140.42,43640.76,1.547,4.5,-2.373,01/02/98,1049.339966
expanded-data,quarterly,East North Central Division,142.23,43640.76,1.547,4.5,-2.373,01/03/98,1101.75
expanded-data,quarterly,East North Central Division,144.25,43640.76,1.547,4.5,-2.373,01/04/98,1111.75
expanded-data,quarterly,East North Central Division,145.99,45213.48,2.193,4.217,-2.976,01/01/99,1279.640015
expanded-data,quarterly,East North Central Division,148.3,45213.48,2.193,4.217,-2.976,01/02/99,1238.329956
expanded-data,quarterly,East North Central Division,150.82,45213.48,2.193,4.217,-2.976,01/03/99,1286.369995
expanded-data,quarterly,East North Central Division,153.24,45213.48,2.193,4.217,-2.976,01/04/99,1335.180054
expanded-data,quarterly,East North Central Division,155.43,46539.99,3.367,3.967,-3.921,01/01/00,1394.459961
expanded-data,quarterly,East North Central Division,157.33,46539.99,3.367,3.967,-3.921,01/02/00,1366.420044
expanded-data,quarterly,East North Central Division,159.37,46539.99,3.367,3.967,-3.921,01/03/00,1498.579956
expanded-data,quarterly,East North Central Division,161.72,46539.99,3.367,3.967,-3.921,01/04/00,1452.430054
expanded-data,quarterly,East North Central Division,163.71,46503.1,2.817,4.742,-3.724,01/01/01,1366.01001
expanded-data,quarterly,East North Central Division,165.02,46503.1,2.817,4.742,-3.724,01/02/01,1239.939941
expanded-data,quarterly,East North Central Division,166.91,46503.1,2.817,4.742,-3.724,01/03/01,1160.329956
expanded-data,quarterly,East North Central Division,168.3,46503.1,2.817,4.742,-3.724,01/04/01,1249.459961
expanded-data,quarterly,East North Central Division,170.24,46831.46,1.596,5.783,-4.173,01/01/02,1130.199951
expanded-data,quarterly,East North Central Division,171.9,46831.46,1.596,5.783,-4.173,01/02/02,1106.72998
expanded-data,quarterly,East North Central Division,173.34,46831.46,1.596,5.783,-4.173,01/03/02,1147.390015
expanded-data,quarterly,East North Central Division,174.98,46831.46,1.596,5.783,-4.173,01/04/02,1076.920044
expanded-data,quarterly,East North Central Division,176.73,47691.56,2.298,5.992,-4.559,01/01/03,855.7000122
expanded-data,quarterly,East North Central Division,178.17,47691.56,2.298,5.992,-4.559,01/02/03,841.1500244
expanded-data,quarterly,East North Central Division,179.61,47691.56,2.298,5.992,-4.559,01/03/03,848.1799927
expanded-data,quarterly,East North Central Division,181.61,47691.56,2.298,5.992,-4.559,01/04/03,916.9199829
expanded-data,quarterly,East North Central Division,183.71,49080.56,2.668,5.542,-5.205,01/01/04,1131.130005
expanded-data,quarterly,East North Central Division,185.5,49080.56,2.668,5.542,-5.205,01/02/04,1144.939941
expanded-data,quarterly,East North Central Division,187.22,49080.56,2.668,5.542,-5.205,01/03/04,1126.209961
expanded-data,quarterly,East North Central Division,189.23,49080.56,2.668,5.542,-5.205,01/04/04,1107.300049
expanded-data,quarterly,East North Central Division,191.67,50322.52,3.366,5.083,-5.746,01/01/05,1181.27002
expanded-data,quarterly,East North Central Division,192.7,50322.52,3.366,5.083,-5.746,01/02/05,1203.599976
expanded-data,quarterly,East North Central Division,193.71,50322.52,3.366,5.083,-5.746,01/03/05,1180.589966
expanded-data,quarterly,East North Central Division,194.95,50322.52,3.366,5.083,-5.746,01/04/05,1156.849976
expanded-data,quarterly,East North Central Division,195.4,51235.84,3.222,4.608,-5.911,01/01/06,1280.079956
expanded-data,quarterly,East North Central Division,194.72,51235.84,3.222,4.608,-5.911,01/02/06,1280.660034
expanded-data,quarterly,East North Central Division,193.3,51235.84,3.222,4.608,-5.911,01/03/06,1294.869995
expanded-data,quarterly,East North Central Division,192.04,51235.84,3.222,4.608,-5.911,01/04/06,1310.609985
expanded-data,quarterly,East North Central Division,190.29,51751.28,2.871,4.617,-5.089,01/01/07,1438.23999
expanded-data,quarterly,East North Central Division,186.45,51751.28,2.871,4.617,-5.089,01/02/07,1406.819946
expanded-data,quarterly,East North Central Division,181.57,51751.28,2.871,4.617,-5.089,01/03/07,1420.859985
expanded-data,quarterly,East North Central Division,176.26,51751.28,2.871,4.617,-5.089,01/04/07,1482.369995
expanded-data,quarterly,East North Central Division,171.04,51335.91,3.815,5.8,-4.716,01/01/08,1378.550049
expanded-data,quarterly,East North Central Division,166.29,51335.91,3.815,5.8,-4.716,01/02/08,1330.630005
expanded-data,quarterly,East North Central Division,161.46,51335.91,3.815,5.8,-4.716,01/03/08,1322.699951
expanded-data,quarterly,East North Central Division,152.11,51335.91,3.815,5.8,-4.716,01/04/08,1385.589966
expanded-data,quarterly,East North Central Division,147.15,49569.21,-0.32,9.283,-2.623,01/01/09,825.8800049
expanded-data,quarterly,East North Central Division,145.38,49569.21,-0.32,9.283,-2.623,01/02/09,735.0900269
expanded-data,quarterly,East North Central Division,145.36,49569.21,-0.32,9.283,-2.623,01/03/09,797.8699951
expanded-data,quarterly,East North Central Division,145.91,49569.21,-0.32,9.283,-2.623,01/04/09,872.8099976
expanded-data,quarterly,East North Central Division,144.59,50523.5,1.637,9.608,-2.871,01/01/10,1073.869995
expanded-data,quarterly,East North Central Division,144.39,50523.5,1.637,9.608,-2.871,01/02/10,1104.48999
expanded-data,quarterly,East North Central Division,138.33,50523.5,1.637,9.608,-2.871,01/03/10,1169.430054
expanded-data,quarterly,East North Central Division,138.23,50523.5,1.637,9.608,-2.871,01/04/10,1186.689941
expanded-data,quarterly,East North Central Division,135.67,50943.53,3.14,8.933,-2.919,01/01/11,1286.119995
expanded-data,quarterly,East North Central Division,133.77,50943.53,3.14,8.933,-2.919,01/02/11,1327.219971
expanded-data,quarterly,East North Central Division,134.74,50943.53,3.14,8.933,-2.919,01/03/11,1325.829956
expanded-data,quarterly,East North Central Division,134.54,50943.53,3.14,8.933,-2.919,01/04/11,1363.609985
expanded-data,quarterly,East North Central Division,135.76,51736.82,2.073,8.075,-2.573,01/01/12,1312.410034
expanded-data,quarterly,East North Central Division,136.24,51736.82,2.073,8.075,-2.573,01/02/12,1365.680054
expanded-data,quarterly,East North Central Division,136.57,51736.82,2.073,8.075,-2.573,01/03/12,1408.469971
expanded-data,quarterly,East North Central Division,138.54,51736.82,2.073,8.075,-2.573,01/04/12,1397.910034
expanded-data,quarterly,East North Central Division,141.68,52329.15,1.466,7.358,-2.016,01/01/13,1498.109985
expanded-data,quarterly,East North Central Division,143.8,52329.15,1.466,7.358,-2.016,01/02/13,1514.680054
expanded-data,quarterly,East North Central Division,145.98,52329.15,1.466,7.358,-2.016,01/03/13,1569.189941
expanded-data,quarterly,East North Central Division,148.22,52329.15,1.466,7.358,-2.016,01/04/13,1597.569946
expanded-data,quarterly,East North Central Division,150.07,53141.85,1.615,6.158,-2.109,01/01/14,1782.589966
expanded-data,quarterly,East North Central Division,153.07,53141.85,1.615,6.158,-2.109,01/02/14,1859.449951
expanded-data,quarterly,East North Central Division,156.27,53141.85,1.615,6.158,-2.109,01/03/14,1872.339966
expanded-data,quarterly,East North Central Division,157.54,53141.85,1.615,6.158,-2.109,01/04/14,1883.949951
expanded-data,quarterly,East North Central Division,158.7,54187.9,0.121,5.275,-2.244,01/01/15,1994.98999
expanded-data,quarterly,East North Central Division,160.97,54187.9,0.121,5.275,-2.244,01/02/15,2104.5
expanded-data,quarterly,East North Central Division,162.68,54187.9,0.121,5.275,-2.244,01/03/15,2067.889893
expanded-data,quarterly,East North Central Division,164.36,54187.9,0.121,5.275,-2.244,01/04/15,2085.51001
expanded-data,quarterly,East North Central Division,167.52,54700.34,1.267,4.875,-2.119,01/01/16,1940.23999
expanded-data,quarterly,East North Central Division,169.73,54700.34,1.267,4.875,-2.119,01/02/16,1932.22998
expanded-data,quarterly,East North Central Division,172.22,54700.34,1.267,4.875,-2.119,01/03/16,2059.73999
expanded-data,quarterly,East North Central Division,175.06,54700.34,1.267,4.875,-2.119,01/04/16,2065.300049
expanded-data,quarterly,East North Central Division,178.13,55572.58,2.131,4.358,-1.887,01/01/17,2278.870117
expanded-data,quarterly,East North Central Division,180.92,55572.58,2.131,4.358,-1.887,01/02/17,2363.639893
expanded-data,quarterly,East North Central Division,183.93,55572.58,2.131,4.358,-1.887,01/03/17,2362.719971
expanded-data,quarterly,East North Central Division,187.44,55572.58,2.131,4.358,-1.887,01/04/17,2384.199951
expanded-data,quarterly,East North Central Division,191.03,56904.34,2.439,3.892,-2.142,01/01/18,2823.810059
expanded-data,quarterly,East North Central Division,193.81,56904.34,2.439,3.892,-2.142,01/02/18,2713.830078
expanded-data,quarterly,East North Central Division,196.62,56904.34,2.439,3.892,-2.142,01/03/18,2640.870117
expanded-data,quarterly,East North Central Division,199.69,56904.34,2.439,3.892,-2.142,01/04/18,2648.050049
expanded-data,quarterly,East North Central Division,201.75,57940.11,1.813,3.683,-2.066,01/01/19,2704.100098
expanded-data,quarterly,East North Central Division,205.01,57940.11,1.813,3.683,-2.066,01/02/19,2784.48999
expanded-data,quarterly,East North Central Division,208.12,57940.11,1.813,3.683,-2.066,01/03/19,2834.399902
expanded-data,quarterly,East North Central Division,211.07,57940.11,1.813,3.683,-2.066,01/04/19,2945.830078
expanded-data,quarterly,East North Central Division,215.15,55875.47,1.251,8.092,-2.835,01/01/20,3225.52002
expanded-data,quarterly,East North Central Division,218.17,55875.47,1.251,8.092,-2.835,01/02/20,2954.219971
expanded-data,quarterly,East North Central Division,225.53,55875.47,1.251,8.092,-2.835,01/03/20,2584.590088
expanded-data,quarterly,East North Central Division,234.59,55875.47,1.251,8.092,-2.835,01/04/20,2912.429932
expanded-data,quarterly,East North Central Division,241.97,59009.85,4.683,5.367,-3.566,01/01/21,3714.23999
expanded-data,quarterly,East North Central Division,251.04,59009.85,4.683,5.367,-3.566,01/02/21,3811.149902
expanded-data,quarterly,East North Central Division,259.77,59009.85,4.683,5.367,-3.566,01/03/21,3972.889893
expanded-data,quarterly,East North Central Division,268.36,59009.85,4.683,5.367,-3.566,01/04/21,4181.169922
expanded-data,quarterly,East North Central Division,276.72,60007.14,7.986,3.642,-3.816,01/01/22,4515.549805
expanded-data,quarterly,East North Central Division,285.0,60007.14,7.986,3.642,-3.816,01/02/22,4373.939941
expanded-data,quarterly,East North Central Division,287.88,60007.14,7.986,3.642,-3.816,01/03/22,4530.410156
expanded-data,quarterly,East North Central Division,291.48,60007.14,7.986,3.642,-3.816,01/04/22,4131.930176
expanded-data,quarterly,East North Central Division,296.63,60963.65,4.084,3.569,-2.951,01/01/23,4076.600098
expanded-data,quarterly,East North Central Division,303.06,60963.65,4.084,3.569,-2.951,01/02/23,3970.149902
expanded-data,quarterly,East North Central Division,310.28,60963.65,4.084,3.569,-2.951,01/03/23,4109.310059
expanded-data,quarterly,East South Central Division,100.0,36944.07,4.216,6.85,0.047,01/01/91,343.9299927
expanded-data,quarterly,East South Central Division,100.66,36944.07,4.216,6.85,0.047,01/02/91,367.0700073
expanded-data,quarterly,East South Central Division,101.05,36944.07,4.216,6.85,0.047,01/03/91,375.2200012
expanded-data,quarterly,East South Central Division,102.05,36944.07,4.216,6.85,0.047,01/04/91,375.3399963
expanded-data,quarterly,East South Central Division,103.28,37741.19,3.042,7.492,-0.792,01/01/92,408.7799988
expanded-data,quarterly,East South Central Division,104.01,37741.19,3.042,7.492,-0.792,01/02/92,412.7000122
expanded-data,quarterly,East South Central Division,104.92,37741.19,3.042,7.492,-0.792,01/03/92,403.6900024
expanded-data,quarterly,East South Central Division,105.98,37741.19,3.042,7.492,-0.792,01/04/92,414.9500122
expanded-data,quarterly,East South Central Division,106.75,38277.58,2.97,6.908,-1.237,01/01/93,438.7799988
expanded-data,quarterly,East South Central Division,108.13,38277.58,2.97,6.908,-1.237,01/02/93,443.3800049
expanded-data,quarterly,East South Central Division,109.61,38277.58,2.97,6.908,-1.237,01/03/93,451.6700134
expanded-data,quarterly,East South Central Division,110.91,38277.58,2.97,6.908,-1.237,01/04/93,440.1900024
expanded-data,quarterly,East South Central Division,112.76,39339.0,2.596,6.1,-1.669,01/01/94,481.6099854
expanded-data,quarterly,East South Central Division,114.21,39339.0,2.596,6.1,-1.669,01/02/94,467.1400146
expanded-data,quarterly,East South Central Division,115.44,39339.0,2.596,6.1,-1.669,01/03/94,445.769989
expanded-data,quarterly,East South Central Division,116.84,39339.0,2.596,6.1,-1.669,01/04/94,450.9100037
expanded-data,quarterly,East South Central Division,118.69,39919.87,2.805,5.592,-1.487,01/01/95,470.4200134
expanded-data,quarterly,East South Central Division,120.04,39919.87,2.805,5.592,-1.487,01/02/95,487.3900146
expanded-data,quarterly,East South Central Division,121.51,39919.87,2.805,5.592,-1.487,01/03/95,500.7099915
expanded-data,quarterly,East South Central Division,123.24,39919.87,2.805,5.592,-1.487,01/04/95,514.710022
expanded-data,quarterly,East South Central Division,124.27,40946.0,2.937,5.408,-1.546,01/01/96,636.0200195
expanded-data,quarterly,East South Central Division,125.99,40946.0,2.937,5.408,-1.546,01/02/96,640.4299927
expanded-data,quarterly,East South Central Division,127.47,40946.0,2.937,5.408,-1.546,01/03/96,645.5
expanded-data,quarterly,East South Central Division,128.46,40946.0,2.937,5.408,-1.546,01/04/96,654.1699829
expanded-data,quarterly,East South Central Division,129.85,42258.86,2.338,4.942,-1.641,01/01/97,786.1599731
expanded-data,quarterly,East South Central Division,131.05,42258.86,2.338,4.942,-1.641,01/02/97,790.8200073
expanded-data,quarterly,East South Central Division,132.15,42258.86,2.338,4.942,-1.641,01/03/97,757.1199951
expanded-data,quarterly,East South Central Division,133.17,42258.86,2.338,4.942,-1.641,01/04/97,801.3400269
expanded-data,quarterly,East South Central Division,134.35,43640.76,1.547,4.5,-2.373,01/01/98,980.2800293
expanded-data,quarterly,East South Central Division,135.88,43640.76,1.547,4.5,-2.373,01/02/98,1049.339966
expanded-data,quarterly,East South Central Division,137.39,43640.76,1.547,4.5,-2.373,01/03/98,1101.75
expanded-data,quarterly,East South Central Division,138.74,43640.76,1.547,4.5,-2.373,01/04/98,1111.75
expanded-data,quarterly,East South Central Division,140.9,45213.48,2.193,4.217,-2.976,01/01/99,1279.640015
expanded-data,quarterly,East South Central Division,142.04,45213.48,2.193,4.217,-2.976,01/02/99,1238.329956
expanded-data,quarterly,East South Central Division,143.22,45213.48,2.193,4.217,-2.976,01/03/99,1286.369995
expanded-data,quarterly,East South Central Division,144.37,45213.48,2.193,4.217,-2.976,01/04/99,1335.180054
expanded-data,quarterly,East South Central Division,145.27,46539.99,3.367,3.967,-3.921,01/01/00,1394.459961
expanded-data,quarterly,East South Central Division,146.97,46539.99,3.367,3.967,-3.921,01/02/00,1366.420044
expanded-data,quarterly,East South Central Division,147.98,46539.99,3.367,3.967,-3.921,01/03/00,1498.579956
expanded-data,quarterly,East South Central Division,148.86,46539.99,3.367,3.967,-3.921,01/04/00,1452.430054
expanded-data,quarterly,East South Central Division,149.01,46503.1,2.817,4.742,-3.724,01/01/01,1366.01001
expanded-data,quarterly,East South Central Division,150.32,46503.1,2.817,4.742,-3.724,01/02/01,1239.939941
expanded-data,quarterly,East South Central Division,151.15,46503.1,2.817,4.742,-3.724,01/03/01,1160.329956
expanded-data,quarterly,East South Central Division,152.15,46503.1,2.817,4.742,-3.724,01/04/01,1249.459961
expanded-data,quarterly,East South Central Division,152.99,46831.46,1.596,5.783,-4.173,01/01/02,1130.199951
expanded-data,quarterly,East South Central Division,153.91,46831.46,1.596,5.783,-4.173,01/02/02,1106.72998
expanded-data,quarterly,East South Central Division,155.16,46831.46,1.596,5.783,-4.173,01/03/02,1147.390015
expanded-data,quarterly,East South Central Division,156.25,46831.46,1.596,5.783,-4.173,01/04/02,1076.920044
expanded-data,quarterly,East South Central Division,157.72,47691.56,2.298,5.992,-4.559,01/01/03,855.7000122
expanded-data,quarterly,East South Central Division,158.63,47691.56,2.298,5.992,-4.559,01/02/03,841.1500244
expanded-data,quarterly,East South Central Division,160.13,47691.56,2.298,5.992,-4.559,01/03/03,848.1799927
expanded-data,quarterly,East South Central Division,161.46,47691.56,2.298,5.992,-4.559,01/04/03,916.9199829
expanded-data,quarterly,East South Central Division,163.48,49080.56,2.668,5.542,-5.205,01/01/04,1131.130005
expanded-data,quarterly,East South Central Division,165.25,49080.56,2.668,5.542,-5.205,01/02/04,1144.939941
expanded-data,quarterly,East South Central Division,167.3,49080.56,2.668,5.542,-5.205,01/03/04,1126.209961
expanded-data,quarterly,East South Central Division,169.45,49080.56,2.668,5.542,-5.205,01/04/04,1107.300049
expanded-data,quarterly,East South Central Division,172.44,50322.52,3.366,5.083,-5.746,01/01/05,1181.27002
expanded-data,quarterly,East South Central Division,174.75,50322.52,3.366,5.083,-5.746,01/02/05,1203.599976
expanded-data,quarterly,East South Central Division,177.65,50322.52,3.366,5.083,-5.746,01/03/05,1180.589966
expanded-data,quarterly,East South Central Division,181.2,50322.52,3.366,5.083,-5.746,01/04/05,1156.849976
expanded-data,quarterly,East South Central Division,184.24,51235.84,3.222,4.608,-5.911,01/01/06,1280.079956
expanded-data,quarterly,East South Central Division,186.12,51235.84,3.222,4.608,-5.911,01/02/06,1280.660034
expanded-data,quarterly,East South Central Division,187.19,51235.84,3.222,4.608,-5.911,01/03/06,1294.869995
expanded-data,quarterly,East South Central Division,188.81,51235.84,3.222,4.608,-5.911,01/04/06,1310.609985
expanded-data,quarterly,East South Central Division,189.96,51751.28,2.871,4.617,-5.089,01/01/07,1438.23999
expanded-data,quarterly,East South Central Division,189.98,51751.28,2.871,4.617,-5.089,01/02/07,1406.819946
expanded-data,quarterly,East South Central Division,189.24,51751.28,2.871,4.617,-5.089,01/03/07,1420.859985
expanded-data,quarterly,East South Central Division,187.71,51751.28,2.871,4.617,-5.089,01/04/07,1482.369995
expanded-data,quarterly,East South Central Division,184.98,51335.91,3.815,5.8,-4.716,01/01/08,1378.550049
expanded-data,quarterly,East South Central Division,183.34,51335.91,3.815,5.8,-4.716,01/02/08,1330.630005
expanded-data,quarterly,East South Central Division,181.04,51335.91,3.815,5.8,-4.716,01/03/08,1322.699951
expanded-data,quarterly,East South Central Division,176.86,51335.91,3.815,5.8,-4.716,01/04/08,1385.589966
expanded-data,quarterly,East South Central Division,174.04,49569.21,-0.32,9.283,-2.623,01/01/09,825.8800049
expanded-data,quarterly,East South Central Division,173.37,49569.21,-0.32,9.283,-2.623,01/02/09,735.0900269
expanded-data,quarterly,East South Central Division,173.33,49569.21,-0.32,9.283,-2.623,01/03/09,797.8699951
expanded-data,quarterly,East South Central Division,173.43,49569.21,-0.32,9.283,-2.623,01/04/09,872.8099976
expanded-data,quarterly,East South Central Division,170.44,50523.5,1.637,9.608,-2.871,01/01/10,1073.869995
expanded-data,quarterly,East South Central Division,170.36,50523.5,1.637,9.608,-2.871,01/02/10,1104.48999
expanded-data,quarterly,East South Central Division,165.84,50523.5,1.637,9.608,-2.871,01/03/10,1169.430054
expanded-data,quarterly,East South Central Division,165.28,50523.5,1.637,9.608,-2.871,01/04/10,1186.689941
expanded-data,quarterly,East South Central Division,164.02,50943.53,3.14,8.933,-2.919,01/01/11,1286.119995
expanded-data,quarterly,East South Central Division,162.95,50943.53,3.14,8.933,-2.919,01/02/11,1327.219971
expanded-data,quarterly,East South Central Division,162.65,50943.53,3.14,8.933,-2.919,01/03/11,1325.829956
expanded-data,quarterly,East South Central Division,161.66,50943.53,3.14,8.933,-2.919,01/04/11,1363.609985
expanded-data,quarterly,East South Central Division,163.07,51736.82,2.073,8.075,-2.573,01/01/12,1312.410034
expanded-data,quarterly,East South Central Division,162.85,51736.82,2.073,8.075,-2.573,01/02/12,1365.680054
expanded-data,quarterly,East South Central Division,163.16,51736.82,2.073,8.075,-2.573,01/03/12,1408.469971
expanded-data,quarterly,East South Central Division,165.0,51736.82,2.073,8.075,-2.573,01/04/12,1397.910034
expanded-data,quarterly,East South Central Division,166.14,52329.15,1.466,7.358,-2.016,01/01/13,1498.109985
expanded-data,quarterly,East South Central Division,167.15,52329.15,1.466,7.358,-2.016,01/02/13,1514.680054
expanded-data,quarterly,East South Central Division,169.25,52329.15,1.466,7.358,-2.016,01/03/13,1569.189941
expanded-data,quarterly,East South Central Division,169.31,52329.15,1.466,7.358,-2.016,01/04/13,1597.569946
expanded-data,quarterly,East South Central Division,171.28,53141.85,1.615,6.158,-2.109,01/01/14,1782.589966
expanded-data,quarterly,East South Central Division,172.63,53141.85,1.615,6.158,-2.109,01/02/14,1859.449951
expanded-data,quarterly,East South Central Division,174.37,53141.85,1.615,6.158,-2.109,01/03/14,1872.339966
expanded-data,quarterly,East South Central Division,176.18,53141.85,1.615,6.158,-2.109,01/04/14,1883.949951
expanded-data,quarterly,East South Central Division,177.8,54187.9,0.121,5.275,-2.244,01/01/15,1994.98999
expanded-data,quarterly,East South Central Division,179.44,54187.9,0.121,5.275,-2.244,01/02/15,2104.5
expanded-data,quarterly,East South Central Division,180.71,54187.9,0.121,5.275,-2.244,01/03/15,2067.889893
expanded-data,quarterly,East South Central Division,182.15,54187.9,0.121,5.275,-2.244,01/04/15,2085.51001
expanded-data,quarterly,East South Central Division,184.39,54700.34,1.267,4.875,-2.119,01/01/16,1940.23999
expanded-data,quarterly,East South Central Division,186.47,54700.34,1.267,4.875,-2.119,01/02/16,1932.22998
expanded-data,quarterly,East South Central Division,188.67,54700.34,1.267,4.875,-2.119,01/03/16,2059.73999
expanded-data,quarterly,East South Central Division,191.45,54700.34,1.267,4.875,-2.119,01/04/16,2065.300049
expanded-data,quarterly,East South Central Division,193.46,55572.58,2.131,4.358,-1.887,01/01/17,2278.870117
expanded-data,quarterly,East South Central Division,195.97,55572.58,2.131,4.358,-1.887,01/02/17,2363.639893
expanded-data,quarterly,East South Central Division,198.54,55572.58,2.131,4.358,-1.887,01/03/17,2362.719971
expanded-data,quarterly,East South Central Division,200.58,55572.58,2.131,4.358,-1.887,01/04/17,2384.199951
expanded-data,quarterly,East South Central Division,204.04,56904.34,2.439,3.892,-2.142,01/01/18,2823.810059
expanded-data,quarterly,East South Central Division,206.46,56904.34,2.439,3.892,-2.142,01/02/18,2713.830078
expanded-data,quarterly,East South Central Division,209.03,56904.34,2.439,3.892,-2.142,01/03/18,2640.870117
expanded-data,quarterly,East South Central Division,211.64,56904.34,2.439,3.892,-2.142,01/04/18,2648.050049
expanded-data,quarterly,East South Central Division,214.4,57940.11,1.813,3.683,-2.066,01/01/19,2704.100098
expanded-data,quarterly,East South Central Division,217.23,57940.11,1.813,3.683,-2.066,01/02/19,2784.48999
expanded-data,quarterly,East South Central Division,220.05,57940.11,1.813,3.683,-2.066,01/03/19,2834.399902
expanded-data,quarterly,East South Central Division,223.63,57940.11,1.813,3.683,-2.066,01/04/19,2945.830078
expanded-data,quarterly,East South Central Division,227.35,55875.47,1.251,8.092,-2.835,01/01/20,3225.52002
expanded-data,quarterly,East South Central Division,230.75,55875.47,1.251,8.092,-2.835,01/02/20,2954.219971
expanded-data,quarterly,East South Central Division,237.26,55875.47,1.251,8.092,-2.835,01/03/20,2584.590088
expanded-data,quarterly,East South Central Division,246.66,55875.47,1.251,8.092,-2.835,01/04/20,2912.429932
expanded-data,quarterly,East South Central Division,254.44,59009.85,4.683,5.367,-3.566,01/01/21,3714.23999
expanded-data,quarterly,East South Central Division,265.05,59009.85,4.683,5.367,-3.566,01/02/21,3811.149902
expanded-data,quarterly,East South Central Division,276.21,59009.85,4.683,5.367,-3.566,01/03/21,3972.889893
expanded-data,quarterly,East South Central Division,286.44,59009.85,4.683,5.367,-3.566,01/04/21,4181.169922
expanded-data,quarterly,East South Central Division,297.95,60007.14,7.986,3.642,-3.816,01/01/22,4515.549805
expanded-data,quarterly,East South Central Division,309.87,60007.14,7.986,3.642,-3.816,01/02/22,4373.939941
expanded-data,quarterly,East South Central Division,313.95,60007.14,7.986,3.642,-3.816,01/03/22,4530.410156
expanded-data,quarterly,East South Central Division,316.08,60007.14,7.986,3.642,-3.816,01/04/22,4131.930176
expanded-data,quarterly,East South Central Division,321.4,60963.65,4.084,3.569,-2.951,01/01/23,4076.600098
expanded-data,quarterly,East South Central Division,325.18,60963.65,4.084,3.569,-2.951,01/02/23,3970.149902
expanded-data,quarterly,East South Central Division,330.51,60963.65,4.084,3.569,-2.951,01/03/23,4109.310059
expanded-data,quarterly,Middle Atlantic Division,100.0,36944.07,4.216,6.85,0.047,01/01/91,343.9299927
expanded-data,quarterly,Middle Atlantic Division,99.65,36944.07,4.216,6.85,0.047,01/02/91,367.0700073
expanded-data,quarterly,Middle Atlantic Division,99.79,36944.07,4.216,6.85,0.047,01/03/91,375.2200012
expanded-data,quarterly,Middle Atlantic Division,100.26,36944.07,4.216,6.85,0.047,01/04/91,375.3399963
expanded-data,quarterly,Middle Atlantic Division,101.31,37741.19,3.042,7.492,-0.792,01/01/92,408.7799988
expanded-data,quarterly,Middle Atlantic Division,101.26,37741.19,3.042,7.492,-0.792,01/02/92,412.7000122
expanded-data,quarterly,Middle Atlantic Division,100.88,37741.19,3.042,7.492,-0.792,01/03/92,403.6900024
expanded-data,quarterly,Middle Atlantic Division,101.65,37741.19,3.042,7.492,-0.792,01/04/92,414.9500122
expanded-data,quarterly,Middle Atlantic Division,101.1,38277.58,2.97,6.908,-1.237,01/01/93,438.7799988
expanded-data,quarterly,Middle Atlantic Division,101.77,38277.58,2.97,6.908,-1.237,01/02/93,443.3800049
expanded-data,quarterly,Middle Atlantic Division,102.2,38277.58,2.97,6.908,-1.237,01/03/93,451.6700134
expanded-data,quarterly,Middle Atlantic Division,102.78,38277.58,2.97,6.908,-1.237,01/04/93,440.1900024
expanded-data,quarterly,Middle Atlantic Division,103.02,39339.0,2.596,6.1,-1.669,01/01/94,481.6099854
expanded-data,quarterly,Middle Atlantic Division,103.27,39339.0,2.596,6.1,-1.669,01/02/94,467.1400146
expanded-data,quarterly,Middle Atlantic Division,103.67,39339.0,2.596,6.1,-1.669,01/03/94,445.769989
expanded-data,quarterly,Middle Atlantic Division,103.5,39339.0,2.596,6.1,-1.669,01/04/94,450.9100037
expanded-data,quarterly,Middle Atlantic Division,103.8,39919.87,2.805,5.592,-1.487,01/01/95,470.4200134
expanded-data,quarterly,Middle Atlantic Division,104.06,39919.87,2.805,5.592,-1.487,01/02/95,487.3900146
expanded-data,quarterly,Middle Atlantic Division,104.47,39919.87,2.805,5.592,-1.487,01/03/95,500.7099915
expanded-data,quarterly,Middle Atlantic Division,104.87,39919.87,2.805,5.592,-1.487,01/04/95,514.710022
expanded-data,quarterly,Middle Atlantic Division,105.46,40946.0,2.937,5.408,-1.546,01/01/96,636.0200195
expanded-data,quarterly,Middle Atlantic Division,105.75,40946.0,2.937,5.408,-1.546,01/02/96,640.4299927
expanded-data,quarterly,Middle Atlantic Division,105.66,40946.0,2.937,5.408,-1.546,01/03/96,645.5
expanded-data,quarterly,Middle Atlantic Division,106.11,40946.0,2.937,5.408,-1.546,01/04/96,654.1699829
expanded-data,quarterly,Middle Atlantic Division,106.04,42258.86,2.338,4.942,-1.641,01/01/97,786.1599731
expanded-data,quarterly,Middle Atlantic Division,106.48,42258.86,2.338,4.942,-1.641,01/02/97,790.8200073
expanded-data,quarterly,Middle Atlantic Division,106.93,42258.86,2.338,4.942,-1.641,01/03/97,757.1199951
expanded-data,quarterly,Middle Atlantic Division,107.63,42258.86,2.338,4.942,-1.641,01/04/97,801.3400269
expanded-data,quarterly,Middle Atlantic Division,108.48,43640.76,1.547,4.5,-2.373,01/01/98,980.2800293
expanded-data,quarterly,Middle Atlantic Division,109.89,43640.76,1.547,4.5,-2.373,01/02/98,1049.339966
expanded-data,quarterly,Middle Atlantic Division,111.02,43640.76,1.547,4.5,-2.373,01/03/98,1101.75
expanded-data,quarterly,Middle Atlantic Division,112.4,43640.76,1.547,4.5,-2.373,01/04/98,1111.75
expanded-data,quarterly,Middle Atlantic Division,114.07,45213.48,2.193,4.217,-2.976,01/01/99,1279.640015
expanded-data,quarterly,Middle Atlantic Division,115.75,45213.48,2.193,4.217,-2.976,01/02/99,1238.329956
expanded-data,quarterly,Middle Atlantic Division,117.61,45213.48,2.193,4.217,-2.976,01/03/99,1286.369995
expanded-data,quarterly,Middle Atlantic Division,119.12,45213.48,2.193,4.217,-2.976,01/04/99,1335.180054
expanded-data,quarterly,Middle Atlantic Division,120.87,46539.99,3.367,3.967,-3.921,01/01/00,1394.459961
expanded-data,quarterly,Middle Atlantic Division,123.15,46539.99,3.367,3.967,-3.921,01/02/00,1366.420044
expanded-data,quarterly,Middle Atlantic Division,125.86,46539.99,3.367,3.967,-3.921,01/03/00,1498.579956
expanded-data,quarterly,Middle Atlantic Division,128.2,46539.99,3.367,3.967,-3.921,01/04/00,1452.430054
expanded-data,quarterly,Middle Atlantic Division,131.03,46503.1,2.817,4.742,-3.724,01/01/01,1366.01001
expanded-data,quarterly,Middle Atlantic Division,133.68,46503.1,2.817,4.742,-3.724,01/02/01,1239.939941
expanded-data,quarterly,Middle Atlantic Division,136.55,46503.1,2.817,4.742,-3.724,01/03/01,1160.329956
expanded-data,quarterly,Middle Atlantic Division,139.11,46503.1,2.817,4.742,-3.724,01/04/01,1249.459961
expanded-data,quarterly,Middle Atlantic Division,142.4,46831.46,1.596,5.783,-4.173,01/01/02,1130.199951
expanded-data,quarterly,Middle Atlantic Division,145.29,46831.46,1.596,5.783,-4.173,01/02/02,1106.72998
expanded-data,quarterly,Middle Atlantic Division,149.49,46831.46,1.596,5.783,-4.173,01/03/02,1147.390015
expanded-data,quarterly,Middle Atlantic Division,154.03,46831.46,1.596,5.783,-4.173,01/04/02,1076.920044
expanded-data,quarterly,Middle Atlantic Division,158.74,47691.56,2.298,5.992,-4.559,01/01/03,855.7000122
expanded-data,quarterly,Middle Atlantic Division,161.79,47691.56,2.298,5.992,-4.559,01/02/03,841.1500244
expanded-data,quarterly,Middle Atlantic Division,165.79,47691.56,2.298,5.992,-4.559,01/03/03,848.1799927
expanded-data,quarterly,Middle Atlantic Division,170.01,47691.56,2.298,5.992,-4.559,01/04/03,916.9199829
expanded-data,quarterly,Middle Atlantic Division,174.08,49080.56,2.668,5.542,-5.205,01/01/04,1131.130005
expanded-data,quarterly,Middle Atlantic Division,180.12,49080.56,2.668,5.542,-5.205,01/02/04,1144.939941
expanded-data,quarterly,Middle Atlantic Division,185.22,49080.56,2.668,5.542,-5.205,01/03/04,1126.209961
expanded-data,quarterly,Middle Atlantic Division,190.44,49080.56,2.668,5.542,-5.205,01/04/04,1107.300049
expanded-data,quarterly,Middle Atlantic Division,196.46,50322.52,3.366,5.083,-5.746,01/01/05,1181.27002
expanded-data,quarterly,Middle Atlantic Division,201.66,50322.52,3.366,5.083,-5.746,01/02/05,1203.599976
expanded-data,quarterly,Middle Atlantic Division,207.46,50322.52,3.366,5.083,-5.746,01/03/05,1180.589966
expanded-data,quarterly,Middle Atlantic Division,212.47,50322.52,3.366,5.083,-5.746,01/04/05,1156.849976
expanded-data,quarterly,Middle Atlantic Division,216.76,51235.84,3.222,4.608,-5.911,01/01/06,1280.079956
expanded-data,quarterly,Middle Atlantic Division,218.72,51235.84,3.222,4.608,-5.911,01/02/06,1280.660034
expanded-data,quarterly,Middle Atlantic Division,220.05,51235.84,3.222,4.608,-5.911,01/03/06,1294.869995
expanded-data,quarterly,Middle Atlantic Division,221.12,51235.84,3.222,4.608,-5.911,01/04/06,1310.609985
expanded-data,quarterly,Middle Atlantic Division,222.31,51751.28,2.871,4.617,-5.089,01/01/07,1438.23999
expanded-data,quarterly,Middle Atlantic Division,219.78,51751.28,2.871,4.617,-5.089,01/02/07,1406.819946
expanded-data,quarterly,Middle Atlantic Division,216.91,51751.28,2.871,4.617,-5.089,01/03/07,1420.859985
expanded-data,quarterly,Middle Atlantic Division,214.16,51751.28,2.871,4.617,-5.089,01/04/07,1482.369995
expanded-data,quarterly,Middle Atlantic Division,211.28,51335.91,3.815,5.8,-4.716,01/01/08,1378.550049
expanded-data,quarterly,Middle Atlantic Division,207.89,51335.91,3.815,5.8,-4.716,01/02/08,1330.630005
expanded-data,quarterly,Middle Atlantic Division,203.66,51335.91,3.815,5.8,-4.716,01/03/08,1322.699951
expanded-data,quarterly,Middle Atlantic Division,199.09,51335.91,3.815,5.8,-4.716,01/04/08,1385.589966
expanded-data,quarterly,Middle Atlantic Division,195.57,49569.21,-0.32,9.283,-2.623,01/01/09,825.8800049
expanded-data,quarterly,Middle Atlantic Division,193.5,49569.21,-0.32,9.283,-2.623,01/02/09,735.0900269
expanded-data,quarterly,Middle Atlantic Division,192.99,49569.21,-0.32,9.283,-2.623,01/03/09,797.8699951
expanded-data,quarterly,Middle Atlantic Division,193.02,49569.21,-0.32,9.283,-2.623,01/04/09,872.8099976
expanded-data,quarterly,Middle Atlantic Division,191.02,50523.5,1.637,9.608,-2.871,01/01/10,1073.869995
expanded-data,quarterly,Middle Atlantic Division,191.24,50523.5,1.637,9.608,-2.871,01/02/10,1104.48999
expanded-data,quarterly,Middle Atlantic Division,183.86,50523.5,1.637,9.608,-2.871,01/03/10,1169.430054
expanded-data,quarterly,Middle Atlantic Division,183.81,50523.5,1.637,9.608,-2.871,01/04/10,1186.689941
expanded-data,quarterly,Middle Atlantic Division,181.38,50943.53,3.14,8.933,-2.919,01/01/11,1286.119995
expanded-data,quarterly,Middle Atlantic Division,180.77,50943.53,3.14,8.933,-2.919,01/02/11,1327.219971
expanded-data,quarterly,Middle Atlantic Division,180.57,50943.53,3.14,8.933,-2.919,01/03/11,1325.829956
expanded-data,quarterly,Middle Atlantic Division,178.99,50943.53,3.14,8.933,-2.919,01/04/11,1363.609985
expanded-data,quarterly,Middle Atlantic Division,179.42,51736.82,2.073,8.075,-2.573,01/01/12,1312.410034
expanded-data,quarterly,Middle Atlantic Division,179.84,51736.82,2.073,8.075,-2.573,01/02/12,1365.680054
expanded-data,quarterly,Middle Atlantic Division,179.91,51736.82,2.073,8.075,-2.573,01/03/12,1408.469971
expanded-data,quarterly,Middle Atlantic Division,181.27,51736.82,2.073,8.075,-2.573,01/04/12,1397.910034
expanded-data,quarterly,Middle Atlantic Division,182.82,52329.15,1.466,7.358,-2.016,01/01/13,1498.109985
expanded-data,quarterly,Middle Atlantic Division,183.27,52329.15,1.466,7.358,-2.016,01/02/13,1514.680054
expanded-data,quarterly,Middle Atlantic Division,184.15,52329.15,1.466,7.358,-2.016,01/03/13,1569.189941
expanded-data,quarterly,Middle Atlantic Division,184.99,52329.15,1.466,7.358,-2.016,01/04/13,1597.569946
expanded-data,quarterly,Middle Atlantic Division,185.93,53141.85,1.615,6.158,-2.109,01/01/14,1782.589966
expanded-data,quarterly,Middle Atlantic Division,186.63,53141.85,1.615,6.158,-2.109,01/02/14,1859.449951
expanded-data,quarterly,Middle Atlantic Division,188.56,53141.85,1.615,6.158,-2.109,01/03/14,1872.339966
expanded-data,quarterly,Middle Atlantic Division,189.12,53141.85,1.615,6.158,-2.109,01/04/14,1883.949951
expanded-data,quarterly,Middle Atlantic Division,189.8,54187.9,0.121,5.275,-2.244,01/01/15,1994.98999
expanded-data,quarterly,Middle Atlantic Division,191.31,54187.9,0.121,5.275,-2.244,01/02/15,2104.5
expanded-data,quarterly,Middle Atlantic Division,192.19,54187.9,0.121,5.275,-2.244,01/03/15,2067.889893
expanded-data,quarterly,Middle Atlantic Division,192.71,54187.9,0.121,5.275,-2.244,01/04/15,2085.51001
expanded-data,quarterly,Middle Atlantic Division,193.95,54700.34,1.267,4.875,-2.119,01/01/16,1940.23999
expanded-data,quarterly,Middle Atlantic Division,195.61,54700.34,1.267,4.875,-2.119,01/02/16,1932.22998
expanded-data,quarterly,Middle Atlantic Division,197.53,54700.34,1.267,4.875,-2.119,01/03/16,2059.73999
expanded-data,quarterly,Middle Atlantic Division,199.6,54700.34,1.267,4.875,-2.119,01/04/16,2065.300049
expanded-data,quarterly,Middle Atlantic Division,201.01,55572.58,2.131,4.358,-1.887,01/01/17,2278.870117
expanded-data,quarterly,Middle Atlantic Division,203.77,55572.58,2.131,4.358,-1.887,01/02/17,2363.639893
expanded-data,quarterly,Middle Atlantic Division,206.36,55572.58,2.131,4.358,-1.887,01/03/17,2362.719971
expanded-data,quarterly,Middle Atlantic Division,209.44,55572.58,2.131,4.358,-1.887,01/04/17,2384.199951
expanded-data,quarterly,Middle Atlantic Division,212.74,56904.34,2.439,3.892,-2.142,01/01/18,2823.810059
expanded-data,quarterly,Middle Atlantic Division,215.78,56904.34,2.439,3.892,-2.142,01/02/18,2713.830078
expanded-data,quarterly,Middle Atlantic Division,218.8,56904.34,2.439,3.892,-2.142,01/03/18,2640.870117
expanded-data,quarterly,Middle Atlantic Division,221.32,56904.34,2.439,3.892,-2.142,01/04/18,2648.050049
expanded-data,quarterly,Middle Atlantic Division,224.35,57940.11,1.813,3.683,-2.066,01/01/19,2704.100098
expanded-data,quarterly,Middle Atlantic Division,227.56,57940.11,1.813,3.683,-2.066,01/02/19,2784.48999
expanded-data,quarterly,Middle Atlantic Division,230.72,57940.11,1.813,3.683,-2.066,01/03/19,2834.399902
expanded-data,quarterly,Middle Atlantic Division,234.67,57940.11,1.813,3.683,-2.066,01/04/19,2945.830078
expanded-data,quarterly,Middle Atlantic Division,240.09,55875.47,1.251,8.092,-2.835,01/01/20,3225.52002
expanded-data,quarterly,Middle Atlantic Division,242.48,55875.47,1.251,8.092,-2.835,01/02/20,2954.219971
expanded-data,quarterly,Middle Atlantic Division,250.85,55875.47,1.251,8.092,-2.835,01/03/20,2584.590088
expanded-data,quarterly,Middle Atlantic Division,262.51,55875.47,1.251,8.092,-2.835,01/04/20,2912.429932
expanded-data,quarterly,Middle Atlantic Division,270.65,59009.85,4.683,5.367,-3.566,01/01/21,3714.23999
expanded-data,quarterly,Middle Atlantic Division,279.21,59009.85,4.683,5.367,-3.566,01/02/21,3811.149902
expanded-data,quarterly,Middle Atlantic Division,288.39,59009.85,4.683,5.367,-3.566,01/03/21,3972.889893
expanded-data,quarterly,Middle Atlantic Division,296.66,59009.85,4.683,5.367,-3.566,01/04/21,4181.169922
expanded-data,quarterly,Middle Atlantic Division,306.21,60007.14,7.986,3.642,-3.816,01/01/22,4515.549805
expanded-data,quarterly,Middle Atlantic Division,315.07,60007.14,7.986,3.642,-3.816,01/02/22,4373.939941
expanded-data,quarterly,Middle Atlantic Division,319.84,60007.14,7.986,3.642,-3.816,01/03/22,4530.410156
expanded-data,quarterly,Middle Atlantic Division,324.69,60007.14,7.986,3.642,-3.816,01/04/22,4131.930176
expanded-data,quarterly,Middle Atlantic Division,330.69,60963.65,4.084,3.569,-2.951,01/01/23,4076.600098
expanded-data,quarterly,Middle Atlantic Division,337.3,60963.65,4.084,3.569,-2.951,01/02/23,3970.149902
expanded-data,quarterly,Middle Atlantic Division,345.48,60963.65,4.084,3.569,-2.951,01/03/23,4109.310059
expanded-data,quarterly,Mountain Division,100.0,36944.07,4.216,6.85,0.047,01/01/91,343.9299927
expanded-data,quarterly,Mountain Division,101.27,36944.07,4.216,6.85,0.047,01/02/91,367.0700073
expanded-data,quarterly,Mountain Division,102.54,36944.07,4.216,6.85,0.047,01/03/91,375.2200012
expanded-data,quarterly,Mountain Division,104.41,36944.07,4.216,6.85,0.047,01/04/91,375.3399963
expanded-data,quarterly,Mountain Division,105.71,37741.19,3.042,7.492,-0.792,01/01/92,408.7799988
expanded-data,quarterly,Mountain Division,106.83,37741.19,3.042,7.492,-0.792,01/02/92,412.7000122
expanded-data,quarterly,Mountain Division,108.67,37741.19,3.042,7.492,-0.792,01/03/92,403.6900024
expanded-data,quarterly,Mountain Division,111.01,37741.19,3.042,7.492,-0.792,01/04/92,414.9500122
expanded-data,quarterly,Mountain Division,113.18,38277.58,2.97,6.908,-1.237,01/01/93,438.7799988
expanded-data,quarterly,Mountain Division,115.75,38277.58,2.97,6.908,-1.237,01/02/93,443.3800049
expanded-data,quarterly,Mountain Division,118.7,38277.58,2.97,6.908,-1.237,01/03/93,451.6700134
expanded-data,quarterly,Mountain Division,121.76,38277.58,2.97,6.908,-1.237,01/04/93,440.1900024
expanded-data,quarterly,Mountain Division,124.76,39339.0,2.596,6.1,-1.669,01/01/94,481.6099854
expanded-data,quarterly,Mountain Division,127.95,39339.0,2.596,6.1,-1.669,01/02/94,467.1400146
expanded-data,quarterly,Mountain Division,130.65,39339.0,2.596,6.1,-1.669,01/03/94,445.769989
expanded-data,quarterly,Mountain Division,132.95,39339.0,2.596,6.1,-1.669,01/04/94,450.9100037
expanded-data,quarterly,Mountain Division,135.12,39919.87,2.805,5.592,-1.487,01/01/95,470.4200134
expanded-data,quarterly,Mountain Division,137.42,39919.87,2.805,5.592,-1.487,01/02/95,487.3900146
expanded-data,quarterly,Mountain Division,139.5,39919.87,2.805,5.592,-1.487,01/03/95,500.7099915
expanded-data,quarterly,Mountain Division,141.36,39919.87,2.805,5.592,-1.487,01/04/95,514.710022
expanded-data,quarterly,Mountain Division,143.5,40946.0,2.937,5.408,-1.546,01/01/96,636.0200195
expanded-data,quarterly,Mountain Division,145.36,40946.0,2.937,5.408,-1.546,01/02/96,640.4299927
expanded-data,quarterly,Mountain Division,146.43,40946.0,2.937,5.408,-1.546,01/03/96,645.5
expanded-data,quarterly,Mountain Division,148.05,40946.0,2.937,5.408,-1.546,01/04/96,654.1699829
expanded-data,quarterly,Mountain Division,149.65,42258.86,2.338,4.942,-1.641,01/01/97,786.1599731
expanded-data,quarterly,Mountain Division,150.86,42258.86,2.338,4.942,-1.641,01/02/97,790.8200073
expanded-data,quarterly,Mountain Division,152.52,42258.86,2.338,4.942,-1.641,01/03/97,757.1199951
expanded-data,quarterly,Mountain Division,153.78,42258.86,2.338,4.942,-1.641,01/04/97,801.3400269
expanded-data,quarterly,Mountain Division,155.35,43640.76,1.547,4.5,-2.373,01/01/98,980.2800293
expanded-data,quarterly,Mountain Division,156.97,43640.76,1.547,4.5,-2.373,01/02/98,1049.339966
expanded-data,quarterly,Mountain Division,158.74,43640.76,1.547,4.5,-2.373,01/03/98,1101.75
expanded-data,quarterly,Mountain Division,161.3,43640.76,1.547,4.5,-2.373,01/04/98,1111.75
expanded-data,quarterly,Mountain Division,163.97,45213.48,2.193,4.217,-2.976,01/01/99,1279.640015
expanded-data,quarterly,Mountain Division,166.23,45213.48,2.193,4.217,-2.976,01/02/99,1238.329956
expanded-data,quarterly,Mountain Division,168.72,45213.48,2.193,4.217,-2.976,01/03/99,1286.369995
expanded-data,quarterly,Mountain Division,171.81,45213.48,2.193,4.217,-2.976,01/04/99,1335.180054
expanded-data,quarterly,Mountain Division,174.59,46539.99,3.367,3.967,-3.921,01/01/00,1394.459961
expanded-data,quarterly,Mountain Division,176.9,46539.99,3.367,3.967,-3.921,01/02/00,1366.420044
expanded-data,quarterly,Mountain Division,179.27,46539.99,3.367,3.967,-3.921,01/03/00,1498.579956
expanded-data,quarterly,Mountain Division,181.71,46539.99,3.367,3.967,-3.921,01/04/00,1452.430054
expanded-data,quarterly,Mountain Division,185.2,46503.1,2.817,4.742,-3.724,01/01/01,1366.01001
expanded-data,quarterly,Mountain Division,187.29,46503.1,2.817,4.742,-3.724,01/02/01,1239.939941
expanded-data,quarterly,Mountain Division,189.54,46503.1,2.817,4.742,-3.724,01/03/01,1160.329956
expanded-data,quarterly,Mountain Division,191.55,46503.1,2.817,4.742,-3.724,01/04/01,1249.459961
expanded-data,quarterly,Mountain Division,193.49,46831.46,1.596,5.783,-4.173,01/01/02,1130.199951
expanded-data,quarterly,Mountain Division,195.93,46831.46,1.596,5.783,-4.173,01/02/02,1106.72998
expanded-data,quarterly,Mountain Division,197.88,46831.46,1.596,5.783,-4.173,01/03/02,1147.390015
expanded-data,quarterly,Mountain Division,200.53,46831.46,1.596,5.783,-4.173,01/04/02,1076.920044
expanded-data,quarterly,Mountain Division,202.51,47691.56,2.298,5.992,-4.559,01/01/03,855.7000122
expanded-data,quarterly,Mountain Division,205.15,47691.56,2.298,5.992,-4.559,01/02/03,841.1500244
expanded-data,quarterly,Mountain Division,208.76,47691.56,2.298,5.992,-4.559,01/03/03,848.1799927
expanded-data,quarterly,Mountain Division,212.9,47691.56,2.298,5.992,-4.559,01/04/03,916.9199829
expanded-data,quarterly,Mountain Division,218.25,49080.56,2.668,5.542,-5.205,01/01/04,1131.130005
expanded-data,quarterly,Mountain Division,225.24,49080.56,2.668,5.542,-5.205,01/02/04,1144.939941
expanded-data,quarterly,Mountain Division,232.33,49080.56,2.668,5.542,-5.205,01/03/04,1126.209961
expanded-data,quarterly,Mountain Division,240.15,49080.56,2.668,5.542,-5.205,01/04/04,1107.300049
expanded-data,quarterly,Mountain Division,250.47,50322.52,3.366,5.083,-5.746,01/01/05,1181.27002
expanded-data,quarterly,Mountain Division,261.33,50322.52,3.366,5.083,-5.746,01/02/05,1203.599976
expanded-data,quarterly,Mountain Division,272.7,50322.52,3.366,5.083,-5.746,01/03/05,1180.589966
expanded-data,quarterly,Mountain Division,281.68,50322.52,3.366,5.083,-5.746,01/04/05,1156.849976
expanded-data,quarterly,Mountain Division,289.08,51235.84,3.222,4.608,-5.911,01/01/06,1280.079956
expanded-data,quarterly,Mountain Division,293.3,51235.84,3.222,4.608,-5.911,01/02/06,1280.660034
expanded-data,quarterly,Mountain Division,294.91,51235.84,3.222,4.608,-5.911,01/03/06,1294.869995
expanded-data,quarterly,Mountain Division,297.54,51235.84,3.222,4.608,-5.911,01/04/06,1310.609985
expanded-data,quarterly,Mountain Division,297.99,51751.28,2.871,4.617,-5.089,01/01/07,1438.23999
expanded-data,quarterly,Mountain Division,295.06,51751.28,2.871,4.617,-5.089,01/02/07,1406.819946
expanded-data,quarterly,Mountain Division,288.5,51751.28,2.871,4.617,-5.089,01/03/07,1420.859985
expanded-data,quarterly,Mountain Division,279.1,51751.28,2.871,4.617,-5.089,01/04/07,1482.369995
expanded-data,quarterly,Mountain Division,269.16,51335.91,3.815,5.8,-4.716,01/01/08,1378.550049
expanded-data,quarterly,Mountain Division,258.45,51335.91,3.815,5.8,-4.716,01/02/08,1330.630005
expanded-data,quarterly,Mountain Division,248.01,51335.91,3.815,5.8,-4.716,01/03/08,1322.699951
expanded-data,quarterly,Mountain Division,233.81,51335.91,3.815,5.8,-4.716,01/04/08,1385.589966
expanded-data,quarterly,Mountain Division,221.79,49569.21,-0.32,9.283,-2.623,01/01/09,825.8800049
expanded-data,quarterly,Mountain Division,215.93,49569.21,-0.32,9.283,-2.623,01/02/09,735.0900269
expanded-data,quarterly,Mountain Division,215.33,49569.21,-0.32,9.283,-2.623,01/03/09,797.8699951
expanded-data,quarterly,Mountain Division,215.6,49569.21,-0.32,9.283,-2.623,01/04/09,872.8099976
expanded-data,quarterly,Mountain Division,212.68,50523.5,1.637,9.608,-2.871,01/01/10,1073.869995
expanded-data,quarterly,Mountain Division,210.37,50523.5,1.637,9.608,-2.871,01/02/10,1104.48999
expanded-data,quarterly,Mountain Division,203.16,50523.5,1.637,9.608,-2.871,01/03/10,1169.430054
expanded-data,quarterly,Mountain Division,199.3,50523.5,1.637,9.608,-2.871,01/04/10,1186.689941
expanded-data,quarterly,Mountain Division,195.41,50943.53,3.14,8.933,-2.919,01/01/11,1286.119995
expanded-data,quarterly,Mountain Division,192.2,50943.53,3.14,8.933,-2.919,01/02/11,1327.219971
expanded-data,quarterly,Mountain Division,192.63,50943.53,3.14,8.933,-2.919,01/03/11,1325.829956
expanded-data,quarterly,Mountain Division,194.56,50943.53,3.14,8.933,-2.919,01/04/11,1363.609985
expanded-data,quarterly,Mountain Division,199.43,51736.82,2.073,8.075,-2.573,01/01/12,1312.410034
expanded-data,quarterly,Mountain Division,206.52,51736.82,2.073,8.075,-2.573,01/02/12,1365.680054
expanded-data,quarterly,Mountain Division,212.99,51736.82,2.073,8.075,-2.573,01/03/12,1408.469971
expanded-data,quarterly,Mountain Division,219.19,51736.82,2.073,8.075,-2.573,01/04/12,1397.910034
expanded-data,quarterly,Mountain Division,226.39,52329.15,1.466,7.358,-2.016,01/01/13,1498.109985
expanded-data,quarterly,Mountain Division,232.93,52329.15,1.466,7.358,-2.016,01/02/13,1514.680054
expanded-data,quarterly,Mountain Division,239.06,52329.15,1.466,7.358,-2.016,01/03/13,1569.189941
expanded-data,quarterly,Mountain Division,243.29,52329.15,1.466,7.358,-2.016,01/04/13,1597.569946
expanded-data,quarterly,Mountain Division,247.43,53141.85,1.615,6.158,-2.109,01/01/14,1782.589966
expanded-data,quarterly,Mountain Division,250.28,53141.85,1.615,6.158,-2.109,01/02/14,1859.449951
expanded-data,quarterly,Mountain Division,253.95,53141.85,1.615,6.158,-2.109,01/03/14,1872.339966
expanded-data,quarterly,Mountain Division,258.14,53141.85,1.615,6.158,-2.109,01/04/14,1883.949951
expanded-data,quarterly,Mountain Division,262.66,54187.9,0.121,5.275,-2.244,01/01/15,1994.98999
expanded-data,quarterly,Mountain Division,267.09,54187.9,0.121,5.275,-2.244,01/02/15,2104.5
expanded-data,quarterly,Mountain Division,272.08,54187.9,0.121,5.275,-2.244,01/03/15,2067.889893
expanded-data,quarterly,Mountain Division,277.16,54187.9,0.121,5.275,-2.244,01/04/15,2085.51001
expanded-data,quarterly,Mountain Division,281.48,54700.34,1.267,4.875,-2.119,01/01/16,1940.23999
expanded-data,quarterly,Mountain Division,286.21,54700.34,1.267,4.875,-2.119,01/02/16,1932.22998
expanded-data,quarterly,Mountain Division,291.26,54700.34,1.267,4.875,-2.119,01/03/16,2059.73999
expanded-data,quarterly,Mountain Division,296.63,54700.34,1.267,4.875,-2.119,01/04/16,2065.300049
expanded-data,quarterly,Mountain Division,301.92,55572.58,2.131,4.358,-1.887,01/01/17,2278.870117
expanded-data,quarterly,Mountain Division,308.41,55572.58,2.131,4.358,-1.887,01/02/17,2363.639893
expanded-data,quarterly,Mountain Division,314.39,55572.58,2.131,4.358,-1.887,01/03/17,2362.719971
expanded-data,quarterly,Mountain Division,321.44,55572.58,2.131,4.358,-1.887,01/04/17,2384.199951
expanded-data,quarterly,Mountain Division,329.37,56904.34,2.439,3.892,-2.142,01/01/18,2823.810059
expanded-data,quarterly,Mountain Division,335.32,56904.34,2.439,3.892,-2.142,01/02/18,2713.830078
expanded-data,quarterly,Mountain Division,341.51,56904.34,2.439,3.892,-2.142,01/03/18,2640.870117
expanded-data,quarterly,Mountain Division,348.1,56904.34,2.439,3.892,-2.142,01/04/18,2648.050049
expanded-data,quarterly,Mountain Division,353.62,57940.11,1.813,3.683,-2.066,01/01/19,2704.100098
expanded-data,quarterly,Mountain Division,358.28,57940.11,1.813,3.683,-2.066,01/02/19,2784.48999
expanded-data,quarterly,Mountain Division,364.52,57940.11,1.813,3.683,-2.066,01/03/19,2834.399902
expanded-data,quarterly,Mountain Division,372.27,57940.11,1.813,3.683,-2.066,01/04/19,2945.830078
expanded-data,quarterly,Mountain Division,381.41,55875.47,1.251,8.092,-2.835,01/01/20,3225.52002
expanded-data,quarterly,Mountain Division,385.59,55875.47,1.251,8.092,-2.835,01/02/20,2954.219971
expanded-data,quarterly,Mountain Division,400.21,55875.47,1.251,8.092,-2.835,01/03/20,2584.590088
expanded-data,quarterly,Mountain Division,421.57,55875.47,1.251,8.092,-2.835,01/04/20,2912.429932
expanded-data,quarterly,Mountain Division,443.5,59009.85,4.683,5.367,-3.566,01/01/21,3714.23999
expanded-data,quarterly,Mountain Division,473.02,59009.85,4.683,5.367,-3.566,01/02/21,3811.149902
expanded-data,quarterly,Mountain Division,501.51,59009.85,4.683,5.367,-3.566,01/03/21,3972.889893
expanded-data,quarterly,Mountain Division,519.49,59009.85,4.683,5.367,-3.566,01/04/21,4181.169922
expanded-data,quarterly,Mountain Division,541.42,60007.14,7.986,3.642,-3.816,01/01/22,4515.549805
expanded-data,quarterly,Mountain Division,564.7,60007.14,7.986,3.642,-3.816,01/02/22,4373.939941
expanded-data,quarterly,Mountain Division,555.71,60007.14,7.986,3.642,-3.816,01/03/22,4530.410156
expanded-data,quarterly,Mountain Division,552.58,60007.14,7.986,3.642,-3.816,01/04/22,4131.930176
expanded-data,quarterly,Mountain Division,551.93,60963.65,4.084,3.569,-2.951,01/01/23,4076.600098
expanded-data,quarterly,Mountain Division,557.29,60963.65,4.084,3.569,-2.951,01/02/23,3970.149902
expanded-data,quarterly,Mountain Division,567.55,60963.65,4.084,3.569,-2.951,01/03/23,4109.310059
expanded-data,quarterly,New England Division,100.0,36944.07,4.216,6.85,0.047,01/01/91,343.9299927
expanded-data,quarterly,New England Division,98.2,36944.07,4.216,6.85,0.047,01/02/91,367.0700073
expanded-data,quarterly,New England Division,97.35,36944.07,4.216,6.85,0.047,01/03/91,375.2200012
expanded-data,quarterly,New England Division,97.1,36944.07,4.216,6.85,0.047,01/04/91,375.3399963
expanded-data,quarterly,New England Division,97.94,37741.19,3.042,7.492,-0.792,01/01/92,408.7799988
expanded-data,quarterly,New England Division,96.2,37741.19,3.042,7.492,-0.792,01/02/92,412.7000122
expanded-data,quarterly,New England Division,95.52,37741.19,3.042,7.492,-0.792,01/03/92,403.6900024
expanded-data,quarterly,New England Division,96.46,37741.19,3.042,7.492,-0.792,01/04/92,414.9500122
expanded-data,quarterly,New England Division,93.51,38277.58,2.97,6.908,-1.237,01/01/93,438.7799988
expanded-data,quarterly,New England Division,94.64,38277.58,2.97,6.908,-1.237,01/02/93,443.3800049
expanded-data,quarterly,New England Division,94.55,38277.58,2.97,6.908,-1.237,01/03/93,451.6700134
expanded-data,quarterly,New England Division,94.81,38277.58,2.97,6.908,-1.237,01/04/93,440.1900024
expanded-data,quarterly,New England Division,95.01,39339.0,2.596,6.1,-1.669,01/01/94,481.6099854
expanded-data,quarterly,New England Division,95.42,39339.0,2.596,6.1,-1.669,01/02/94,467.1400146
expanded-data,quarterly,New England Division,95.55,39339.0,2.596,6.1,-1.669,01/03/94,445.769989
expanded-data,quarterly,New England Division,95.23,39339.0,2.596,6.1,-1.669,01/04/94,450.9100037
expanded-data,quarterly,New England Division,95.12,39919.87,2.805,5.592,-1.487,01/01/95,470.4200134
expanded-data,quarterly,New England Division,95.59,39919.87,2.805,5.592,-1.487,01/02/95,487.3900146
expanded-data,quarterly,New England Division,96.23,39919.87,2.805,5.592,-1.487,01/03/95,500.7099915
expanded-data,quarterly,New England Division,96.68,39919.87,2.805,5.592,-1.487,01/04/95,514.710022
expanded-data,quarterly,New England Division,97.96,40946.0,2.937,5.408,-1.546,01/01/96,636.0200195
expanded-data,quarterly,New England Division,98.32,40946.0,2.937,5.408,-1.546,01/02/96,640.4299927
expanded-data,quarterly,New England Division,98.68,40946.0,2.937,5.408,-1.546,01/03/96,645.5
expanded-data,quarterly,New England Division,99.0,40946.0,2.937,5.408,-1.546,01/04/96,654.1699829
expanded-data,quarterly,New England Division,99.89,42258.86,2.338,4.942,-1.641,01/01/97,786.1599731
expanded-data,quarterly,New England Division,101.0,42258.86,2.338,4.942,-1.641,01/02/97,790.8200073
expanded-data,quarterly,New England Division,102.12,42258.86,2.338,4.942,-1.641,01/03/97,757.1199951
expanded-data,quarterly,New England Division,103.97,42258.86,2.338,4.942,-1.641,01/04/97,801.3400269
expanded-data,quarterly,New England Division,105.38,43640.76,1.547,4.5,-2.373,01/01/98,980.2800293
expanded-data,quarterly,New England Division,107.21,43640.76,1.547,4.5,-2.373,01/02/98,1049.339966
expanded-data,quarterly,New England Division,109.21,43640.76,1.547,4.5,-2.373,01/03/98,1101.75
expanded-data,quarterly,New England Division,111.46,43640.76,1.547,4.5,-2.373,01/04/98,1111.75
expanded-data,quarterly,New England Division,113.92,45213.48,2.193,4.217,-2.976,01/01/99,1279.640015
expanded-data,quarterly,New England Division,117.08,45213.48,2.193,4.217,-2.976,01/02/99,1238.329956
expanded-data,quarterly,New England Division,119.83,45213.48,2.193,4.217,-2.976,01/03/99,1286.369995
expanded-data,quarterly,New England Division,122.85,45213.48,2.193,4.217,-2.976,01/04/99,1335.180054
expanded-data,quarterly,New England Division,126.48,46539.99,3.367,3.967,-3.921,01/01/00,1394.459961
expanded-data,quarterly,New England Division,130.31,46539.99,3.367,3.967,-3.921,01/02/00,1366.420044
expanded-data,quarterly,New England Division,133.91,46539.99,3.367,3.967,-3.921,01/03/00,1498.579956
expanded-data,quarterly,New England Division,138.0,46539.99,3.367,3.967,-3.921,01/04/00,1452.430054
expanded-data,quarterly,New England Division,142.02,46503.1,2.817,4.742,-3.724,01/01/01,1366.01001
expanded-data,quarterly,New England Division,146.11,46503.1,2.817,4.742,-3.724,01/02/01,1239.939941
expanded-data,quarterly,New England Division,150.41,46503.1,2.817,4.742,-3.724,01/03/01,1160.329956
expanded-data,quarterly,New England Division,153.48,46503.1,2.817,4.742,-3.724,01/04/01,1249.459961
expanded-data,quarterly,New England Division,158.13,46831.46,1.596,5.783,-4.173,01/01/02,1130.199951
expanded-data,quarterly,New England Division,163.44,46831.46,1.596,5.783,-4.173,01/02/02,1106.72998
expanded-data,quarterly,New England Division,169.41,46831.46,1.596,5.783,-4.173,01/03/02,1147.390015
expanded-data,quarterly,New England Division,174.74,46831.46,1.596,5.783,-4.173,01/04/02,1076.920044
expanded-data,quarterly,New England Division,178.95,47691.56,2.298,5.992,-4.559,01/01/03,855.7000122
expanded-data,quarterly,New England Division,183.06,47691.56,2.298,5.992,-4.559,01/02/03,841.1500244
expanded-data,quarterly,New England Division,187.56,47691.56,2.298,5.992,-4.559,01/03/03,848.1799927
expanded-data,quarterly,New England Division,193.67,47691.56,2.298,5.992,-4.559,01/04/03,916.9199829
expanded-data,quarterly,New England Division,198.68,49080.56,2.668,5.542,-5.205,01/01/04,1131.130005
expanded-data,quarterly,New England Division,204.78,49080.56,2.668,5.542,-5.205,01/02/04,1144.939941
expanded-data,quarterly,New England Division,210.42,49080.56,2.668,5.542,-5.205,01/03/04,1126.209961
expanded-data,quarterly,New England Division,215.54,49080.56,2.668,5.542,-5.205,01/04/04,1107.300049
expanded-data,quarterly,New England Division,221.8,50322.52,3.366,5.083,-5.746,01/01/05,1181.27002
expanded-data,quarterly,New England Division,226.45,50322.52,3.366,5.083,-5.746,01/02/05,1203.599976
expanded-data,quarterly,New England Division,230.32,50322.52,3.366,5.083,-5.746,01/03/05,1180.589966
expanded-data,quarterly,New England Division,232.89,50322.52,3.366,5.083,-5.746,01/04/05,1156.849976
expanded-data,quarterly,New England Division,234.85,51235.84,3.222,4.608,-5.911,01/01/06,1280.079956
expanded-data,quarterly,New England Division,234.21,51235.84,3.222,4.608,-5.911,01/02/06,1280.660034
expanded-data,quarterly,New England Division,231.25,51235.84,3.222,4.608,-5.911,01/03/06,1294.869995
expanded-data,quarterly,New England Division,230.76,51235.84,3.222,4.608,-5.911,01/04/06,1310.609985
expanded-data,quarterly,New England Division,228.55,51751.28,2.871,4.617,-5.089,01/01/07,1438.23999
expanded-data,quarterly,New England Division,225.72,51751.28,2.871,4.617,-5.089,01/02/07,1406.819946
expanded-data,quarterly,New England Division,222.22,51751.28,2.871,4.617,-5.089,01/03/07,1420.859985
expanded-data,quarterly,New England Division,217.9,51751.28,2.871,4.617,-5.089,01/04/07,1482.369995
expanded-data,quarterly,New England Division,213.97,51335.91,3.815,5.8,-4.716,01/01/08,1378.550049
expanded-data,quarterly,New England Division,208.44,51335.91,3.815,5.8,-4.716,01/02/08,1330.630005
expanded-data,quarterly,New England Division,203.82,51335.91,3.815,5.8,-4.716,01/03/08,1322.699951
expanded-data,quarterly,New England Division,197.97,51335.91,3.815,5.8,-4.716,01/04/08,1385.589966
expanded-data,quarterly,New England Division,195.56,49569.21,-0.32,9.283,-2.623,01/01/09,825.8800049
expanded-data,quarterly,New England Division,193.25,49569.21,-0.32,9.283,-2.623,01/02/09,735.0900269
expanded-data,quarterly,New England Division,193.12,49569.21,-0.32,9.283,-2.623,01/03/09,797.8699951
expanded-data,quarterly,New England Division,193.59,49569.21,-0.32,9.283,-2.623,01/04/09,872.8099976
expanded-data,quarterly,New England Division,190.14,50523.5,1.637,9.608,-2.871,01/01/10,1073.869995
expanded-data,quarterly,New England Division,191.5,50523.5,1.637,9.608,-2.871,01/02/10,1104.48999
expanded-data,quarterly,New England Division,186.18,50523.5,1.637,9.608,-2.871,01/03/10,1169.430054
expanded-data,quarterly,New England Division,185.97,50523.5,1.637,9.608,-2.871,01/04/10,1186.689941
expanded-data,quarterly,New England Division,183.19,50943.53,3.14,8.933,-2.919,01/01/11,1286.119995
expanded-data,quarterly,New England Division,182.47,50943.53,3.14,8.933,-2.919,01/02/11,1327.219971
expanded-data,quarterly,New England Division,181.96,50943.53,3.14,8.933,-2.919,01/03/11,1325.829956
expanded-data,quarterly,New England Division,180.41,50943.53,3.14,8.933,-2.919,01/04/11,1363.609985
expanded-data,quarterly,New England Division,179.73,51736.82,2.073,8.075,-2.573,01/01/12,1312.410034
expanded-data,quarterly,New England Division,180.1,51736.82,2.073,8.075,-2.573,01/02/12,1365.680054
expanded-data,quarterly,New England Division,181.22,51736.82,2.073,8.075,-2.573,01/03/12,1408.469971
expanded-data,quarterly,New England Division,183.98,51736.82,2.073,8.075,-2.573,01/04/12,1397.910034
expanded-data,quarterly,New England Division,186.62,52329.15,1.466,7.358,-2.016,01/01/13,1498.109985
expanded-data,quarterly,New England Division,188.71,52329.15,1.466,7.358,-2.016,01/02/13,1514.680054
expanded-data,quarterly,New England Division,191.95,52329.15,1.466,7.358,-2.016,01/03/13,1569.189941
expanded-data,quarterly,New England Division,191.82,52329.15,1.466,7.358,-2.016,01/04/13,1597.569946
expanded-data,quarterly,New England Division,194.09,53141.85,1.615,6.158,-2.109,01/01/14,1782.589966
expanded-data,quarterly,New England Division,196.36,53141.85,1.615,6.158,-2.109,01/02/14,1859.449951
expanded-data,quarterly,New England Division,196.8,53141.85,1.615,6.158,-2.109,01/03/14,1872.339966
expanded-data,quarterly,New England Division,198.19,53141.85,1.615,6.158,-2.109,01/04/14,1883.949951
expanded-data,quarterly,New England Division,199.44,54187.9,0.121,5.275,-2.244,01/01/15,1994.98999
expanded-data,quarterly,New England Division,202.44,54187.9,0.121,5.275,-2.244,01/02/15,2104.5
expanded-data,quarterly,New England Division,205.05,54187.9,0.121,5.275,-2.244,01/03/15,2067.889893
expanded-data,quarterly,New England Division,206.5,54187.9,0.121,5.275,-2.244,01/04/15,2085.51001
expanded-data,quarterly,New England Division,208.48,54700.34,1.267,4.875,-2.119,01/01/16,1940.23999
expanded-data,quarterly,New England Division,211.53,54700.34,1.267,4.875,-2.119,01/02/16,1932.22998
expanded-data,quarterly,New England Division,214.16,54700.34,1.267,4.875,-2.119,01/03/16,2059.73999
expanded-data,quarterly,New England Division,217.77,54700.34,1.267,4.875,-2.119,01/04/16,2065.300049
expanded-data,quarterly,New England Division,220.86,55572.58,2.131,4.358,-1.887,01/01/17,2278.870117
expanded-data,quarterly,New England Division,223.36,55572.58,2.131,4.358,-1.887,01/02/17,2363.639893
expanded-data,quarterly,New England Division,226.55,55572.58,2.131,4.358,-1.887,01/03/17,2362.719971
expanded-data,quarterly,New England Division,230.17,55572.58,2.131,4.358,-1.887,01/04/17,2384.199951
expanded-data,quarterly,New England Division,232.96,56904.34,2.439,3.892,-2.142,01/01/18,2823.810059
expanded-data,quarterly,New England Division,236.42,56904.34,2.439,3.892,-2.142,01/02/18,2713.830078
expanded-data,quarterly,New England Division,238.97,56904.34,2.439,3.892,-2.142,01/03/18,2640.870117
expanded-data,quarterly,New England Division,241.69,56904.34,2.439,3.892,-2.142,01/04/18,2648.050049
expanded-data,quarterly,New England Division,245.05,57940.11,1.813,3.683,-2.066,01/01/19,2704.100098
expanded-data,quarterly,New England Division,245.69,57940.11,1.813,3.683,-2.066,01/02/19,2784.48999
expanded-data,quarterly,New England Division,249.76,57940.11,1.813,3.683,-2.066,01/03/19,2834.399902
expanded-data,quarterly,New England Division,253.31,57940.11,1.813,3.683,-2.066,01/04/19,2945.830078
expanded-data,quarterly,New England Division,258.22,55875.47,1.251,8.092,-2.835,01/01/20,3225.52002
expanded-data,quarterly,New England Division,260.07,55875.47,1.251,8.092,-2.835,01/02/20,2954.219971
expanded-data,quarterly,New England Division,272.96,55875.47,1.251,8.092,-2.835,01/03/20,2584.590088
expanded-data,quarterly,New England Division,288.2,55875.47,1.251,8.092,-2.835,01/04/20,2912.429932
expanded-data,quarterly,New England Division,299.47,59009.85,4.683,5.367,-3.566,01/01/21,3714.23999
expanded-data,quarterly,New England Division,311.68,59009.85,4.683,5.367,-3.566,01/02/21,3811.149902
expanded-data,quarterly,New England Division,321.76,59009.85,4.683,5.367,-3.566,01/03/21,3972.889893
expanded-data,quarterly,New England Division,330.59,59009.85,4.683,5.367,-3.566,01/04/21,4181.169922
expanded-data,quarterly,New England Division,342.14,60007.14,7.986,3.642,-3.816,01/01/22,4515.549805
expanded-data,quarterly,New England Division,355.16,60007.14,7.986,3.642,-3.816,01/02/22,4373.939941
expanded-data,quarterly,New England Division,355.89,60007.14,7.986,3.642,-3.816,01/03/22,4530.410156
expanded-data,quarterly,New England Division,359.46,60007.14,7.986,3.642,-3.816,01/04/22,4131.930176
expanded-data,quarterly,New England Division,367.07,60963.65,4.084,3.569,-2.951,01/01/23,4076.600098
expanded-data,quarterly,New England Division,376.06,60963.65,4.084,3.569,-2.951,01/02/23,3970.149902
expanded-data,quarterly,New England Division,387.45,60963.65,4.084,3.569,-2.951,01/03/23,4109.310059
expanded-data,quarterly,Pacific Division,100.0,36944.07,4.216,6.85,0.047,01/01/91,343.9299927
expanded-data,quarterly,Pacific Division,100.45,36944.07,4.216,6.85,0.047,01/02/91,367.0700073
expanded-data,quarterly,Pacific Division,101.14,36944.07,4.216,6.85,0.047,01/03/91,375.2200012
expanded-data,quarterly,Pacific Division,101.62,36944.07,4.216,6.85,0.047,01/04/91,375.3399963
expanded-data,quarterly,Pacific Division,101.69,37741.19,3.042,7.492,-0.792,01/01/92,408.7799988
expanded-data,quarterly,Pacific Division,101.17,37741.19,3.042,7.492,-0.792,01/02/92,412.7000122
expanded-data,quarterly,Pacific Division,100.87,37741.19,3.042,7.492,-0.792,01/03/92,403.6900024
expanded-data,quarterly,Pacific Division,100.41,37741.19,3.042,7.492,-0.792,01/04/92,414.9500122
expanded-data,quarterly,Pacific Division,99.67,38277.58,2.97,6.908,-1.237,01/01/93,438.7799988
expanded-data,quarterly,Pacific Division,99.22,38277.58,2.97,6.908,-1.237,01/02/93,443.3800049
expanded-data,quarterly,Pacific Division,98.67,38277.58,2.97,6.908,-1.237,01/03/93,451.6700134
expanded-data,quarterly,Pacific Division,98.82,38277.58,2.97,6.908,-1.237,01/04/93,440.1900024
expanded-data,quarterly,Pacific Division,98.81,39339.0,2.596,6.1,-1.669,01/01/94,481.6099854
expanded-data,quarterly,Pacific Division,99.29,39339.0,2.596,6.1,-1.669,01/02/94,467.1400146
expanded-data,quarterly,Pacific Division,99.36,39339.0,2.596,6.1,-1.669,01/03/94,445.769989
expanded-data,quarterly,Pacific Division,99.44,39339.0,2.596,6.1,-1.669,01/04/94,450.9100037
expanded-data,quarterly,Pacific Division,99.63,39919.87,2.805,5.592,-1.487,01/01/95,470.4200134
expanded-data,quarterly,Pacific Division,99.46,39919.87,2.805,5.592,-1.487,01/02/95,487.3900146
expanded-data,quarterly,Pacific Division,99.63,39919.87,2.805,5.592,-1.487,01/03/95,500.7099915
expanded-data,quarterly,Pacific Division,99.48,39919.87,2.805,5.592,-1.487,01/04/95,514.710022
expanded-data,quarterly,Pacific Division,100.08,40946.0,2.937,5.408,-1.546,01/01/96,636.0200195
expanded-data,quarterly,Pacific Division,100.27,40946.0,2.937,5.408,-1.546,01/02/96,640.4299927
expanded-data,quarterly,Pacific Division,100.92,40946.0,2.937,5.408,-1.546,01/03/96,645.5
expanded-data,quarterly,Pacific Division,101.24,40946.0,2.937,5.408,-1.546,01/04/96,654.1699829
expanded-data,quarterly,Pacific Division,101.89,42258.86,2.338,4.942,-1.641,01/01/97,786.1599731
expanded-data,quarterly,Pacific Division,102.81,42258.86,2.338,4.942,-1.641,01/02/97,790.8200073
expanded-data,quarterly,Pacific Division,104.09,42258.86,2.338,4.942,-1.641,01/03/97,757.1199951
expanded-data,quarterly,Pacific Division,105.98,42258.86,2.338,4.942,-1.641,01/04/97,801.3400269
expanded-data,quarterly,Pacific Division,108.01,43640.76,1.547,4.5,-2.373,01/01/98,980.2800293
expanded-data,quarterly,Pacific Division,110.08,43640.76,1.547,4.5,-2.373,01/02/98,1049.339966
expanded-data,quarterly,Pacific Division,112.17,43640.76,1.547,4.5,-2.373,01/03/98,1101.75
expanded-data,quarterly,Pacific Division,114.57,43640.76,1.547,4.5,-2.373,01/04/98,1111.75
expanded-data,quarterly,Pacific Division,116.97,45213.48,2.193,4.217,-2.976,01/01/99,1279.640015
expanded-data,quarterly,Pacific Division,119.54,45213.48,2.193,4.217,-2.976,01/02/99,1238.329956
expanded-data,quarterly,Pacific Division,121.87,45213.48,2.193,4.217,-2.976,01/03/99,1286.369995
expanded-data,quarterly,Pacific Division,124.89,45213.48,2.193,4.217,-2.976,01/04/99,1335.180054
expanded-data,quarterly,Pacific Division,128.2,46539.99,3.367,3.967,-3.921,01/01/00,1394.459961
expanded-data,quarterly,Pacific Division,132.23,46539.99,3.367,3.967,-3.921,01/02/00,1366.420044
expanded-data,quarterly,Pacific Division,135.76,46539.99,3.367,3.967,-3.921,01/03/00,1498.579956
expanded-data,quarterly,Pacific Division,139.79,46539.99,3.367,3.967,-3.921,01/04/00,1452.430054
expanded-data,quarterly,Pacific Division,143.51,46503.1,2.817,4.742,-3.724,01/01/01,1366.01001
expanded-data,quarterly,Pacific Division,145.59,46503.1,2.817,4.742,-3.724,01/02/01,1239.939941
expanded-data,quarterly,Pacific Division,148.37,46503.1,2.817,4.742,-3.724,01/03/01,1160.329956
expanded-data,quarterly,Pacific Division,150.83,46503.1,2.817,4.742,-3.724,01/04/01,1249.459961
expanded-data,quarterly,Pacific Division,155.31,46831.46,1.596,5.783,-4.173,01/01/02,1130.199951
expanded-data,quarterly,Pacific Division,160.95,46831.46,1.596,5.783,-4.173,01/02/02,1106.72998
expanded-data,quarterly,Pacific Division,166.65,46831.46,1.596,5.783,-4.173,01/03/02,1147.390015
expanded-data,quarterly,Pacific Division,172.24,46831.46,1.596,5.783,-4.173,01/04/02,1076.920044
expanded-data,quarterly,Pacific Division,177.39,47691.56,2.298,5.992,-4.559,01/01/03,855.7000122
expanded-data,quarterly,Pacific Division,182.92,47691.56,2.298,5.992,-4.559,01/02/03,841.1500244
expanded-data,quarterly,Pacific Division,190.1,47691.56,2.298,5.992,-4.559,01/03/03,848.1799927
expanded-data,quarterly,Pacific Division,199.14,47691.56,2.298,5.992,-4.559,01/04/03,916.9199829
expanded-data,quarterly,Pacific Division,209.74,49080.56,2.668,5.542,-5.205,01/01/04,1131.130005
expanded-data,quarterly,Pacific Division,221.46,49080.56,2.668,5.542,-5.205,01/02/04,1144.939941
expanded-data,quarterly,Pacific Division,232.96,49080.56,2.668,5.542,-5.205,01/03/04,1126.209961
expanded-data,quarterly,Pacific Division,243.6,49080.56,2.668,5.542,-5.205,01/04/04,1107.300049
expanded-data,quarterly,Pacific Division,256.34,50322.52,3.366,5.083,-5.746,01/01/05,1181.27002
expanded-data,quarterly,Pacific Division,267.51,50322.52,3.366,5.083,-5.746,01/02/05,1203.599976
expanded-data,quarterly,Pacific Division,279.01,50322.52,3.366,5.083,-5.746,01/03/05,1180.589966
expanded-data,quarterly,Pacific Division,288.03,50322.52,3.366,5.083,-5.746,01/04/05,1156.849976
expanded-data,quarterly,Pacific Division,295.27,51235.84,3.222,4.608,-5.911,01/01/06,1280.079956
expanded-data,quarterly,Pacific Division,296.85,51235.84,3.222,4.608,-5.911,01/02/06,1280.660034
expanded-data,quarterly,Pacific Division,295.4,51235.84,3.222,4.608,-5.911,01/03/06,1294.869995
expanded-data,quarterly,Pacific Division,294.13,51235.84,3.222,4.608,-5.911,01/04/06,1310.609985
expanded-data,quarterly,Pacific Division,291.9,51751.28,2.871,4.617,-5.089,01/01/07,1438.23999
expanded-data,quarterly,Pacific Division,282.74,51751.28,2.871,4.617,-5.089,01/02/07,1406.819946
expanded-data,quarterly,Pacific Division,270.53,51751.28,2.871,4.617,-5.089,01/03/07,1420.859985
expanded-data,quarterly,Pacific Division,254.65,51751.28,2.871,4.617,-5.089,01/04/07,1482.369995
expanded-data,quarterly,Pacific Division,237.09,51335.91,3.815,5.8,-4.716,01/01/08,1378.550049
expanded-data,quarterly,Pacific Division,222.32,51335.91,3.815,5.8,-4.716,01/02/08,1330.630005
expanded-data,quarterly,Pacific Division,208.7,51335.91,3.815,5.8,-4.716,01/03/08,1322.699951
expanded-data,quarterly,Pacific Division,195.88,51335.91,3.815,5.8,-4.716,01/04/08,1385.589966
expanded-data,quarterly,Pacific Division,185.99,49569.21,-0.32,9.283,-2.623,01/01/09,825.8800049
expanded-data,quarterly,Pacific Division,181.21,49569.21,-0.32,9.283,-2.623,01/02/09,735.0900269
expanded-data,quarterly,Pacific Division,182.14,49569.21,-0.32,9.283,-2.623,01/03/09,797.8699951
expanded-data,quarterly,Pacific Division,183.98,49569.21,-0.32,9.283,-2.623,01/04/09,872.8099976
expanded-data,quarterly,Pacific Division,183.42,50523.5,1.637,9.608,-2.871,01/01/10,1073.869995
expanded-data,quarterly,Pacific Division,182.69,50523.5,1.637,9.608,-2.871,01/02/10,1104.48999
expanded-data,quarterly,Pacific Division,178.19,50523.5,1.637,9.608,-2.871,01/03/10,1169.430054
expanded-data,quarterly,Pacific Division,175.49,50523.5,1.637,9.608,-2.871,01/04/10,1186.689941
expanded-data,quarterly,Pacific Division,173.27,50943.53,3.14,8.933,-2.919,01/01/11,1286.119995
expanded-data,quarterly,Pacific Division,170.4,50943.53,3.14,8.933,-2.919,01/02/11,1327.219971
expanded-data,quarterly,Pacific Division,169.57,50943.53,3.14,8.933,-2.919,01/03/11,1325.829956
expanded-data,quarterly,Pacific Division,169.32,50943.53,3.14,8.933,-2.919,01/04/11,1363.609985
expanded-data,quarterly,Pacific Division,170.53,51736.82,2.073,8.075,-2.573,01/01/12,1312.410034
expanded-data,quarterly,Pacific Division,174.8,51736.82,2.073,8.075,-2.573,01/02/12,1365.680054
expanded-data,quarterly,Pacific Division,179.64,51736.82,2.073,8.075,-2.573,01/03/12,1408.469971
expanded-data,quarterly,Pacific Division,186.36,51736.82,2.073,8.075,-2.573,01/04/12,1397.910034
expanded-data,quarterly,Pacific Division,194.46,52329.15,1.466,7.358,-2.016,01/01/13,1498.109985
expanded-data,quarterly,Pacific Division,203.12,52329.15,1.466,7.358,-2.016,01/02/13,1514.680054
expanded-data,quarterly,Pacific Division,211.29,52329.15,1.466,7.358,-2.016,01/03/13,1569.189941
expanded-data,quarterly,Pacific Division,216.97,52329.15,1.466,7.358,-2.016,01/04/13,1597.569946
expanded-data,quarterly,Pacific Division,221.99,53141.85,1.615,6.158,-2.109,01/01/14,1782.589966
expanded-data,quarterly,Pacific Division,226.18,53141.85,1.615,6.158,-2.109,01/02/14,1859.449951
expanded-data,quarterly,Pacific Division,230.06,53141.85,1.615,6.158,-2.109,01/03/14,1872.339966
expanded-data,quarterly,Pacific Division,234.12,53141.85,1.615,6.158,-2.109,01/04/14,1883.949951
expanded-data,quarterly,Pacific Division,238.82,54187.9,0.121,5.275,-2.244,01/01/15,1994.98999
expanded-data,quarterly,Pacific Division,242.99,54187.9,0.121,5.275,-2.244,01/02/15,2104.5
expanded-data,quarterly,Pacific Division,247.75,54187.9,0.121,5.275,-2.244,01/03/15,2067.889893
expanded-data,quarterly,Pacific Division,252.52,54187.9,0.121,5.275,-2.244,01/04/15,2085.51001
expanded-data,quarterly,Pacific Division,257.79,54700.34,1.267,4.875,-2.119,01/01/16,1940.23999
expanded-data,quarterly,Pacific Division,262.6,54700.34,1.267,4.875,-2.119,01/02/16,1932.22998
expanded-data,quarterly,Pacific Division,267.53,54700.34,1.267,4.875,-2.119,01/03/16,2059.73999
expanded-data,quarterly,Pacific Division,273.51,54700.34,1.267,4.875,-2.119,01/04/16,2065.300049
expanded-data,quarterly,Pacific Division,278.56,55572.58,2.131,4.358,-1.887,01/01/17,2278.870117
expanded-data,quarterly,Pacific Division,284.36,55572.58,2.131,4.358,-1.887,01/02/17,2363.639893
expanded-data,quarterly,Pacific Division,290.03,55572.58,2.131,4.358,-1.887,01/03/17,2362.719971
expanded-data,quarterly,Pacific Division,296.24,55572.58,2.131,4.358,-1.887,01/04/17,2384.199951
expanded-data,quarterly,Pacific Division,301.55,56904.34,2.439,3.892,-2.142,01/01/18,2823.810059
expanded-data,quarterly,Pacific Division,305.37,56904.34,2.439,3.892,-2.142,01/02/18,2713.830078
expanded-data,quarterly,Pacific Division,309.35,56904.34,2.439,3.892,-2.142,01/03/18,2640.870117
expanded-data,quarterly,Pacific Division,312.46,56904.34,2.439,3.892,-2.142,01/04/18,2648.050049
expanded-data,quarterly,Pacific Division,316.18,57940.11,1.813,3.683,-2.066,01/01/19,2704.100098
expanded-data,quarterly,Pacific Division,319.56,57940.11,1.813,3.683,-2.066,01/02/19,2784.48999
expanded-data,quarterly,Pacific Division,322.65,57940.11,1.813,3.683,-2.066,01/03/19,2834.399902
expanded-data,quarterly,Pacific Division,327.06,57940.11,1.813,3.683,-2.066,01/04/19,2945.830078
expanded-data,quarterly,Pacific Division,334.05,55875.47,1.251,8.092,-2.835,01/01/20,3225.52002
expanded-data,quarterly,Pacific Division,335.29,55875.47,1.251,8.092,-2.835,01/02/20,2954.219971
expanded-data,quarterly,Pacific Division,347.67,55875.47,1.251,8.092,-2.835,01/03/20,2584.590088
expanded-data,quarterly,Pacific Division,363.58,55875.47,1.251,8.092,-2.835,01/04/20,2912.429932
expanded-data,quarterly,Pacific Division,379.15,59009.85,4.683,5.367,-3.566,01/01/21,3714.23999
expanded-data,quarterly,Pacific Division,398.52,59009.85,4.683,5.367,-3.566,01/02/21,3811.149902
expanded-data,quarterly,Pacific Division,417.95,59009.85,4.683,5.367,-3.566,01/03/21,3972.889893
expanded-data,quarterly,Pacific Division,431.46,59009.85,4.683,5.367,-3.566,01/04/21,4181.169922
expanded-data,quarterly,Pacific Division,445.7,60007.14,7.986,3.642,-3.816,01/01/22,4515.549805
expanded-data,quarterly,Pacific Division,457.17,60007.14,7.986,3.642,-3.816,01/02/22,4373.939941
expanded-data,quarterly,Pacific Division,453.73,60007.14,7.986,3.642,-3.816,01/03/22,4530.410156
expanded-data,quarterly,Pacific Division,454.07,60007.14,7.986,3.642,-3.816,01/04/22,4131.930176
expanded-data,quarterly,Pacific Division,456.95,60963.65,4.084,3.569,-2.951,01/01/23,4076.600098
expanded-data,quarterly,Pacific Division,461.45,60963.65,4.084,3.569,-2.951,01/02/23,3970.149902
expanded-data,quarterly,Pacific Division,468.45,60963.65,4.084,3.569,-2.951,01/03/23,4109.310059
expanded-data,quarterly,South Atlantic Division,100.0,36944.07,4.216,6.85,0.047,01/01/91,343.9299927
expanded-data,quarterly,South Atlantic Division,100.28,36944.07,4.216,6.85,0.047,01/02/91,367.0700073
expanded-data,quarterly,South Atlantic Division,100.45,36944.07,4.216,6.85,0.047,01/03/91,375.2200012
expanded-data,quarterly,South Atlantic Division,101.29,36944.07,4.216,6.85,0.047,01/04/91,375.3399963
expanded-data,quarterly,South Atlantic Division,102.03,37741.19,3.042,7.492,-0.792,01/01/92,408.7799988
expanded-data,quarterly,South Atlantic Division,102.25,37741.19,3.042,7.492,-0.792,01/02/92,412.7000122
expanded-data,quarterly,South Atlantic Division,102.91,37741.19,3.042,7.492,-0.792,01/03/92,403.6900024
expanded-data,quarterly,South Atlantic Division,103.68,37741.19,3.042,7.492,-0.792,01/04/92,414.9500122
expanded-data,quarterly,South Atlantic Division,103.73,38277.58,2.97,6.908,-1.237,01/01/93,438.7799988
expanded-data,quarterly,South Atlantic Division,104.96,38277.58,2.97,6.908,-1.237,01/02/93,443.3800049
expanded-data,quarterly,South Atlantic Division,106.05,38277.58,2.97,6.908,-1.237,01/03/93,451.6700134
expanded-data,quarterly,South Atlantic Division,106.82,38277.58,2.97,6.908,-1.237,01/04/93,440.1900024
expanded-data,quarterly,South Atlantic Division,108.02,39339.0,2.596,6.1,-1.669,01/01/94,481.6099854
expanded-data,quarterly,South Atlantic Division,109.18,39339.0,2.596,6.1,-1.669,01/02/94,467.1400146
expanded-data,quarterly,South Atlantic Division,110.27,39339.0,2.596,6.1,-1.669,01/03/94,445.769989
expanded-data,quarterly,South Atlantic Division,111.27,39339.0,2.596,6.1,-1.669,01/04/94,450.9100037
expanded-data,quarterly,South Atlantic Division,112.28,39919.87,2.805,5.592,-1.487,01/01/95,470.4200134
expanded-data,quarterly,South Atlantic Division,113.21,39919.87,2.805,5.592,-1.487,01/02/95,487.3900146
expanded-data,quarterly,South Atlantic Division,114.47,39919.87,2.805,5.592,-1.487,01/03/95,500.7099915
expanded-data,quarterly,South Atlantic Division,115.74,39919.87,2.805,5.592,-1.487,01/04/95,514.710022
expanded-data,quarterly,South Atlantic Division,117.0,40946.0,2.937,5.408,-1.546,01/01/96,636.0200195
expanded-data,quarterly,South Atlantic Division,117.69,40946.0,2.937,5.408,-1.546,01/02/96,640.4299927
expanded-data,quarterly,South Atlantic Division,118.63,40946.0,2.937,5.408,-1.546,01/03/96,645.5
expanded-data,quarterly,South Atlantic Division,119.71,40946.0,2.937,5.408,-1.546,01/04/96,654.1699829
expanded-data,quarterly,South Atlantic Division,120.69,42258.86,2.338,4.942,-1.641,01/01/97,786.1599731
expanded-data,quarterly,South Atlantic Division,121.81,42258.86,2.338,4.942,-1.641,01/02/97,790.8200073
expanded-data,quarterly,South Atlantic Division,122.79,42258.86,2.338,4.942,-1.641,01/03/97,757.1199951
expanded-data,quarterly,South Atlantic Division,124.2,42258.86,2.338,4.942,-1.641,01/04/97,801.3400269
expanded-data,quarterly,South Atlantic Division,125.58,43640.76,1.547,4.5,-2.373,01/01/98,980.2800293
expanded-data,quarterly,South Atlantic Division,126.9,43640.76,1.547,4.5,-2.373,01/02/98,1049.339966
expanded-data,quarterly,South Atlantic Division,128.41,43640.76,1.547,4.5,-2.373,01/03/98,1101.75
expanded-data,quarterly,South Atlantic Division,130.08,43640.76,1.547,4.5,-2.373,01/04/98,1111.75
expanded-data,quarterly,South Atlantic Division,131.82,45213.48,2.193,4.217,-2.976,01/01/99,1279.640015
expanded-data,quarterly,South Atlantic Division,133.9,45213.48,2.193,4.217,-2.976,01/02/99,1238.329956
expanded-data,quarterly,South Atlantic Division,135.8,45213.48,2.193,4.217,-2.976,01/03/99,1286.369995
expanded-data,quarterly,South Atlantic Division,137.72,45213.48,2.193,4.217,-2.976,01/04/99,1335.180054
expanded-data,quarterly,South Atlantic Division,140.07,46539.99,3.367,3.967,-3.921,01/01/00,1394.459961
expanded-data,quarterly,South Atlantic Division,142.39,46539.99,3.367,3.967,-3.921,01/02/00,1366.420044
expanded-data,quarterly,South Atlantic Division,144.31,46539.99,3.367,3.967,-3.921,01/03/00,1498.579956
expanded-data,quarterly,South Atlantic Division,146.65,46539.99,3.367,3.967,-3.921,01/04/00,1452.430054
expanded-data,quarterly,South Atlantic Division,149.52,46503.1,2.817,4.742,-3.724,01/01/01,1366.01001
expanded-data,quarterly,South Atlantic Division,151.9,46503.1,2.817,4.742,-3.724,01/02/01,1239.939941
expanded-data,quarterly,South Atlantic Division,154.63,46503.1,2.817,4.742,-3.724,01/03/01,1160.329956
expanded-data,quarterly,South Atlantic Division,157.2,46503.1,2.817,4.742,-3.724,01/04/01,1249.459961
expanded-data,quarterly,South Atlantic Division,159.64,46831.46,1.596,5.783,-4.173,01/01/02,1130.199951
expanded-data,quarterly,South Atlantic Division,162.47,46831.46,1.596,5.783,-4.173,01/02/02,1106.72998
expanded-data,quarterly,South Atlantic Division,165.69,46831.46,1.596,5.783,-4.173,01/03/02,1147.390015
expanded-data,quarterly,South Atlantic Division,168.94,46831.46,1.596,5.783,-4.173,01/04/02,1076.920044
expanded-data,quarterly,South Atlantic Division,172.31,47691.56,2.298,5.992,-4.559,01/01/03,855.7000122
expanded-data,quarterly,South Atlantic Division,175.45,47691.56,2.298,5.992,-4.559,01/02/03,841.1500244
expanded-data,quarterly,South Atlantic Division,179.4,47691.56,2.298,5.992,-4.559,01/03/03,848.1799927
expanded-data,quarterly,South Atlantic Division,183.77,47691.56,2.298,5.992,-4.559,01/04/03,916.9199829
expanded-data,quarterly,South Atlantic Division,188.95,49080.56,2.668,5.542,-5.205,01/01/04,1131.130005
expanded-data,quarterly,South Atlantic Division,194.55,49080.56,2.668,5.542,-5.205,01/02/04,1144.939941
expanded-data,quarterly,South Atlantic Division,201.25,49080.56,2.668,5.542,-5.205,01/03/04,1126.209961
expanded-data,quarterly,South Atlantic Division,208.37,49080.56,2.668,5.542,-5.205,01/04/04,1107.300049
expanded-data,quarterly,South Atlantic Division,217.25,50322.52,3.366,5.083,-5.746,01/01/05,1181.27002
expanded-data,quarterly,South Atlantic Division,225.56,50322.52,3.366,5.083,-5.746,01/02/05,1203.599976
expanded-data,quarterly,South Atlantic Division,233.82,50322.52,3.366,5.083,-5.746,01/03/05,1180.589966
expanded-data,quarterly,South Atlantic Division,240.56,50322.52,3.366,5.083,-5.746,01/04/05,1156.849976
expanded-data,quarterly,South Atlantic Division,246.44,51235.84,3.222,4.608,-5.911,01/01/06,1280.079956
expanded-data,quarterly,South Atlantic Division,249.89,51235.84,3.222,4.608,-5.911,01/02/06,1280.660034
expanded-data,quarterly,South Atlantic Division,250.35,51235.84,3.222,4.608,-5.911,01/03/06,1294.869995
expanded-data,quarterly,South Atlantic Division,251.17,51235.84,3.222,4.608,-5.911,01/04/06,1310.609985
expanded-data,quarterly,South Atlantic Division,250.55,51751.28,2.871,4.617,-5.089,01/01/07,1438.23999
expanded-data,quarterly,South Atlantic Division,246.67,51751.28,2.871,4.617,-5.089,01/02/07,1406.819946
expanded-data,quarterly,South Atlantic Division,240.67,51751.28,2.871,4.617,-5.089,01/03/07,1420.859985
expanded-data,quarterly,South Atlantic Division,233.33,51751.28,2.871,4.617,-5.089,01/04/07,1482.369995
expanded-data,quarterly,South Atlantic Division,224.95,51335.91,3.815,5.8,-4.716,01/01/08,1378.550049
expanded-data,quarterly,South Atlantic Division,216.7,51335.91,3.815,5.8,-4.716,01/02/08,1330.630005
expanded-data,quarterly,South Atlantic Division,207.65,51335.91,3.815,5.8,-4.716,01/03/08,1322.699951
expanded-data,quarterly,South Atlantic Division,197.11,51335.91,3.815,5.8,-4.716,01/04/08,1385.589966
expanded-data,quarterly,South Atlantic Division,189.87,49569.21,-0.32,9.283,-2.623,01/01/09,825.8800049
expanded-data,quarterly,South Atlantic Division,185.05,49569.21,-0.32,9.283,-2.623,01/02/09,735.0900269
expanded-data,quarterly,South Atlantic Division,184.42,49569.21,-0.32,9.283,-2.623,01/03/09,797.8699951
expanded-data,quarterly,South Atlantic Division,184.09,49569.21,-0.32,9.283,-2.623,01/04/09,872.8099976
expanded-data,quarterly,South Atlantic Division,181.15,50523.5,1.637,9.608,-2.871,01/01/10,1073.869995
expanded-data,quarterly,South Atlantic Division,180.13,50523.5,1.637,9.608,-2.871,01/02/10,1104.48999
expanded-data,quarterly,South Atlantic Division,173.76,50523.5,1.637,9.608,-2.871,01/03/10,1169.430054
expanded-data,quarterly,South Atlantic Division,172.19,50523.5,1.637,9.608,-2.871,01/04/10,1186.689941
expanded-data,quarterly,South Atlantic Division,168.89,50943.53,3.14,8.933,-2.919,01/01/11,1286.119995
expanded-data,quarterly,South Atlantic Division,167.67,50943.53,3.14,8.933,-2.919,01/02/11,1327.219971
expanded-data,quarterly,South Atlantic Division,167.37,50943.53,3.14,8.933,-2.919,01/03/11,1325.829956
expanded-data,quarterly,South Atlantic Division,167.11,50943.53,3.14,8.933,-2.919,01/04/11,1363.609985
expanded-data,quarterly,South Atlantic Division,168.38,51736.82,2.073,8.075,-2.573,01/01/12,1312.410034
expanded-data,quarterly,South Atlantic Division,170.3,51736.82,2.073,8.075,-2.573,01/02/12,1365.680054
expanded-data,quarterly,South Atlantic Division,172.14,51736.82,2.073,8.075,-2.573,01/03/12,1408.469971
expanded-data,quarterly,South Atlantic Division,175.42,51736.82,2.073,8.075,-2.573,01/04/12,1397.910034
expanded-data,quarterly,South Atlantic Division,179.82,52329.15,1.466,7.358,-2.016,01/01/13,1498.109985
expanded-data,quarterly,South Atlantic Division,183.8,52329.15,1.466,7.358,-2.016,01/02/13,1514.680054
expanded-data,quarterly,South Atlantic Division,187.64,52329.15,1.466,7.358,-2.016,01/03/13,1569.189941
expanded-data,quarterly,South Atlantic Division,190.15,52329.15,1.466,7.358,-2.016,01/04/13,1597.569946
expanded-data,quarterly,South Atlantic Division,192.47,53141.85,1.615,6.158,-2.109,01/01/14,1782.589966
expanded-data,quarterly,South Atlantic Division,194.76,53141.85,1.615,6.158,-2.109,01/02/14,1859.449951
expanded-data,quarterly,South Atlantic Division,197.52,53141.85,1.615,6.158,-2.109,01/03/14,1872.339966
expanded-data,quarterly,South Atlantic Division,200.3,53141.85,1.615,6.158,-2.109,01/04/14,1883.949951
expanded-data,quarterly,South Atlantic Division,203.11,54187.9,0.121,5.275,-2.244,01/01/15,1994.98999
expanded-data,quarterly,South Atlantic Division,206.3,54187.9,0.121,5.275,-2.244,01/02/15,2104.5
expanded-data,quarterly,South Atlantic Division,209.23,54187.9,0.121,5.275,-2.244,01/03/15,2067.889893
expanded-data,quarterly,South Atlantic Division,212.16,54187.9,0.121,5.275,-2.244,01/04/15,2085.51001
expanded-data,quarterly,South Atlantic Division,215.35,54700.34,1.267,4.875,-2.119,01/01/16,1940.23999
expanded-data,quarterly,South Atlantic Division,219.1,54700.34,1.267,4.875,-2.119,01/02/16,1932.22998
expanded-data,quarterly,South Atlantic Division,222.55,54700.34,1.267,4.875,-2.119,01/03/16,2059.73999
expanded-data,quarterly,South Atlantic Division,225.97,54700.34,1.267,4.875,-2.119,01/04/16,2065.300049
expanded-data,quarterly,South Atlantic Division,229.26,55572.58,2.131,4.358,-1.887,01/01/17,2278.870117
expanded-data,quarterly,South Atlantic Division,232.77,55572.58,2.131,4.358,-1.887,01/02/17,2363.639893
expanded-data,quarterly,South Atlantic Division,236.29,55572.58,2.131,4.358,-1.887,01/03/17,2362.719971
expanded-data,quarterly,South Atlantic Division,240.01,55572.58,2.131,4.358,-1.887,01/04/17,2384.199951
expanded-data,quarterly,South Atlantic Division,244.12,56904.34,2.439,3.892,-2.142,01/01/18,2823.810059
expanded-data,quarterly,South Atlantic Division,247.08,56904.34,2.439,3.892,-2.142,01/02/18,2713.830078
expanded-data,quarterly,South Atlantic Division,250.53,56904.34,2.439,3.892,-2.142,01/03/18,2640.870117
expanded-data,quarterly,South Atlantic Division,254.22,56904.34,2.439,3.892,-2.142,01/04/18,2648.050049
expanded-data,quarterly,South Atlantic Division,257.58,57940.11,1.813,3.683,-2.066,01/01/19,2704.100098
expanded-data,quarterly,South Atlantic Division,260.27,57940.11,1.813,3.683,-2.066,01/02/19,2784.48999
expanded-data,quarterly,South Atlantic Division,263.58,57940.11,1.813,3.683,-2.066,01/03/19,2834.399902
expanded-data,quarterly,South Atlantic Division,268.1,57940.11,1.813,3.683,-2.066,01/04/19,2945.830078
expanded-data,quarterly,South Atlantic Division,273.05,55875.47,1.251,8.092,-2.835,01/01/20,3225.52002
expanded-data,quarterly,South Atlantic Division,276.56,55875.47,1.251,8.092,-2.835,01/02/20,2954.219971
expanded-data,quarterly,South Atlantic Division,284.23,55875.47,1.251,8.092,-2.835,01/03/20,2584.590088
expanded-data,quarterly,South Atlantic Division,295.9,55875.47,1.251,8.092,-2.835,01/04/20,2912.429932
expanded-data,quarterly,South Atlantic Division,307.52,59009.85,4.683,5.367,-3.566,01/01/21,3714.23999
expanded-data,quarterly,South Atlantic Division,322.13,59009.85,4.683,5.367,-3.566,01/02/21,3811.149902
expanded-data,quarterly,South Atlantic Division,339.85,59009.85,4.683,5.367,-3.566,01/03/21,3972.889893
expanded-data,quarterly,South Atlantic Division,355.08,59009.85,4.683,5.367,-3.566,01/04/21,4181.169922
expanded-data,quarterly,South Atlantic Division,370.71,60007.14,7.986,3.642,-3.816,01/01/22,4515.549805
expanded-data,quarterly,South Atlantic Division,388.39,60007.14,7.986,3.642,-3.816,01/02/22,4373.939941
expanded-data,quarterly,South Atlantic Division,392.89,60007.14,7.986,3.642,-3.816,01/03/22,4530.410156
expanded-data,quarterly,South Atlantic Division,396.12,60007.14,7.986,3.642,-3.816,01/04/22,4131.930176
expanded-data,quarterly,South Atlantic Division,401.46,60963.65,4.084,3.569,-2.951,01/01/23,4076.600098
expanded-data,quarterly,South Atlantic Division,408.64,60963.65,4.084,3.569,-2.951,01/02/23,3970.149902
expanded-data,quarterly,South Atlantic Division,416.17,60963.65,4.084,3.569,-2.951,01/03/23,4109.310059
expanded-data,quarterly,West North Central Division,100.0,36944.07,4.216,6.85,0.047,01/01/91,343.9299927
expanded-data,quarterly,West North Central Division,100.56,36944.07,4.216,6.85,0.047,01/02/91,367.0700073
expanded-data,quarterly,West North Central Division,101.16,36944.07,4.216,6.85,0.047,01/03/91,375.2200012
expanded-data,quarterly,West North Central Division,102.05,36944.07,4.216,6.85,0.047,01/04/91,375.3399963
expanded-data,quarterly,West North Central Division,103.23,37741.19,3.042,7.492,-0.792,01/01/92,408.7799988
expanded-data,quarterly,West North Central Division,104.23,37741.19,3.042,7.492,-0.792,01/02/92,412.7000122
expanded-data,quarterly,West North Central Division,105.01,37741.19,3.042,7.492,-0.792,01/03/92,403.6900024
expanded-data,quarterly,West North Central Division,106.3,37741.19,3.042,7.492,-0.792,01/04/92,414.9500122
expanded-data,quarterly,West North Central Division,106.99,38277.58,2.97,6.908,-1.237,01/01/93,438.7799988
expanded-data,quarterly,West North Central Division,108.59,38277.58,2.97,6.908,-1.237,01/02/93,443.3800049
expanded-data,quarterly,West North Central Division,110.27,38277.58,2.97,6.908,-1.237,01/03/93,451.6700134
expanded-data,quarterly,West North Central Division,112.04,38277.58,2.97,6.908,-1.237,01/04/93,440.1900024
expanded-data,quarterly,West North Central Division,113.28,39339.0,2.596,6.1,-1.669,01/01/94,481.6099854
expanded-data,quarterly,West North Central Division,114.72,39339.0,2.596,6.1,-1.669,01/02/94,467.1400146
expanded-data,quarterly,West North Central Division,116.17,39339.0,2.596,6.1,-1.669,01/03/94,445.769989
expanded-data,quarterly,West North Central Division,117.42,39339.0,2.596,6.1,-1.669,01/04/94,450.9100037
expanded-data,quarterly,West North Central Division,119.03,39919.87,2.805,5.592,-1.487,01/01/95,470.4200134
expanded-data,quarterly,West North Central Division,120.67,39919.87,2.805,5.592,-1.487,01/02/95,487.3900146
expanded-data,quarterly,West North Central Division,122.25,39919.87,2.805,5.592,-1.487,01/03/95,500.7099915
expanded-data,quarterly,West North Central Division,123.8,39919.87,2.805,5.592,-1.487,01/04/95,514.710022
expanded-data,quarterly,West North Central Division,124.94,40946.0,2.937,5.408,-1.546,01/01/96,636.0200195
expanded-data,quarterly,West North Central Division,126.61,40946.0,2.937,5.408,-1.546,01/02/96,640.4299927
expanded-data,quarterly,West North Central Division,127.68,40946.0,2.937,5.408,-1.546,01/03/96,645.5
expanded-data,quarterly,West North Central Division,129.14,40946.0,2.937,5.408,-1.546,01/04/96,654.1699829
expanded-data,quarterly,West North Central Division,130.44,42258.86,2.338,4.942,-1.641,01/01/97,786.1599731
expanded-data,quarterly,West North Central Division,131.64,42258.86,2.338,4.942,-1.641,01/02/97,790.8200073
expanded-data,quarterly,West North Central Division,133.14,42258.86,2.338,4.942,-1.641,01/03/97,757.1199951
expanded-data,quarterly,West North Central Division,135.0,42258.86,2.338,4.942,-1.641,01/04/97,801.3400269
expanded-data,quarterly,West North Central Division,137.05,43640.76,1.547,4.5,-2.373,01/01/98,980.2800293
expanded-data,quarterly,West North Central Division,138.58,43640.76,1.547,4.5,-2.373,01/02/98,1049.339966
expanded-data,quarterly,West North Central Division,140.37,43640.76,1.547,4.5,-2.373,01/03/98,1101.75
expanded-data,quarterly,West North Central Division,142.86,43640.76,1.547,4.5,-2.373,01/04/98,1111.75
expanded-data,quarterly,West North Central Division,145.05,45213.48,2.193,4.217,-2.976,01/01/99,1279.640015
expanded-data,quarterly,West North Central Division,147.56,45213.48,2.193,4.217,-2.976,01/02/99,1238.329956
expanded-data,quarterly,West North Central Division,149.99,45213.48,2.193,4.217,-2.976,01/03/99,1286.369995
expanded-data,quarterly,West North Central Division,152.35,45213.48,2.193,4.217,-2.976,01/04/99,1335.180054
expanded-data,quarterly,West North Central Division,155.02,46539.99,3.367,3.967,-3.921,01/01/00,1394.459961
expanded-data,quarterly,West North Central Division,158.21,46539.99,3.367,3.967,-3.921,01/02/00,1366.420044
expanded-data,quarterly,West North Central Division,160.58,46539.99,3.367,3.967,-3.921,01/03/00,1498.579956
expanded-data,quarterly,West North Central Division,162.97,46539.99,3.367,3.967,-3.921,01/04/00,1452.430054
expanded-data,quarterly,West North Central Division,165.44,46503.1,2.817,4.742,-3.724,01/01/01,1366.01001
expanded-data,quarterly,West North Central Division,167.92,46503.1,2.817,4.742,-3.724,01/02/01,1239.939941
expanded-data,quarterly,West North Central Division,170.27,46503.1,2.817,4.742,-3.724,01/03/01,1160.329956
expanded-data,quarterly,West North Central Division,172.14,46503.1,2.817,4.742,-3.724,01/04/01,1249.459961
expanded-data,quarterly,West North Central Division,174.55,46831.46,1.596,5.783,-4.173,01/01/02,1130.199951
expanded-data,quarterly,West North Central Division,176.88,46831.46,1.596,5.783,-4.173,01/02/02,1106.72998
expanded-data,quarterly,West North Central Division,179.38,46831.46,1.596,5.783,-4.173,01/03/02,1147.390015
expanded-data,quarterly,West North Central Division,181.91,46831.46,1.596,5.783,-4.173,01/04/02,1076.920044
expanded-data,quarterly,West North Central Division,184.21,47691.56,2.298,5.992,-4.559,01/01/03,855.7000122
expanded-data,quarterly,West North Central Division,186.45,47691.56,2.298,5.992,-4.559,01/02/03,841.1500244
expanded-data,quarterly,West North Central Division,189.05,47691.56,2.298,5.992,-4.559,01/03/03,848.1799927
expanded-data,quarterly,West North Central Division,191.46,47691.56,2.298,5.992,-4.559,01/04/03,916.9199829
expanded-data,quarterly,West North Central Division,194.74,49080.56,2.668,5.542,-5.205,01/01/04,1131.130005
expanded-data,quarterly,West North Central Division,197.43,49080.56,2.668,5.542,-5.205,01/02/04,1144.939941
expanded-data,quarterly,West North Central Division,199.83,49080.56,2.668,5.542,-5.205,01/03/04,1126.209961
expanded-data,quarterly,West North Central Division,203.3,49080.56,2.668,5.542,-5.205,01/04/04,1107.300049
expanded-data,quarterly,West North Central Division,206.85,50322.52,3.366,5.083,-5.746,01/01/05,1181.27002
expanded-data,quarterly,West North Central Division,208.18,50322.52,3.366,5.083,-5.746,01/02/05,1203.599976
expanded-data,quarterly,West North Central Division,210.57,50322.52,3.366,5.083,-5.746,01/03/05,1180.589966
expanded-data,quarterly,West North Central Division,212.93,50322.52,3.366,5.083,-5.746,01/04/05,1156.849976
expanded-data,quarterly,West North Central Division,215.09,51235.84,3.222,4.608,-5.911,01/01/06,1280.079956
expanded-data,quarterly,West North Central Division,215.3,51235.84,3.222,4.608,-5.911,01/02/06,1280.660034
expanded-data,quarterly,West North Central Division,215.16,51235.84,3.222,4.608,-5.911,01/03/06,1294.869995
expanded-data,quarterly,West North Central Division,215.55,51235.84,3.222,4.608,-5.911,01/04/06,1310.609985
expanded-data,quarterly,West North Central Division,215.57,51751.28,2.871,4.617,-5.089,01/01/07,1438.23999
expanded-data,quarterly,West North Central Division,214.03,51751.28,2.871,4.617,-5.089,01/02/07,1406.819946
expanded-data,quarterly,West North Central Division,211.48,51751.28,2.871,4.617,-5.089,01/03/07,1420.859985
expanded-data,quarterly,West North Central Division,207.76,51751.28,2.871,4.617,-5.089,01/04/07,1482.369995
expanded-data,quarterly,West North Central Division,204.74,51335.91,3.815,5.8,-4.716,01/01/08,1378.550049
expanded-data,quarterly,West North Central Division,202.07,51335.91,3.815,5.8,-4.716,01/02/08,1330.630005
expanded-data,quarterly,West North Central Division,199.67,51335.91,3.815,5.8,-4.716,01/03/08,1322.699951
expanded-data,quarterly,West North Central Division,194.01,51335.91,3.815,5.8,-4.716,01/04/08,1385.589966
expanded-data,quarterly,West North Central Division,192.92,49569.21,-0.32,9.283,-2.623,01/01/09,825.8800049
expanded-data,quarterly,West North Central Division,191.84,49569.21,-0.32,9.283,-2.623,01/02/09,735.0900269
expanded-data,quarterly,West North Central Division,192.5,49569.21,-0.32,9.283,-2.623,01/03/09,797.8699951
expanded-data,quarterly,West North Central Division,194.57,49569.21,-0.32,9.283,-2.623,01/04/09,872.8099976
expanded-data,quarterly,West North Central Division,192.18,50523.5,1.637,9.608,-2.871,01/01/10,1073.869995
expanded-data,quarterly,West North Central Division,192.58,50523.5,1.637,9.608,-2.871,01/02/10,1104.48999
expanded-data,quarterly,West North Central Division,186.4,50523.5,1.637,9.608,-2.871,01/03/10,1169.430054
expanded-data,quarterly,West North Central Division,185.17,50523.5,1.637,9.608,-2.871,01/04/10,1186.689941
expanded-data,quarterly,West North Central Division,182.09,50943.53,3.14,8.933,-2.919,01/01/11,1286.119995
expanded-data,quarterly,West North Central Division,180.94,50943.53,3.14,8.933,-2.919,01/02/11,1327.219971
expanded-data,quarterly,West North Central Division,182.18,50943.53,3.14,8.933,-2.919,01/03/11,1325.829956
expanded-data,quarterly,West North Central Division,181.38,50943.53,3.14,8.933,-2.919,01/04/11,1363.609985
expanded-data,quarterly,West North Central Division,183.05,51736.82,2.073,8.075,-2.573,01/01/12,1312.410034
expanded-data,quarterly,West North Central Division,184.71,51736.82,2.073,8.075,-2.573,01/02/12,1365.680054
expanded-data,quarterly,West North Central Division,186.69,51736.82,2.073,8.075,-2.573,01/03/12,1408.469971
expanded-data,quarterly,West North Central Division,189.13,51736.82,2.073,8.075,-2.573,01/04/12,1397.910034
expanded-data,quarterly,West North Central Division,190.12,52329.15,1.466,7.358,-2.016,01/01/13,1498.109985
expanded-data,quarterly,West North Central Division,194.03,52329.15,1.466,7.358,-2.016,01/02/13,1514.680054
expanded-data,quarterly,West North Central Division,197.12,52329.15,1.466,7.358,-2.016,01/03/13,1569.189941
expanded-data,quarterly,West North Central Division,198.39,52329.15,1.466,7.358,-2.016,01/04/13,1597.569946
expanded-data,quarterly,West North Central Division,200.8,53141.85,1.615,6.158,-2.109,01/01/14,1782.589966
expanded-data,quarterly,West North Central Division,202.78,53141.85,1.615,6.158,-2.109,01/02/14,1859.449951
expanded-data,quarterly,West North Central Division,204.69,53141.85,1.615,6.158,-2.109,01/03/14,1872.339966
expanded-data,quarterly,West North Central Division,207.52,53141.85,1.615,6.158,-2.109,01/04/14,1883.949951
expanded-data,quarterly,West North Central Division,210.64,54187.9,0.121,5.275,-2.244,01/01/15,1994.98999
expanded-data,quarterly,West North Central Division,212.04,54187.9,0.121,5.275,-2.244,01/02/15,2104.5
expanded-data,quarterly,West North Central Division,213.89,54187.9,0.121,5.275,-2.244,01/03/15,2067.889893
expanded-data,quarterly,West North Central Division,217.08,54187.9,0.121,5.275,-2.244,01/04/15,2085.51001
expanded-data,quarterly,West North Central Division,219.99,54700.34,1.267,4.875,-2.119,01/01/16,1940.23999
expanded-data,quarterly,West North Central Division,222.43,54700.34,1.267,4.875,-2.119,01/02/16,1932.22998
expanded-data,quarterly,West North Central Division,224.81,54700.34,1.267,4.875,-2.119,01/03/16,2059.73999
expanded-data,quarterly,West North Central Division,228.2,54700.34,1.267,4.875,-2.119,01/04/16,2065.300049
expanded-data,quarterly,West North Central Division,231.61,55572.58,2.131,4.358,-1.887,01/01/17,2278.870117
expanded-data,quarterly,West North Central Division,234.53,55572.58,2.131,4.358,-1.887,01/02/17,2363.639893
expanded-data,quarterly,West North Central Division,237.46,55572.58,2.131,4.358,-1.887,01/03/17,2362.719971
expanded-data,quarterly,West North Central Division,240.67,55572.58,2.131,4.358,-1.887,01/04/17,2384.199951
expanded-data,quarterly,West North Central Division,245.66,56904.34,2.439,3.892,-2.142,01/01/18,2823.810059
expanded-data,quarterly,West North Central Division,247.0,56904.34,2.439,3.892,-2.142,01/02/18,2713.830078
expanded-data,quarterly,West North Central Division,249.57,56904.34,2.439,3.892,-2.142,01/03/18,2640.870117
expanded-data,quarterly,West North Central Division,252.41,56904.34,2.439,3.892,-2.142,01/04/18,2648.050049
expanded-data,quarterly,West North Central Division,255.61,57940.11,1.813,3.683,-2.066,01/01/19,2704.100098
expanded-data,quarterly,West North Central Division,258.54,57940.11,1.813,3.683,-2.066,01/02/19,2784.48999
expanded-data,quarterly,West North Central Division,262.39,57940.11,1.813,3.683,-2.066,01/03/19,2834.399902
expanded-data,quarterly,West North Central Division,266.11,57940.11,1.813,3.683,-2.066,01/04/19,2945.830078
expanded-data,quarterly,West North Central Division,269.45,55875.47,1.251,8.092,-2.835,01/01/20,3225.52002
expanded-data,quarterly,West North Central Division,274.16,55875.47,1.251,8.092,-2.835,01/02/20,2954.219971
expanded-data,quarterly,West North Central Division,281.87,55875.47,1.251,8.092,-2.835,01/03/20,2584.590088
expanded-data,quarterly,West North Central Division,292.2,55875.47,1.251,8.092,-2.835,01/04/20,2912.429932
expanded-data,quarterly,West North Central Division,300.13,59009.85,4.683,5.367,-3.566,01/01/21,3714.23999
expanded-data,quarterly,West North Central Division,311.45,59009.85,4.683,5.367,-3.566,01/02/21,3811.149902
expanded-data,quarterly,West North Central Division,321.44,59009.85,4.683,5.367,-3.566,01/03/21,3972.889893
expanded-data,quarterly,West North Central Division,330.04,59009.85,4.683,5.367,-3.566,01/04/21,4181.169922
expanded-data,quarterly,West North Central Division,340.33,60007.14,7.986,3.642,-3.816,01/01/22,4515.549805
expanded-data,quarterly,West North Central Division,351.1,60007.14,7.986,3.642,-3.816,01/02/22,4373.939941
expanded-data,quarterly,West North Central Division,352.42,60007.14,7.986,3.642,-3.816,01/03/22,4530.410156
expanded-data,quarterly,West North Central Division,356.14,60007.14,7.986,3.642,-3.816,01/04/22,4131.930176
expanded-data,quarterly,West North Central Division,361.71,60963.65,4.084,3.569,-2.951,01/01/23,4076.600098
expanded-data,quarterly,West North Central Division,368.83,60963.65,4.084,3.569,-2.951,01/02/23,3970.149902
expanded-data,quarterly,West North Central Division,377.15,60963.65,4.084,3.569,-2.951,01/03/23,4109.310059
expanded-data,quarterly,West South Central Division,100.0,36944.07,4.216,6.85,0.047,01/01/91,343.9299927
expanded-data,quarterly,West South Central Division,100.82,36944.07,4.216,6.85,0.047,01/02/91,367.0700073
expanded-data,quarterly,West South Central Division,101.72,36944.07,4.216,6.85,0.047,01/03/91,375.2200012
expanded-data,quarterly,West South Central Division,102.38,36944.07,4.216,6.85,0.047,01/04/91,375.3399963
expanded-data,quarterly,West South Central Division,103.27,37741.19,3.042,7.492,-0.792,01/01/92,408.7799988
expanded-data,quarterly,West South Central Division,103.97,37741.19,3.042,7.492,-0.792,01/02/92,412.7000122
expanded-data,quarterly,West South Central Division,104.83,37741.19,3.042,7.492,-0.792,01/03/92,403.6900024
expanded-data,quarterly,West South Central Division,106.22,37741.19,3.042,7.492,-0.792,01/04/92,414.9500122
expanded-data,quarterly,West South Central Division,106.95,38277.58,2.97,6.908,-1.237,01/01/93,438.7799988
expanded-data,quarterly,West South Central Division,108.32,38277.58,2.97,6.908,-1.237,01/02/93,443.3800049
expanded-data,quarterly,West South Central Division,109.88,38277.58,2.97,6.908,-1.237,01/03/93,451.6700134
expanded-data,quarterly,West South Central Division,111.41,38277.58,2.97,6.908,-1.237,01/04/93,440.1900024
expanded-data,quarterly,West South Central Division,112.92,39339.0,2.596,6.1,-1.669,01/01/94,481.6099854
expanded-data,quarterly,West South Central Division,113.98,39339.0,2.596,6.1,-1.669,01/02/94,467.1400146
expanded-data,quarterly,West South Central Division,115.0,39339.0,2.596,6.1,-1.669,01/03/94,445.769989
expanded-data,quarterly,West South Central Division,115.77,39339.0,2.596,6.1,-1.669,01/04/94,450.9100037
expanded-data,quarterly,West South Central Division,116.69,39919.87,2.805,5.592,-1.487,01/01/95,470.4200134
expanded-data,quarterly,West South Central Division,117.83,39919.87,2.805,5.592,-1.487,01/02/95,487.3900146
expanded-data,quarterly,West South Central Division,118.93,39919.87,2.805,5.592,-1.487,01/03/95,500.7099915
expanded-data,quarterly,West South Central Division,120.14,39919.87,2.805,5.592,-1.487,01/04/95,514.710022
expanded-data,quarterly,West South Central Division,121.25,40946.0,2.937,5.408,-1.546,01/01/96,636.0200195
expanded-data,quarterly,West South Central Division,122.45,40946.0,2.937,5.408,-1.546,01/02/96,640.4299927
expanded-data,quarterly,West South Central Division,123.35,40946.0,2.937,5.408,-1.546,01/03/96,645.5
expanded-data,quarterly,West South Central Division,123.73,40946.0,2.937,5.408,-1.546,01/04/96,654.1699829
expanded-data,quarterly,West South Central Division,125.28,42258.86,2.338,4.942,-1.641,01/01/97,786.1599731
expanded-data,quarterly,West South Central Division,126.33,42258.86,2.338,4.942,-1.641,01/02/97,790.8200073
expanded-data,quarterly,West South Central Division,127.41,42258.86,2.338,4.942,-1.641,01/03/97,757.1199951
expanded-data,quarterly,West South Central Division,128.91,42258.86,2.338,4.942,-1.641,01/04/97,801.3400269
expanded-data,quarterly,West South Central Division,129.97,43640.76,1.547,4.5,-2.373,01/01/98,980.2800293
expanded-data,quarterly,West South Central Division,131.21,43640.76,1.547,4.5,-2.373,01/02/98,1049.339966
expanded-data,quarterly,West South Central Division,132.99,43640.76,1.547,4.5,-2.373,01/03/98,1101.75
expanded-data,quarterly,West South Central Division,134.87,43640.76,1.547,4.5,-2.373,01/04/98,1111.75
expanded-data,quarterly,West South Central Division,137.01,45213.48,2.193,4.217,-2.976,01/01/99,1279.640015
expanded-data,quarterly,West South Central Division,138.97,45213.48,2.193,4.217,-2.976,01/02/99,1238.329956
expanded-data,quarterly,West South Central Division,140.76,45213.48,2.193,4.217,-2.976,01/03/99,1286.369995
expanded-data,quarterly,West South Central Division,142.69,45213.48,2.193,4.217,-2.976,01/04/99,1335.180054
expanded-data,quarterly,West South Central Division,146.02,46539.99,3.367,3.967,-3.921,01/01/00,1394.459961
expanded-data,quarterly,West South Central Division,148.08,46539.99,3.367,3.967,-3.921,01/02/00,1366.420044
expanded-data,quarterly,West South Central Division,150.33,46539.99,3.367,3.967,-3.921,01/03/00,1498.579956
expanded-data,quarterly,West South Central Division,152.1,46539.99,3.367,3.967,-3.921,01/04/00,1452.430054
expanded-data,quarterly,West South Central Division,154.28,46503.1,2.817,4.742,-3.724,01/01/01,1366.01001
expanded-data,quarterly,West South Central Division,155.68,46503.1,2.817,4.742,-3.724,01/02/01,1239.939941
expanded-data,quarterly,West South Central Division,157.22,46503.1,2.817,4.742,-3.724,01/03/01,1160.329956
expanded-data,quarterly,West South Central Division,158.77,46503.1,2.817,4.742,-3.724,01/04/01,1249.459961
expanded-data,quarterly,West South Central Division,159.9,46831.46,1.596,5.783,-4.173,01/01/02,1130.199951
expanded-data,quarterly,West South Central Division,161.56,46831.46,1.596,5.783,-4.173,01/02/02,1106.72998
expanded-data,quarterly,West South Central Division,162.82,46831.46,1.596,5.783,-4.173,01/03/02,1147.390015
expanded-data,quarterly,West South Central Division,164.07,46831.46,1.596,5.783,-4.173,01/04/02,1076.920044
expanded-data,quarterly,West South Central Division,164.61,47691.56,2.298,5.992,-4.559,01/01/03,855.7000122
expanded-data,quarterly,West South Central Division,165.82,47691.56,2.298,5.992,-4.559,01/02/03,841.1500244
expanded-data,quarterly,West South Central Division,166.97,47691.56,2.298,5.992,-4.559,01/03/03,848.1799927
expanded-data,quarterly,West South Central Division,168.08,47691.56,2.298,5.992,-4.559,01/04/03,916.9199829
expanded-data,quarterly,West South Central Division,169.15,49080.56,2.668,5.542,-5.205,01/01/04,1131.130005
expanded-data,quarterly,West South Central Division,171.29,49080.56,2.668,5.542,-5.205,01/02/04,1144.939941
expanded-data,quarterly,West South Central Division,172.73,49080.56,2.668,5.542,-5.205,01/03/04,1126.209961
expanded-data,quarterly,West South Central Division,174.44,49080.56,2.668,5.542,-5.205,01/04/04,1107.300049
expanded-data,quarterly,West South Central Division,176.76,50322.52,3.366,5.083,-5.746,01/01/05,1181.27002
expanded-data,quarterly,West South Central Division,178.89,50322.52,3.366,5.083,-5.746,01/02/05,1203.599976
expanded-data,quarterly,West South Central Division,181.78,50322.52,3.366,5.083,-5.746,01/03/05,1180.589966
expanded-data,quarterly,West South Central Division,185.38,50322.52,3.366,5.083,-5.746,01/04/05,1156.849976
expanded-data,quarterly,West South Central Division,188.26,51235.84,3.222,4.608,-5.911,01/01/06,1280.079956
expanded-data,quarterly,West South Central Division,190.49,51235.84,3.222,4.608,-5.911,01/02/06,1280.660034
expanded-data,quarterly,West South Central Division,192.5,51235.84,3.222,4.608,-5.911,01/03/06,1294.869995
expanded-data,quarterly,West South Central Division,194.85,51235.84,3.222,4.608,-5.911,01/04/06,1310.609985
expanded-data,quarterly,West South Central Division,197.4,51751.28,2.871,4.617,-5.089,01/01/07,1438.23999
expanded-data,quarterly,West South Central Division,198.78,51751.28,2.871,4.617,-5.089,01/02/07,1406.819946
expanded-data,quarterly,West South Central Division,199.2,51751.28,2.871,4.617,-5.089,01/03/07,1420.859985
expanded-data,quarterly,West South Central Division,199.39,51751.28,2.871,4.617,-5.089,01/04/07,1482.369995
expanded-data,quarterly,West South Central Division,198.6,51335.91,3.815,5.8,-4.716,01/01/08,1378.550049
expanded-data,quarterly,West South Central Division,197.33,51335.91,3.815,5.8,-4.716,01/02/08,1330.630005
expanded-data,quarterly,West South Central Division,198.09,51335.91,3.815,5.8,-4.716,01/03/08,1322.699951
expanded-data,quarterly,West South Central Division,194.01,51335.91,3.815,5.8,-4.716,01/04/08,1385.589966
expanded-data,quarterly,West South Central Division,192.99,49569.21,-0.32,9.283,-2.623,01/01/09,825.8800049
expanded-data,quarterly,West South Central Division,192.94,49569.21,-0.32,9.283,-2.623,01/02/09,735.0900269
expanded-data,quarterly,West South Central Division,193.66,49569.21,-0.32,9.283,-2.623,01/03/09,797.8699951
expanded-data,quarterly,West South Central Division,194.52,49569.21,-0.32,9.283,-2.623,01/04/09,872.8099976
expanded-data,quarterly,West South Central Division,193.74,50523.5,1.637,9.608,-2.871,01/01/10,1073.869995
expanded-data,quarterly,West South Central Division,193.09,50523.5,1.637,9.608,-2.871,01/02/10,1104.48999
expanded-data,quarterly,West South Central Division,190.79,50523.5,1.637,9.608,-2.871,01/03/10,1169.430054
expanded-data,quarterly,West South Central Division,189.75,50523.5,1.637,9.608,-2.871,01/04/10,1186.689941
expanded-data,quarterly,West South Central Division,189.12,50943.53,3.14,8.933,-2.919,01/01/11,1286.119995
expanded-data,quarterly,West South Central Division,186.82,50943.53,3.14,8.933,-2.919,01/02/11,1327.219971
expanded-data,quarterly,West South Central Division,187.61,50943.53,3.14,8.933,-2.919,01/03/11,1325.829956
expanded-data,quarterly,West South Central Division,188.26,50943.53,3.14,8.933,-2.919,01/04/11,1363.609985
expanded-data,quarterly,West South Central Division,190.44,51736.82,2.073,8.075,-2.573,01/01/12,1312.410034
expanded-data,quarterly,West South Central Division,192.37,51736.82,2.073,8.075,-2.573,01/02/12,1365.680054
expanded-data,quarterly,West South Central Division,194.56,51736.82,2.073,8.075,-2.573,01/03/12,1408.469971
expanded-data,quarterly,West South Central Division,196.61,51736.82,2.073,8.075,-2.573,01/04/12,1397.910034
expanded-data,quarterly,West South Central Division,199.3,52329.15,1.466,7.358,-2.016,01/01/13,1498.109985
expanded-data,quarterly,West South Central Division,202.6,52329.15,1.466,7.358,-2.016,01/02/13,1514.680054
expanded-data,quarterly,West South Central Division,205.45,52329.15,1.466,7.358,-2.016,01/03/13,1569.189941
expanded-data,quarterly,West South Central Division,208.21,52329.15,1.466,7.358,-2.016,01/04/13,1597.569946
expanded-data,quarterly,West South Central Division,210.87,53141.85,1.615,6.158,-2.109,01/01/14,1782.589966
expanded-data,quarterly,West South Central Division,213.28,53141.85,1.615,6.158,-2.109,01/02/14,1859.449951
expanded-data,quarterly,West South Central Division,216.94,53141.85,1.615,6.158,-2.109,01/03/14,1872.339966
expanded-data,quarterly,West South Central Division,220.36,53141.85,1.615,6.158,-2.109,01/04/14,1883.949951
expanded-data,quarterly,West South Central Division,223.58,54187.9,0.121,5.275,-2.244,01/01/15,1994.98999
expanded-data,quarterly,West South Central Division,226.24,54187.9,0.121,5.275,-2.244,01/02/15,2104.5
expanded-data,quarterly,West South Central Division,229.46,54187.9,0.121,5.275,-2.244,01/03/15,2067.889893
expanded-data,quarterly,West South Central Division,232.25,54187.9,0.121,5.275,-2.244,01/04/15,2085.51001
expanded-data,quarterly,West South Central Division,234.95,54700.34,1.267,4.875,-2.119,01/01/16,1940.23999
expanded-data,quarterly,West South Central Division,238.46,54700.34,1.267,4.875,-2.119,01/02/16,1932.22998
expanded-data,quarterly,West South Central Division,241.52,54700.34,1.267,4.875,-2.119,01/03/16,2059.73999
expanded-data,quarterly,West South Central Division,244.5,54700.34,1.267,4.875,-2.119,01/04/16,2065.300049
expanded-data,quarterly,West South Central Division,248.34,55572.58,2.131,4.358,-1.887,01/01/17,2278.870117
expanded-data,quarterly,West South Central Division,251.94,55572.58,2.131,4.358,-1.887,01/02/17,2363.639893
expanded-data,quarterly,West South Central Division,254.9,55572.58,2.131,4.358,-1.887,01/03/17,2362.719971
expanded-data,quarterly,West South Central Division,258.4,55572.58,2.131,4.358,-1.887,01/04/17,2384.199951
expanded-data,quarterly,West South Central Division,261.77,56904.34,2.439,3.892,-2.142,01/01/18,2823.810059
expanded-data,quarterly,West South Central Division,264.81,56904.34,2.439,3.892,-2.142,01/02/18,2713.830078
expanded-data,quarterly,West South Central Division,267.64,56904.34,2.439,3.892,-2.142,01/03/18,2640.870117
expanded-data,quarterly,West South Central Division,270.66,56904.34,2.439,3.892,-2.142,01/04/18,2648.050049
expanded-data,quarterly,West South Central Division,273.72,57940.11,1.813,3.683,-2.066,01/01/19,2704.100098
expanded-data,quarterly,West South Central Division,276.86,57940.11,1.813,3.683,-2.066,01/02/19,2784.48999
expanded-data,quarterly,West South Central Division,279.59,57940.11,1.813,3.683,-2.066,01/03/19,2834.399902
expanded-data,quarterly,West South Central Division,283.5,57940.11,1.813,3.683,-2.066,01/04/19,2945.830078
expanded-data,quarterly,West South Central Division,287.34,55875.47,1.251,8.092,-2.835,01/01/20,3225.52002
expanded-data,quarterly,West South Central Division,289.64,55875.47,1.251,8.092,-2.835,01/02/20,2954.219971
expanded-data,quarterly,West South Central Division,296.46,55875.47,1.251,8.092,-2.835,01/03/20,2584.590088
expanded-data,quarterly,West South Central Division,306.96,55875.47,1.251,8.092,-2.835,01/04/20,2912.429932
expanded-data,quarterly,West South Central Division,317.32,59009.85,4.683,5.367,-3.566,01/01/21,3714.23999
expanded-data,quarterly,West South Central Division,330.83,59009.85,4.683,5.367,-3.566,01/02/21,3811.149902
expanded-data,quarterly,West South Central Division,346.71,59009.85,4.683,5.367,-3.566,01/03/21,3972.889893
expanded-data,quarterly,West South Central Division,360.61,59009.85,4.683,5.367,-3.566,01/04/21,4181.169922
expanded-data,quarterly,West South Central Division,374.44,60007.14,7.986,3.642,-3.816,01/01/22,4515.549805
expanded-data,quarterly,West South Central Division,389.86,60007.14,7.986,3.642,-3.816,01/02/22,4373.939941
expanded-data,quarterly,West South Central Division,392.66,60007.14,7.986,3.642,-3.816,01/03/22,4530.410156
expanded-data,quarterly,West South Central Division,394.34,60007.14,7.986,3.642,-3.816,01/04/22,4131.930176
expanded-data,quarterly,West South Central Division,396.71,60963.65,4.084,3.569,-2.951,01/01/23,4076.600098
expanded-data,quarterly,West South Central Division,400.6,60963.65,4.084,3.569,-2.951,01/02/23,3970.149902
expanded-data,quarterly,West South Central Division,404.77,60963.65,4.084,3.569,-2.951,01/03/23,4109.310059
purchase-only,quarterly,East North Central Division,100.0,36944.07,4.216,6.85,0.047,01/01/91,343.9299927
purchase-only,quarterly,East North Central Division,100.52,36944.07,4.216,6.85,0.047,01/02/91,367.0700073
purchase-only,quarterly,East North Central Division,101.26,36944.07,4.216,6.85,0.047,01/03/91,375.2200012
purchase-only,quarterly,East North Central Division,102.27,36944.07,4.216,6.85,0.047,01/04/91,375.3399963
purchase-only,quarterly,East North Central Division,103.75,37741.19,3.042,7.492,-0.792,01/01/92,408.7799988
purchase-only,quarterly,East North Central Division,104.63,37741.19,3.042,7.492,-0.792,01/02/92,412.7000122
purchase-only,quarterly,East North Central Division,105.66,37741.19,3.042,7.492,-0.792,01/03/92,403.6900024
purchase-only,quarterly,East North Central Division,107.02,37741.19,3.042,7.492,-0.792,01/04/92,414.9500122
purchase-only,quarterly,East North Central Division,107.81,38277.58,2.97,6.908,-1.237,01/01/93,438.7799988
purchase-only,quarterly,East North Central Division,109.13,38277.58,2.97,6.908,-1.237,01/02/93,443.3800049
purchase-only,quarterly,East North Central Division,110.64,38277.58,2.97,6.908,-1.237,01/03/93,451.6700134
purchase-only,quarterly,East North Central Division,112.05,38277.58,2.97,6.908,-1.237,01/04/93,440.1900024
purchase-only,quarterly,East North Central Division,113.6,39339.0,2.596,6.1,-1.669,01/01/94,481.6099854
purchase-only,quarterly,East North Central Division,114.99,39339.0,2.596,6.1,-1.669,01/02/94,467.1400146
purchase-only,quarterly,East North Central Division,116.13,39339.0,2.596,6.1,-1.669,01/03/94,445.769989
purchase-only,quarterly,East North Central Division,117.51,39339.0,2.596,6.1,-1.669,01/04/94,450.9100037
purchase-only,quarterly,East North Central Division,118.97,39919.87,2.805,5.592,-1.487,01/01/95,470.4200134
purchase-only,quarterly,East North Central Division,120.21,39919.87,2.805,5.592,-1.487,01/02/95,487.3900146
purchase-only,quarterly,East North Central Division,121.93,39919.87,2.805,5.592,-1.487,01/03/95,500.7099915
purchase-only,quarterly,East North Central Division,123.3,39919.87,2.805,5.592,-1.487,01/04/95,514.710022
purchase-only,quarterly,East North Central Division,124.88,40946.0,2.937,5.408,-1.546,01/01/96,636.0200195
purchase-only,quarterly,East North Central Division,126.54,40946.0,2.937,5.408,-1.546,01/02/96,640.4299927
purchase-only,quarterly,East North Central Division,127.63,40946.0,2.937,5.408,-1.546,01/03/96,645.5
purchase-only,quarterly,East North Central Division,128.76,40946.0,2.937,5.408,-1.546,01/04/96,654.1699829
purchase-only,quarterly,East North Central Division,129.72,42258.86,2.338,4.942,-1.641,01/01/97,786.1599731
purchase-only,quarterly,East North Central Division,130.88,42258.86,2.338,4.942,-1.641,01/02/97,790.8200073
purchase-only,quarterly,East North Central Division,131.99,42258.86,2.338,4.942,-1.641,01/03/97,757.1199951
purchase-only,quarterly,East North Central Division,133.11,42258.86,2.338,4.942,-1.641,01/04/97,801.3400269
purchase-only,quarterly,East North Central Division,134.58,43640.76,1.547,4.5,-2.373,01/01/98,980.2800293
purchase-only,quarterly,East North Central Division,135.89,43640.76,1.547,4.5,-2.373,01/02/98,1049.339966
purchase-only,quarterly,East North Central Division,137.45,43640.76,1.547,4.5,-2.373,01/03/98,1101.75
purchase-only,quarterly,East North Central Division,139.6,43640.76,1.547,4.5,-2.373,01/04/98,1111.75
purchase-only,quarterly,East North Central Division,141.34,45213.48,2.193,4.217,-2.976,01/01/99,1279.640015
purchase-only,quarterly,East North Central Division,143.1,45213.48,2.193,4.217,-2.976,01/02/99,1238.329956
purchase-only,quarterly,East North Central Division,145.03,45213.48,2.193,4.217,-2.976,01/03/99,1286.369995
purchase-only,quarterly,East North Central Division,146.69,45213.48,2.193,4.217,-2.976,01/04/99,1335.180054
purchase-only,quarterly,East North Central Division,148.95,46539.99,3.367,3.967,-3.921,01/01/00,1394.459961
purchase-only,quarterly,East North Central Division,150.84,46539.99,3.367,3.967,-3.921,01/02/00,1366.420044
purchase-only,quarterly,East North Central Division,152.69,46539.99,3.367,3.967,-3.921,01/03/00,1498.579956
purchase-only,quarterly,East North Central Division,154.24,46539.99,3.367,3.967,-3.921,01/04/00,1452.430054
purchase-only,quarterly,East North Central Division,156.33,46503.1,2.817,4.742,-3.724,01/01/01,1366.01001
purchase-only,quarterly,East North Central Division,158.05,46503.1,2.817,4.742,-3.724,01/02/01,1239.939941
purchase-only,quarterly,East North Central Division,159.64,46503.1,2.817,4.742,-3.724,01/03/01,1160.329956
purchase-only,quarterly,East North Central Division,161.57,46503.1,2.817,4.742,-3.724,01/04/01,1249.459961
purchase-only,quarterly,East North Central Division,163.35,46831.46,1.596,5.783,-4.173,01/01/02,1130.199951
purchase-only,quarterly,East North Central Division,164.85,46831.46,1.596,5.783,-4.173,01/02/02,1106.72998
purchase-only,quarterly,East North Central Division,166.72,46831.46,1.596,5.783,-4.173,01/03/02,1147.390015
purchase-only,quarterly,East North Central Division,168.74,46831.46,1.596,5.783,-4.173,01/04/02,1076.920044
purchase-only,quarterly,East North Central Division,170.63,47691.56,2.298,5.992,-4.559,01/01/03,855.7000122
purchase-only,quarterly,East North Central Division,172.26,47691.56,2.298,5.992,-4.559,01/02/03,841.1500244
purchase-only,quarterly,East North Central Division,174.31,47691.56,2.298,5.992,-4.559,01/03/03,848.1799927
purchase-only,quarterly,East North Central Division,176.54,47691.56,2.298,5.992,-4.559,01/04/03,916.9199829
purchase-only,quarterly,East North Central Division,178.41,49080.56,2.668,5.542,-5.205,01/01/04,1131.130005
purchase-only,quarterly,East North Central Division,180.27,49080.56,2.668,5.542,-5.205,01/02/04,1144.939941
purchase-only,quarterly,East North Central Division,182.27,49080.56,2.668,5.542,-5.205,01/03/04,1126.209961
purchase-only,quarterly,East North Central Division,184.02,49080.56,2.668,5.542,-5.205,01/04/04,1107.300049
purchase-only,quarterly,East North Central Division,185.64,50322.52,3.366,5.083,-5.746,01/01/05,1181.27002
purchase-only,quarterly,East North Central Division,187.43,50322.52,3.366,5.083,-5.746,01/02/05,1203.599976
purchase-only,quarterly,East North Central Division,188.86,50322.52,3.366,5.083,-5.746,01/03/05,1180.589966
purchase-only,quarterly,East North Central Division,190.2,50322.52,3.366,5.083,-5.746,01/04/05,1156.849976
purchase-only,quarterly,East North Central Division,190.86,51235.84,3.222,4.608,-5.911,01/01/06,1280.079956
purchase-only,quarterly,East North Central Division,191.18,51235.84,3.222,4.608,-5.911,01/02/06,1280.660034
purchase-only,quarterly,East North Central Division,190.69,51235.84,3.222,4.608,-5.911,01/03/06,1294.869995
purchase-only,quarterly,East North Central Division,189.91,51235.84,3.222,4.608,-5.911,01/04/06,1310.609985
purchase-only,quarterly,East North Central Division,190.57,51751.28,2.871,4.617,-5.089,01/01/07,1438.23999
purchase-only,quarterly,East North Central Division,188.78,51751.28,2.871,4.617,-5.089,01/02/07,1406.819946
purchase-only,quarterly,East North Central Division,186.45,51751.28,2.871,4.617,-5.089,01/03/07,1420.859985
purchase-only,quarterly,East North Central Division,182.99,51751.28,2.871,4.617,-5.089,01/04/07,1482.369995
purchase-only,quarterly,East North Central Division,180.07,51335.91,3.815,5.8,-4.716,01/01/08,1378.550049
purchase-only,quarterly,East North Central Division,176.07,51335.91,3.815,5.8,-4.716,01/02/08,1330.630005
purchase-only,quarterly,East North Central Division,172.88,51335.91,3.815,5.8,-4.716,01/03/08,1322.699951
purchase-only,quarterly,East North Central Division,168.31,51335.91,3.815,5.8,-4.716,01/04/08,1385.589966
purchase-only,quarterly,East North Central Division,169.33,49569.21,-0.32,9.283,-2.623,01/01/09,825.8800049
purchase-only,quarterly,East North Central Division,166.92,49569.21,-0.32,9.283,-2.623,01/02/09,735.0900269
purchase-only,quarterly,East North Central Division,165.34,49569.21,-0.32,9.283,-2.623,01/03/09,797.8699951
purchase-only,quarterly,East North Central Division,164.58,49569.21,-0.32,9.283,-2.623,01/04/09,872.8099976
purchase-only,quarterly,East North Central Division,163.37,50523.5,1.637,9.608,-2.871,01/01/10,1073.869995
purchase-only,quarterly,East North Central Division,162.26,50523.5,1.637,9.608,-2.871,01/02/10,1104.48999
purchase-only,quarterly,East North Central Division,160.04,50523.5,1.637,9.608,-2.871,01/03/10,1169.430054
purchase-only,quarterly,East North Central Division,159.51,50523.5,1.637,9.608,-2.871,01/04/10,1186.689941
purchase-only,quarterly,East North Central Division,155.6,50943.53,3.14,8.933,-2.919,01/01/11,1286.119995
purchase-only,quarterly,East North Central Division,154.14,50943.53,3.14,8.933,-2.919,01/02/11,1327.219971
purchase-only,quarterly,East North Central Division,155.25,50943.53,3.14,8.933,-2.919,01/03/11,1325.829956
purchase-only,quarterly,East North Central Division,155.13,50943.53,3.14,8.933,-2.919,01/04/11,1363.609985
purchase-only,quarterly,East North Central Division,155.23,51736.82,2.073,8.075,-2.573,01/01/12,1312.410034
purchase-only,quarterly,East North Central Division,157.21,51736.82,2.073,8.075,-2.573,01/02/12,1365.680054
purchase-only,quarterly,East North Central Division,158.29,51736.82,2.073,8.075,-2.573,01/03/12,1408.469971
purchase-only,quarterly,East North Central Division,159.29,51736.82,2.073,8.075,-2.573,01/04/12,1397.910034
purchase-only,quarterly,East North Central Division,162.02,52329.15,1.466,7.358,-2.016,01/01/13,1498.109985
purchase-only,quarterly,East North Central Division,164.65,52329.15,1.466,7.358,-2.016,01/02/13,1514.680054
purchase-only,quarterly,East North Central Division,166.83,52329.15,1.466,7.358,-2.016,01/03/13,1569.189941
purchase-only,quarterly,East North Central Division,168.09,52329.15,1.466,7.358,-2.016,01/04/13,1597.569946
purchase-only,quarterly,East North Central Division,169.82,53141.85,1.615,6.158,-2.109,01/01/14,1782.589966
purchase-only,quarterly,East North Central Division,170.95,53141.85,1.615,6.158,-2.109,01/02/14,1859.449951
purchase-only,quarterly,East North Central Division,173.06,53141.85,1.615,6.158,-2.109,01/03/14,1872.339966
purchase-only,quarterly,East North Central Division,174.9,53141.85,1.615,6.158,-2.109,01/04/14,1883.949951
purchase-only,quarterly,East North Central Division,176.44,54187.9,0.121,5.275,-2.244,01/01/15,1994.98999
purchase-only,quarterly,East North Central Division,178.62,54187.9,0.121,5.275,-2.244,01/02/15,2104.5
purchase-only,quarterly,East North Central Division,179.62,54187.9,0.121,5.275,-2.244,01/03/15,2067.889893
purchase-only,quarterly,East North Central Division,181.96,54187.9,0.121,5.275,-2.244,01/04/15,2085.51001
purchase-only,quarterly,East North Central Division,183.67,54700.34,1.267,4.875,-2.119,01/01/16,1940.23999
purchase-only,quarterly,East North Central Division,186.26,54700.34,1.267,4.875,-2.119,01/02/16,1932.22998
purchase-only,quarterly,East North Central Division,189.21,54700.34,1.267,4.875,-2.119,01/03/16,2059.73999
purchase-only,quarterly,East North Central Division,191.93,54700.34,1.267,4.875,-2.119,01/04/16,2065.300049
purchase-only,quarterly,East North Central Division,194.62,55572.58,2.131,4.358,-1.887,01/01/17,2278.870117
purchase-only,quarterly,East North Central Division,196.8,55572.58,2.131,4.358,-1.887,01/02/17,2363.639893
purchase-only,quarterly,East North Central Division,199.67,55572.58,2.131,4.358,-1.887,01/03/17,2362.719971
purchase-only,quarterly,East North Central Division,202.67,55572.58,2.131,4.358,-1.887,01/04/17,2384.199951
purchase-only,quarterly,East North Central Division,206.6,56904.34,2.439,3.892,-2.142,01/01/18,2823.810059
purchase-only,quarterly,East North Central Division,208.97,56904.34,2.439,3.892,-2.142,01/02/18,2713.830078
purchase-only,quarterly,East North Central Division,211.68,56904.34,2.439,3.892,-2.142,01/03/18,2640.870117
purchase-only,quarterly,East North Central Division,214.15,56904.34,2.439,3.892,-2.142,01/04/18,2648.050049
purchase-only,quarterly,East North Central Division,217.02,57940.11,1.813,3.683,-2.066,01/01/19,2704.100098
purchase-only,quarterly,East North Central Division,219.68,57940.11,1.813,3.683,-2.066,01/02/19,2784.48999
purchase-only,quarterly,East North Central Division,222.77,57940.11,1.813,3.683,-2.066,01/03/19,2834.399902
purchase-only,quarterly,East North Central Division,226.15,57940.11,1.813,3.683,-2.066,01/04/19,2945.830078
purchase-only,quarterly,East North Central Division,230.49,55875.47,1.251,8.092,-2.835,01/01/20,3225.52002
purchase-only,quarterly,East North Central Division,231.87,55875.47,1.251,8.092,-2.835,01/02/20,2954.219971
purchase-only,quarterly,East North Central Division,241.01,55875.47,1.251,8.092,-2.835,01/03/20,2584.590088
purchase-only,quarterly,East North Central Division,251.11,55875.47,1.251,8.092,-2.835,01/04/20,2912.429932
purchase-only,quarterly,East North Central Division,258.86,59009.85,4.683,5.367,-3.566,01/01/21,3714.23999
purchase-only,quarterly,East North Central Division,268.05,59009.85,4.683,5.367,-3.566,01/02/21,3811.149902
purchase-only,quarterly,East North Central Division,277.48,59009.85,4.683,5.367,-3.566,01/03/21,3972.889893
purchase-only,quarterly,East North Central Division,286.69,59009.85,4.683,5.367,-3.566,01/04/21,4181.169922
purchase-only,quarterly,East North Central Division,297.85,60007.14,7.986,3.642,-3.816,01/01/22,4515.549805
purchase-only,quarterly,East North Central Division,305.27,60007.14,7.986,3.642,-3.816,01/02/22,4373.939941
purchase-only,quarterly,East North Central Division,307.2,60007.14,7.986,3.642,-3.816,01/03/22,4530.410156
purchase-only,quarterly,East North Central Division,310.17,60007.14,7.986,3.642,-3.816,01/04/22,4131.930176
purchase-only,quarterly,East North Central Division,314.98,60963.65,4.084,3.569,-2.951,01/01/23,4076.600098
purchase-only,quarterly,East North Central Division,322.82,60963.65,4.084,3.569,-2.951,01/02/23,3970.149902
purchase-only,quarterly,East North Central Division,331.07,60963.65,4.084,3.569,-2.951,01/03/23,4109.310059
purchase-only,quarterly,East South Central Division,100.0,36944.07,4.216,6.85,0.047,01/01/91,343.9299927
purchase-only,quarterly,East South Central Division,100.34,36944.07,4.216,6.85,0.047,01/02/91,367.0700073
purchase-only,quarterly,East South Central Division,100.66,36944.07,4.216,6.85,0.047,01/03/91,375.2200012
purchase-only,quarterly,East South Central Division,101.84,36944.07,4.216,6.85,0.047,01/04/91,375.3399963
purchase-only,quarterly,East South Central Division,103.27,37741.19,3.042,7.492,-0.792,01/01/92,408.7799988
purchase-only,quarterly,East South Central Division,103.29,37741.19,3.042,7.492,-0.792,01/02/92,412.7000122
purchase-only,quarterly,East South Central Division,104.87,37741.19,3.042,7.492,-0.792,01/03/92,403.6900024
purchase-only,quarterly,East South Central Division,105.89,37741.19,3.042,7.492,-0.792,01/04/92,414.9500122
purchase-only,quarterly,East South Central Division,106.63,38277.58,2.97,6.908,-1.237,01/01/93,438.7799988
purchase-only,quarterly,East South Central Division,108.02,38277.58,2.97,6.908,-1.237,01/02/93,443.3800049
purchase-only,quarterly,East South Central Division,109.46,38277.58,2.97,6.908,-1.237,01/03/93,451.6700134
purchase-only,quarterly,East South Central Division,110.88,38277.58,2.97,6.908,-1.237,01/04/93,440.1900024
purchase-only,quarterly,East South Central Division,112.76,39339.0,2.596,6.1,-1.669,01/01/94,481.6099854
purchase-only,quarterly,East South Central Division,114.3,39339.0,2.596,6.1,-1.669,01/02/94,467.1400146
purchase-only,quarterly,East South Central Division,115.5,39339.0,2.596,6.1,-1.669,01/03/94,445.769989
purchase-only,quarterly,East South Central Division,116.67,39339.0,2.596,6.1,-1.669,01/04/94,450.9100037
purchase-only,quarterly,East South Central Division,117.98,39919.87,2.805,5.592,-1.487,01/01/95,470.4200134
purchase-only,quarterly,East South Central Division,119.11,39919.87,2.805,5.592,-1.487,01/02/95,487.3900146
purchase-only,quarterly,East South Central Division,120.59,39919.87,2.805,5.592,-1.487,01/03/95,500.7099915
purchase-only,quarterly,East South Central Division,122.18,39919.87,2.805,5.592,-1.487,01/04/95,514.710022
purchase-only,quarterly,East South Central Division,122.92,40946.0,2.937,5.408,-1.546,01/01/96,636.0200195
purchase-only,quarterly,East South Central Division,124.44,40946.0,2.937,5.408,-1.546,01/02/96,640.4299927
purchase-only,quarterly,East South Central Division,125.98,40946.0,2.937,5.408,-1.546,01/03/96,645.5
purchase-only,quarterly,East South Central Division,126.93,40946.0,2.937,5.408,-1.546,01/04/96,654.1699829
purchase-only,quarterly,East South Central Division,128.19,42258.86,2.338,4.942,-1.641,01/01/97,786.1599731
purchase-only,quarterly,East South Central Division,128.95,42258.86,2.338,4.942,-1.641,01/02/97,790.8200073
purchase-only,quarterly,East South Central Division,129.8,42258.86,2.338,4.942,-1.641,01/03/97,757.1199951
purchase-only,quarterly,East South Central Division,130.53,42258.86,2.338,4.942,-1.641,01/04/97,801.3400269
purchase-only,quarterly,East South Central Division,132.0,43640.76,1.547,4.5,-2.373,01/01/98,980.2800293
purchase-only,quarterly,East South Central Division,133.63,43640.76,1.547,4.5,-2.373,01/02/98,1049.339966
purchase-only,quarterly,East South Central Division,134.82,43640.76,1.547,4.5,-2.373,01/03/98,1101.75
purchase-only,quarterly,East South Central Division,136.7,43640.76,1.547,4.5,-2.373,01/04/98,1111.75
purchase-only,quarterly,East South Central Division,138.28,45213.48,2.193,4.217,-2.976,01/01/99,1279.640015
purchase-only,quarterly,East South Central Division,139.37,45213.48,2.193,4.217,-2.976,01/02/99,1238.329956
purchase-only,quarterly,East South Central Division,140.76,45213.48,2.193,4.217,-2.976,01/03/99,1286.369995
purchase-only,quarterly,East South Central Division,141.95,45213.48,2.193,4.217,-2.976,01/04/99,1335.180054
purchase-only,quarterly,East South Central Division,143.25,46539.99,3.367,3.967,-3.921,01/01/00,1394.459961
purchase-only,quarterly,East South Central Division,144.41,46539.99,3.367,3.967,-3.921,01/02/00,1366.420044
purchase-only,quarterly,East South Central Division,145.24,46539.99,3.367,3.967,-3.921,01/03/00,1498.579956
purchase-only,quarterly,East South Central Division,145.84,46539.99,3.367,3.967,-3.921,01/04/00,1452.430054
purchase-only,quarterly,East South Central Division,146.93,46503.1,2.817,4.742,-3.724,01/01/01,1366.01001
purchase-only,quarterly,East South Central Division,148.11,46503.1,2.817,4.742,-3.724,01/02/01,1239.939941
purchase-only,quarterly,East South Central Division,149.03,46503.1,2.817,4.742,-3.724,01/03/01,1160.329956
purchase-only,quarterly,East South Central Division,150.62,46503.1,2.817,4.742,-3.724,01/04/01,1249.459961
purchase-only,quarterly,East South Central Division,151.45,46831.46,1.596,5.783,-4.173,01/01/02,1130.199951
purchase-only,quarterly,East South Central Division,152.25,46831.46,1.596,5.783,-4.173,01/02/02,1106.72998
purchase-only,quarterly,East South Central Division,153.76,46831.46,1.596,5.783,-4.173,01/03/02,1147.390015
purchase-only,quarterly,East South Central Division,155.63,46831.46,1.596,5.783,-4.173,01/04/02,1076.920044
purchase-only,quarterly,East South Central Division,157.1,47691.56,2.298,5.992,-4.559,01/01/03,855.7000122
purchase-only,quarterly,East South Central Division,158.52,47691.56,2.298,5.992,-4.559,01/02/03,841.1500244
purchase-only,quarterly,East South Central Division,160.52,47691.56,2.298,5.992,-4.559,01/03/03,848.1799927
purchase-only,quarterly,East South Central Division,161.92,47691.56,2.298,5.992,-4.559,01/04/03,916.9199829
purchase-only,quarterly,East South Central Division,163.72,49080.56,2.668,5.542,-5.205,01/01/04,1131.130005
purchase-only,quarterly,East South Central Division,165.82,49080.56,2.668,5.542,-5.205,01/02/04,1144.939941
purchase-only,quarterly,East South Central Division,168.43,49080.56,2.668,5.542,-5.205,01/03/04,1126.209961
purchase-only,quarterly,East South Central Division,170.3,49080.56,2.668,5.542,-5.205,01/04/04,1107.300049
purchase-only,quarterly,East South Central Division,173.3,50322.52,3.366,5.083,-5.746,01/01/05,1181.27002
purchase-only,quarterly,East South Central Division,175.59,50322.52,3.366,5.083,-5.746,01/02/05,1203.599976
purchase-only,quarterly,East South Central Division,178.94,50322.52,3.366,5.083,-5.746,01/03/05,1180.589966
purchase-only,quarterly,East South Central Division,183.06,50322.52,3.366,5.083,-5.746,01/04/05,1156.849976
purchase-only,quarterly,East South Central Division,186.77,51235.84,3.222,4.608,-5.911,01/01/06,1280.079956
purchase-only,quarterly,East South Central Division,189.32,51235.84,3.222,4.608,-5.911,01/02/06,1280.660034
purchase-only,quarterly,East South Central Division,191.46,51235.84,3.222,4.608,-5.911,01/03/06,1294.869995
purchase-only,quarterly,East South Central Division,193.8,51235.84,3.222,4.608,-5.911,01/04/06,1310.609985
purchase-only,quarterly,East South Central Division,196.4,51751.28,2.871,4.617,-5.089,01/01/07,1438.23999
purchase-only,quarterly,East South Central Division,197.79,51751.28,2.871,4.617,-5.089,01/02/07,1406.819946
purchase-only,quarterly,East South Central Division,197.14,51751.28,2.871,4.617,-5.089,01/03/07,1420.859985
purchase-only,quarterly,East South Central Division,197.13,51751.28,2.871,4.617,-5.089,01/04/07,1482.369995
purchase-only,quarterly,East South Central Division,195.66,51335.91,3.815,5.8,-4.716,01/01/08,1378.550049
purchase-only,quarterly,East South Central Division,194.18,51335.91,3.815,5.8,-4.716,01/02/08,1330.630005
purchase-only,quarterly,East South Central Division,191.61,51335.91,3.815,5.8,-4.716,01/03/08,1322.699951
purchase-only,quarterly,East South Central Division,189.35,51335.91,3.815,5.8,-4.716,01/04/08,1385.589966
purchase-only,quarterly,East South Central Division,188.38,49569.21,-0.32,9.283,-2.623,01/01/09,825.8800049
purchase-only,quarterly,East South Central Division,187.5,49569.21,-0.32,9.283,-2.623,01/02/09,735.0900269
purchase-only,quarterly,East South Central Division,186.13,49569.21,-0.32,9.283,-2.623,01/03/09,797.8699951
purchase-only,quarterly,East South Central Division,186.99,49569.21,-0.32,9.283,-2.623,01/04/09,872.8099976
purchase-only,quarterly,East South Central Division,183.71,50523.5,1.637,9.608,-2.871,01/01/10,1073.869995
purchase-only,quarterly,East South Central Division,182.49,50523.5,1.637,9.608,-2.871,01/02/10,1104.48999
purchase-only,quarterly,East South Central Division,180.85,50523.5,1.637,9.608,-2.871,01/03/10,1169.430054
purchase-only,quarterly,East South Central Division,179.24,50523.5,1.637,9.608,-2.871,01/04/10,1186.689941
purchase-only,quarterly,East South Central Division,176.45,50943.53,3.14,8.933,-2.919,01/01/11,1286.119995
purchase-only,quarterly,East South Central Division,175.32,50943.53,3.14,8.933,-2.919,01/02/11,1327.219971
purchase-only,quarterly,East South Central Division,176.93,50943.53,3.14,8.933,-2.919,01/03/11,1325.829956
purchase-only,quarterly,East South Central Division,176.87,50943.53,3.14,8.933,-2.919,01/04/11,1363.609985
purchase-only,quarterly,East South Central Division,177.14,51736.82,2.073,8.075,-2.573,01/01/12,1312.410034
purchase-only,quarterly,East South Central Division,179.21,51736.82,2.073,8.075,-2.573,01/02/12,1365.680054
purchase-only,quarterly,East South Central Division,179.3,51736.82,2.073,8.075,-2.573,01/03/12,1408.469971
purchase-only,quarterly,East South Central Division,181.36,51736.82,2.073,8.075,-2.573,01/04/12,1397.910034
purchase-only,quarterly,East South Central Division,183.36,52329.15,1.466,7.358,-2.016,01/01/13,1498.109985
purchase-only,quarterly,East South Central Division,185.3,52329.15,1.466,7.358,-2.016,01/02/13,1514.680054
purchase-only,quarterly,East South Central Division,186.12,52329.15,1.466,7.358,-2.016,01/03/13,1569.189941
purchase-only,quarterly,East South Central Division,186.92,52329.15,1.466,7.358,-2.016,01/04/13,1597.569946
purchase-only,quarterly,East South Central Division,188.16,53141.85,1.615,6.158,-2.109,01/01/14,1782.589966
purchase-only,quarterly,East South Central Division,189.49,53141.85,1.615,6.158,-2.109,01/02/14,1859.449951
purchase-only,quarterly,East South Central Division,190.88,53141.85,1.615,6.158,-2.109,01/03/14,1872.339966
purchase-only,quarterly,East South Central Division,192.78,53141.85,1.615,6.158,-2.109,01/04/14,1883.949951
purchase-only,quarterly,East South Central Division,195.39,54187.9,0.121,5.275,-2.244,01/01/15,1994.98999
purchase-only,quarterly,East South Central Division,197.02,54187.9,0.121,5.275,-2.244,01/02/15,2104.5
purchase-only,quarterly,East South Central Division,198.95,54187.9,0.121,5.275,-2.244,01/03/15,2067.889893
purchase-only,quarterly,East South Central Division,201.51,54187.9,0.121,5.275,-2.244,01/04/15,2085.51001
purchase-only,quarterly,East South Central Division,203.81,54700.34,1.267,4.875,-2.119,01/01/16,1940.23999
purchase-only,quarterly,East South Central Division,205.98,54700.34,1.267,4.875,-2.119,01/02/16,1932.22998
purchase-only,quarterly,East South Central Division,209.1,54700.34,1.267,4.875,-2.119,01/03/16,2059.73999
purchase-only,quarterly,East South Central Division,211.56,54700.34,1.267,4.875,-2.119,01/04/16,2065.300049
purchase-only,quarterly,East South Central Division,213.85,55572.58,2.131,4.358,-1.887,01/01/17,2278.870117
purchase-only,quarterly,East South Central Division,217.47,55572.58,2.131,4.358,-1.887,01/02/17,2363.639893
purchase-only,quarterly,East South Central Division,220.72,55572.58,2.131,4.358,-1.887,01/03/17,2362.719971
purchase-only,quarterly,East South Central Division,222.96,55572.58,2.131,4.358,-1.887,01/04/17,2384.199951
purchase-only,quarterly,East South Central Division,226.74,56904.34,2.439,3.892,-2.142,01/01/18,2823.810059
purchase-only,quarterly,East South Central Division,229.39,56904.34,2.439,3.892,-2.142,01/02/18,2713.830078
purchase-only,quarterly,East South Central Division,232.43,56904.34,2.439,3.892,-2.142,01/03/18,2640.870117
purchase-only,quarterly,East South Central Division,236.22,56904.34,2.439,3.892,-2.142,01/04/18,2648.050049
purchase-only,quarterly,East South Central Division,238.97,57940.11,1.813,3.683,-2.066,01/01/19,2704.100098
purchase-only,quarterly,East South Central Division,242.67,57940.11,1.813,3.683,-2.066,01/02/19,2784.48999
purchase-only,quarterly,East South Central Division,245.75,57940.11,1.813,3.683,-2.066,01/03/19,2834.399902
purchase-only,quarterly,East South Central Division,249.52,57940.11,1.813,3.683,-2.066,01/04/19,2945.830078
purchase-only,quarterly,East South Central Division,254.78,55875.47,1.251,8.092,-2.835,01/01/20,3225.52002
purchase-only,quarterly,East South Central Division,257.74,55875.47,1.251,8.092,-2.835,01/02/20,2954.219971
purchase-only,quarterly,East South Central Division,266.69,55875.47,1.251,8.092,-2.835,01/03/20,2584.590088
purchase-only,quarterly,East South Central Division,277.47,55875.47,1.251,8.092,-2.835,01/04/20,2912.429932
purchase-only,quarterly,East South Central Division,286.17,59009.85,4.683,5.367,-3.566,01/01/21,3714.23999
purchase-only,quarterly,East South Central Division,300.51,59009.85,4.683,5.367,-3.566,01/02/21,3811.149902
purchase-only,quarterly,East South Central Division,315.29,59009.85,4.683,5.367,-3.566,01/03/21,3972.889893
purchase-only,quarterly,East South Central Division,329.56,59009.85,4.683,5.367,-3.566,01/04/21,4181.169922
purchase-only,quarterly,East South Central Division,343.35,60007.14,7.986,3.642,-3.816,01/01/22,4515.549805
purchase-only,quarterly,East South Central Division,355.93,60007.14,7.986,3.642,-3.816,01/02/22,4373.939941
purchase-only,quarterly,East South Central Division,360.45,60007.14,7.986,3.642,-3.816,01/03/22,4530.410156
purchase-only,quarterly,East South Central Division,363.7,60007.14,7.986,3.642,-3.816,01/04/22,4131.930176
purchase-only,quarterly,East South Central Division,369.27,60963.65,4.084,3.569,-2.951,01/01/23,4076.600098
purchase-only,quarterly,East South Central Division,372.82,60963.65,4.084,3.569,-2.951,01/02/23,3970.149902
purchase-only,quarterly,East South Central Division,379.18,60963.65,4.084,3.569,-2.951,01/03/23,4109.310059
purchase-only,quarterly,Middle Atlantic Division,100.0,36944.07,4.216,6.85,0.047,01/01/91,343.9299927
purchase-only,quarterly,Middle Atlantic Division,99.35,36944.07,4.216,6.85,0.047,01/02/91,367.0700073
purchase-only,quarterly,Middle Atlantic Division,99.45,36944.07,4.216,6.85,0.047,01/03/91,375.2200012
purchase-only,quarterly,Middle Atlantic Division,100.32,36944.07,4.216,6.85,0.047,01/04/91,375.3399963
purchase-only,quarterly,Middle Atlantic Division,101.42,37741.19,3.042,7.492,-0.792,01/01/92,408.7799988
purchase-only,quarterly,Middle Atlantic Division,100.81,37741.19,3.042,7.492,-0.792,01/02/92,412.7000122
purchase-only,quarterly,Middle Atlantic Division,101.01,37741.19,3.042,7.492,-0.792,01/03/92,403.6900024
purchase-only,quarterly,Middle Atlantic Division,102.07,37741.19,3.042,7.492,-0.792,01/04/92,414.9500122
purchase-only,quarterly,Middle Atlantic Division,100.95,38277.58,2.97,6.908,-1.237,01/01/93,438.7799988
purchase-only,quarterly,Middle Atlantic Division,101.87,38277.58,2.97,6.908,-1.237,01/02/93,443.3800049
purchase-only,quarterly,Middle Atlantic Division,101.62,38277.58,2.97,6.908,-1.237,01/03/93,451.6700134
purchase-only,quarterly,Middle Atlantic Division,102.1,38277.58,2.97,6.908,-1.237,01/04/93,440.1900024
purchase-only,quarterly,Middle Atlantic Division,102.07,39339.0,2.596,6.1,-1.669,01/01/94,481.6099854
purchase-only,quarterly,Middle Atlantic Division,102.02,39339.0,2.596,6.1,-1.669,01/02/94,467.1400146
purchase-only,quarterly,Middle Atlantic Division,101.99,39339.0,2.596,6.1,-1.669,01/03/94,445.769989
purchase-only,quarterly,Middle Atlantic Division,101.31,39339.0,2.596,6.1,-1.669,01/04/94,450.9100037
purchase-only,quarterly,Middle Atlantic Division,101.07,39919.87,2.805,5.592,-1.487,01/01/95,470.4200134
purchase-only,quarterly,Middle Atlantic Division,101.45,39919.87,2.805,5.592,-1.487,01/02/95,487.3900146
purchase-only,quarterly,Middle Atlantic Division,101.76,39919.87,2.805,5.592,-1.487,01/03/95,500.7099915
purchase-only,quarterly,Middle Atlantic Division,101.46,39919.87,2.805,5.592,-1.487,01/04/95,514.710022
purchase-only,quarterly,Middle Atlantic Division,102.25,40946.0,2.937,5.408,-1.546,01/01/96,636.0200195
purchase-only,quarterly,Middle Atlantic Division,102.22,40946.0,2.937,5.408,-1.546,01/02/96,640.4299927
purchase-only,quarterly,Middle Atlantic Division,102.32,40946.0,2.937,5.408,-1.546,01/03/96,645.5
purchase-only,quarterly,Middle Atlantic Division,102.32,40946.0,2.937,5.408,-1.546,01/04/96,654.1699829
purchase-only,quarterly,Middle Atlantic Division,102.73,42258.86,2.338,4.942,-1.641,01/01/97,786.1599731
purchase-only,quarterly,Middle Atlantic Division,103.23,42258.86,2.338,4.942,-1.641,01/02/97,790.8200073
purchase-only,quarterly,Middle Atlantic Division,103.47,42258.86,2.338,4.942,-1.641,01/03/97,757.1199951
purchase-only,quarterly,Middle Atlantic Division,104.38,42258.86,2.338,4.942,-1.641,01/04/97,801.3400269
purchase-only,quarterly,Middle Atlantic Division,105.25,43640.76,1.547,4.5,-2.373,01/01/98,980.2800293
purchase-only,quarterly,Middle Atlantic Division,106.68,43640.76,1.547,4.5,-2.373,01/02/98,1049.339966
purchase-only,quarterly,Middle Atlantic Division,107.93,43640.76,1.547,4.5,-2.373,01/03/98,1101.75
purchase-only,quarterly,Middle Atlantic Division,109.43,43640.76,1.547,4.5,-2.373,01/04/98,1111.75
purchase-only,quarterly,Middle Atlantic Division,110.91,45213.48,2.193,4.217,-2.976,01/01/99,1279.640015
purchase-only,quarterly,Middle Atlantic Division,112.88,45213.48,2.193,4.217,-2.976,01/02/99,1238.329956
purchase-only,quarterly,Middle Atlantic Division,115.01,45213.48,2.193,4.217,-2.976,01/03/99,1286.369995
purchase-only,quarterly,Middle Atlantic Division,116.86,45213.48,2.193,4.217,-2.976,01/04/99,1335.180054
purchase-only,quarterly,Middle Atlantic Division,119.27,46539.99,3.367,3.967,-3.921,01/01/00,1394.459961
purchase-only,quarterly,Middle Atlantic Division,121.41,46539.99,3.367,3.967,-3.921,01/02/00,1366.420044
purchase-only,quarterly,Middle Atlantic Division,123.71,46539.99,3.367,3.967,-3.921,01/03/00,1498.579956
purchase-only,quarterly,Middle Atlantic Division,126.61,46539.99,3.367,3.967,-3.921,01/04/00,1452.430054
purchase-only,quarterly,Middle Atlantic Division,129.3,46503.1,2.817,4.742,-3.724,01/01/01,1366.01001
purchase-only,quarterly,Middle Atlantic Division,132.08,46503.1,2.817,4.742,-3.724,01/02/01,1239.939941
purchase-only,quarterly,Middle Atlantic Division,135.4,46503.1,2.817,4.742,-3.724,01/03/01,1160.329956
purchase-only,quarterly,Middle Atlantic Division,138.47,46503.1,2.817,4.742,-3.724,01/04/01,1249.459961
purchase-only,quarterly,Middle Atlantic Division,142.04,46831.46,1.596,5.783,-4.173,01/01/02,1130.199951
purchase-only,quarterly,Middle Atlantic Division,145.98,46831.46,1.596,5.783,-4.173,01/02/02,1106.72998
purchase-only,quarterly,Middle Atlantic Division,150.29,46831.46,1.596,5.783,-4.173,01/03/02,1147.390015
purchase-only,quarterly,Middle Atlantic Division,154.54,46831.46,1.596,5.783,-4.173,01/04/02,1076.920044
purchase-only,quarterly,Middle Atlantic Division,158.99,47691.56,2.298,5.992,-4.559,01/01/03,855.7000122
purchase-only,quarterly,Middle Atlantic Division,162.42,47691.56,2.298,5.992,-4.559,01/02/03,841.1500244
purchase-only,quarterly,Middle Atlantic Division,167.0,47691.56,2.298,5.992,-4.559,01/03/03,848.1799927
purchase-only,quarterly,Middle Atlantic Division,171.44,47691.56,2.298,5.992,-4.559,01/04/03,916.9199829
purchase-only,quarterly,Middle Atlantic Division,176.34,49080.56,2.668,5.542,-5.205,01/01/04,1131.130005
purchase-only,quarterly,Middle Atlantic Division,181.6,49080.56,2.668,5.542,-5.205,01/02/04,1144.939941
purchase-only,quarterly,Middle Atlantic Division,186.16,49080.56,2.668,5.542,-5.205,01/03/04,1126.209961
purchase-only,quarterly,Middle Atlantic Division,192.3,49080.56,2.668,5.542,-5.205,01/04/04,1107.300049
purchase-only,quarterly,Middle Atlantic Division,196.6,50322.52,3.366,5.083,-5.746,01/01/05,1181.27002
purchase-only,quarterly,Middle Atlantic Division,201.15,50322.52,3.366,5.083,-5.746,01/02/05,1203.599976
purchase-only,quarterly,Middle Atlantic Division,207.95,50322.52,3.366,5.083,-5.746,01/03/05,1180.589966
purchase-only,quarterly,Middle Atlantic Division,211.53,50322.52,3.366,5.083,-5.746,01/04/05,1156.849976
purchase-only,quarterly,Middle Atlantic Division,214.67,51235.84,3.222,4.608,-5.911,01/01/06,1280.079956
purchase-only,quarterly,Middle Atlantic Division,216.0,51235.84,3.222,4.608,-5.911,01/02/06,1280.660034
purchase-only,quarterly,Middle Atlantic Division,215.97,51235.84,3.222,4.608,-5.911,01/03/06,1294.869995
purchase-only,quarterly,Middle Atlantic Division,216.38,51235.84,3.222,4.608,-5.911,01/04/06,1310.609985
purchase-only,quarterly,Middle Atlantic Division,217.37,51751.28,2.871,4.617,-5.089,01/01/07,1438.23999
purchase-only,quarterly,Middle Atlantic Division,218.64,51751.28,2.871,4.617,-5.089,01/02/07,1406.819946
purchase-only,quarterly,Middle Atlantic Division,216.93,51751.28,2.871,4.617,-5.089,01/03/07,1420.859985
purchase-only,quarterly,Middle Atlantic Division,216.11,51751.28,2.871,4.617,-5.089,01/04/07,1482.369995
purchase-only,quarterly,Middle Atlantic Division,214.09,51335.91,3.815,5.8,-4.716,01/01/08,1378.550049
purchase-only,quarterly,Middle Atlantic Division,210.71,51335.91,3.815,5.8,-4.716,01/02/08,1330.630005
purchase-only,quarterly,Middle Atlantic Division,208.51,51335.91,3.815,5.8,-4.716,01/03/08,1322.699951
purchase-only,quarterly,Middle Atlantic Division,204.61,51335.91,3.815,5.8,-4.716,01/04/08,1385.589966
purchase-only,quarterly,Middle Atlantic Division,203.13,49569.21,-0.32,9.283,-2.623,01/01/09,825.8800049
purchase-only,quarterly,Middle Atlantic Division,200.79,49569.21,-0.32,9.283,-2.623,01/02/09,735.0900269
purchase-only,quarterly,Middle Atlantic Division,199.99,49569.21,-0.32,9.283,-2.623,01/03/09,797.8699951
purchase-only,quarterly,Middle Atlantic Division,200.68,49569.21,-0.32,9.283,-2.623,01/04/09,872.8099976
purchase-only,quarterly,Middle Atlantic Division,200.76,50523.5,1.637,9.608,-2.871,01/01/10,1073.869995
purchase-only,quarterly,Middle Atlantic Division,198.99,50523.5,1.637,9.608,-2.871,01/02/10,1104.48999
purchase-only,quarterly,Middle Atlantic Division,196.76,50523.5,1.637,9.608,-2.871,01/03/10,1169.430054
purchase-only,quarterly,Middle Atlantic Division,196.95,50523.5,1.637,9.608,-2.871,01/04/10,1186.689941
purchase-only,quarterly,Middle Atlantic Division,193.59,50943.53,3.14,8.933,-2.919,01/01/11,1286.119995
purchase-only,quarterly,Middle Atlantic Division,192.36,50943.53,3.14,8.933,-2.919,01/02/11,1327.219971
purchase-only,quarterly,Middle Atlantic Division,191.56,50943.53,3.14,8.933,-2.919,01/03/11,1325.829956
purchase-only,quarterly,Middle Atlantic Division,189.41,50943.53,3.14,8.933,-2.919,01/04/11,1363.609985
purchase-only,quarterly,Middle Atlantic Division,189.94,51736.82,2.073,8.075,-2.573,01/01/12,1312.410034
purchase-only,quarterly,Middle Atlantic Division,190.4,51736.82,2.073,8.075,-2.573,01/02/12,1365.680054
purchase-only,quarterly,Middle Atlantic Division,190.71,51736.82,2.073,8.075,-2.573,01/03/12,1408.469971
purchase-only,quarterly,Middle Atlantic Division,191.57,51736.82,2.073,8.075,-2.573,01/04/12,1397.910034
purchase-only,quarterly,Middle Atlantic Division,192.96,52329.15,1.466,7.358,-2.016,01/01/13,1498.109985
purchase-only,quarterly,Middle Atlantic Division,194.77,52329.15,1.466,7.358,-2.016,01/02/13,1514.680054
purchase-only,quarterly,Middle Atlantic Division,196.09,52329.15,1.466,7.358,-2.016,01/03/13,1569.189941
purchase-only,quarterly,Middle Atlantic Division,196.58,52329.15,1.466,7.358,-2.016,01/04/13,1597.569946
purchase-only,quarterly,Middle Atlantic Division,196.74,53141.85,1.615,6.158,-2.109,01/01/14,1782.589966
purchase-only,quarterly,Middle Atlantic Division,198.16,53141.85,1.615,6.158,-2.109,01/02/14,1859.449951
purchase-only,quarterly,Middle Atlantic Division,198.52,53141.85,1.615,6.158,-2.109,01/03/14,1872.339966
purchase-only,quarterly,Middle Atlantic Division,200.14,53141.85,1.615,6.158,-2.109,01/04/14,1883.949951
purchase-only,quarterly,Middle Atlantic Division,201.07,54187.9,0.121,5.275,-2.244,01/01/15,1994.98999
purchase-only,quarterly,Middle Atlantic Division,202.2,54187.9,0.121,5.275,-2.244,01/02/15,2104.5
purchase-only,quarterly,Middle Atlantic Division,204.08,54187.9,0.121,5.275,-2.244,01/03/15,2067.889893
purchase-only,quarterly,Middle Atlantic Division,204.85,54187.9,0.121,5.275,-2.244,01/04/15,2085.51001
purchase-only,quarterly,Middle Atlantic Division,206.17,54700.34,1.267,4.875,-2.119,01/01/16,1940.23999
purchase-only,quarterly,Middle Atlantic Division,209.1,54700.34,1.267,4.875,-2.119,01/02/16,1932.22998
purchase-only,quarterly,Middle Atlantic Division,210.87,54700.34,1.267,4.875,-2.119,01/03/16,2059.73999
purchase-only,quarterly,Middle Atlantic Division,213.22,54700.34,1.267,4.875,-2.119,01/04/16,2065.300049
purchase-only,quarterly,Middle Atlantic Division,214.56,55572.58,2.131,4.358,-1.887,01/01/17,2278.870117
purchase-only,quarterly,Middle Atlantic Division,217.55,55572.58,2.131,4.358,-1.887,01/02/17,2363.639893
purchase-only,quarterly,Middle Atlantic Division,221.26,55572.58,2.131,4.358,-1.887,01/03/17,2362.719971
purchase-only,quarterly,Middle Atlantic Division,223.09,55572.58,2.131,4.358,-1.887,01/04/17,2384.199951
purchase-only,quarterly,Middle Atlantic Division,227.15,56904.34,2.439,3.892,-2.142,01/01/18,2823.810059
purchase-only,quarterly,Middle Atlantic Division,228.88,56904.34,2.439,3.892,-2.142,01/02/18,2713.830078
purchase-only,quarterly,Middle Atlantic Division,231.35,56904.34,2.439,3.892,-2.142,01/03/18,2640.870117
purchase-only,quarterly,Middle Atlantic Division,233.36,56904.34,2.439,3.892,-2.142,01/04/18,2648.050049
purchase-only,quarterly,Middle Atlantic Division,236.14,57940.11,1.813,3.683,-2.066,01/01/19,2704.100098
purchase-only,quarterly,Middle Atlantic Division,237.89,57940.11,1.813,3.683,-2.066,01/02/19,2784.48999
purchase-only,quarterly,Middle Atlantic Division,240.71,57940.11,1.813,3.683,-2.066,01/03/19,2834.399902
purchase-only,quarterly,Middle Atlantic Division,244.49,57940.11,1.813,3.683,-2.066,01/04/19,2945.830078
purchase-only,quarterly,Middle Atlantic Division,249.44,55875.47,1.251,8.092,-2.835,01/01/20,3225.52002
purchase-only,quarterly,Middle Atlantic Division,249.93,55875.47,1.251,8.092,-2.835,01/02/20,2954.219971
purchase-only,quarterly,Middle Atlantic Division,260.18,55875.47,1.251,8.092,-2.835,01/03/20,2584.590088
purchase-only,quarterly,Middle Atlantic Division,272.02,55875.47,1.251,8.092,-2.835,01/04/20,2912.429932
purchase-only,quarterly,Middle Atlantic Division,281.44,59009.85,4.683,5.367,-3.566,01/01/21,3714.23999
purchase-only,quarterly,Middle Atlantic Division,292.02,59009.85,4.683,5.367,-3.566,01/02/21,3811.149902
purchase-only,quarterly,Middle Atlantic Division,301.02,59009.85,4.683,5.367,-3.566,01/03/21,3972.889893
purchase-only,quarterly,Middle Atlantic Division,309.98,59009.85,4.683,5.367,-3.566,01/04/21,4181.169922
purchase-only,quarterly,Middle Atlantic Division,322.98,60007.14,7.986,3.642,-3.816,01/01/22,4515.549805
purchase-only,quarterly,Middle Atlantic Division,332.57,60007.14,7.986,3.642,-3.816,01/02/22,4373.939941
purchase-only,quarterly,Middle Atlantic Division,333.46,60007.14,7.986,3.642,-3.816,01/03/22,4530.410156
purchase-only,quarterly,Middle Atlantic Division,336.68,60007.14,7.986,3.642,-3.816,01/04/22,4131.930176
purchase-only,quarterly,Middle Atlantic Division,340.63,60963.65,4.084,3.569,-2.951,01/01/23,4076.600098
purchase-only,quarterly,Middle Atlantic Division,349.91,60963.65,4.084,3.569,-2.951,01/02/23,3970.149902
purchase-only,quarterly,Middle Atlantic Division,360.28,60963.65,4.084,3.569,-2.951,01/03/23,4109.310059
purchase-only,quarterly,Mountain Division,100.0,36944.07,4.216,6.85,0.047,01/01/91,343.9299927
purchase-only,quarterly,Mountain Division,100.67,36944.07,4.216,6.85,0.047,01/02/91,367.0700073
purchase-only,quarterly,Mountain Division,101.23,36944.07,4.216,6.85,0.047,01/03/91,375.2200012
purchase-only,quarterly,Mountain Division,103.19,36944.07,4.216,6.85,0.047,01/04/91,375.3399963
purchase-only,quarterly,Mountain Division,105.22,37741.19,3.042,7.492,-0.792,01/01/92,408.7799988
purchase-only,quarterly,Mountain Division,106.1,37741.19,3.042,7.492,-0.792,01/02/92,412.7000122
purchase-only,quarterly,Mountain Division,107.76,37741.19,3.042,7.492,-0.792,01/03/92,403.6900024
purchase-only,quarterly,Mountain Division,110.14,37741.19,3.042,7.492,-0.792,01/04/92,414.9500122
purchase-only,quarterly,Mountain Division,112.04,38277.58,2.97,6.908,-1.237,01/01/93,438.7799988
purchase-only,quarterly,Mountain Division,114.55,38277.58,2.97,6.908,-1.237,01/02/93,443.3800049
purchase-only,quarterly,Mountain Division,117.6,38277.58,2.97,6.908,-1.237,01/03/93,451.6700134
purchase-only,quarterly,Mountain Division,120.65,38277.58,2.97,6.908,-1.237,01/04/93,440.1900024
purchase-only,quarterly,Mountain Division,123.66,39339.0,2.596,6.1,-1.669,01/01/94,481.6099854
purchase-only,quarterly,Mountain Division,126.71,39339.0,2.596,6.1,-1.669,01/02/94,467.1400146
purchase-only,quarterly,Mountain Division,128.98,39339.0,2.596,6.1,-1.669,01/03/94,445.769989
purchase-only,quarterly,Mountain Division,130.94,39339.0,2.596,6.1,-1.669,01/04/94,450.9100037
purchase-only,quarterly,Mountain Division,132.45,39919.87,2.805,5.592,-1.487,01/01/95,470.4200134
purchase-only,quarterly,Mountain Division,134.16,39919.87,2.805,5.592,-1.487,01/02/95,487.3900146
purchase-only,quarterly,Mountain Division,136.19,39919.87,2.805,5.592,-1.487,01/03/95,500.7099915
purchase-only,quarterly,Mountain Division,137.38,39919.87,2.805,5.592,-1.487,01/04/95,514.710022
purchase-only,quarterly,Mountain Division,139.12,40946.0,2.937,5.408,-1.546,01/01/96,636.0200195
purchase-only,quarterly,Mountain Division,140.51,40946.0,2.937,5.408,-1.546,01/02/96,640.4299927
purchase-only,quarterly,Mountain Division,141.64,40946.0,2.937,5.408,-1.546,01/03/96,645.5
purchase-only,quarterly,Mountain Division,142.61,40946.0,2.937,5.408,-1.546,01/04/96,654.1699829
purchase-only,quarterly,Mountain Division,143.85,42258.86,2.338,4.942,-1.641,01/01/97,786.1599731
purchase-only,quarterly,Mountain Division,144.89,42258.86,2.338,4.942,-1.641,01/02/97,790.8200073
purchase-only,quarterly,Mountain Division,145.83,42258.86,2.338,4.942,-1.641,01/03/97,757.1199951
purchase-only,quarterly,Mountain Division,147.06,42258.86,2.338,4.942,-1.641,01/04/97,801.3400269
purchase-only,quarterly,Mountain Division,148.52,43640.76,1.547,4.5,-2.373,01/01/98,980.2800293
purchase-only,quarterly,Mountain Division,150.24,43640.76,1.547,4.5,-2.373,01/02/98,1049.339966
purchase-only,quarterly,Mountain Division,151.77,43640.76,1.547,4.5,-2.373,01/03/98,1101.75
purchase-only,quarterly,Mountain Division,153.9,43640.76,1.547,4.5,-2.373,01/04/98,1111.75
purchase-only,quarterly,Mountain Division,155.93,45213.48,2.193,4.217,-2.976,01/01/99,1279.640015
purchase-only,quarterly,Mountain Division,157.84,45213.48,2.193,4.217,-2.976,01/02/99,1238.329956
purchase-only,quarterly,Mountain Division,160.41,45213.48,2.193,4.217,-2.976,01/03/99,1286.369995
purchase-only,quarterly,Mountain Division,162.51,45213.48,2.193,4.217,-2.976,01/04/99,1335.180054
purchase-only,quarterly,Mountain Division,164.68,46539.99,3.367,3.967,-3.921,01/01/00,1394.459961
purchase-only,quarterly,Mountain Division,166.83,46539.99,3.367,3.967,-3.921,01/02/00,1366.420044
purchase-only,quarterly,Mountain Division,168.85,46539.99,3.367,3.967,-3.921,01/03/00,1498.579956
purchase-only,quarterly,Mountain Division,171.35,46539.99,3.367,3.967,-3.921,01/04/00,1452.430054
purchase-only,quarterly,Mountain Division,174.67,46503.1,2.817,4.742,-3.724,01/01/01,1366.01001
purchase-only,quarterly,Mountain Division,176.87,46503.1,2.817,4.742,-3.724,01/02/01,1239.939941
purchase-only,quarterly,Mountain Division,178.33,46503.1,2.817,4.742,-3.724,01/03/01,1160.329956
purchase-only,quarterly,Mountain Division,180.53,46503.1,2.817,4.742,-3.724,01/04/01,1249.459961
purchase-only,quarterly,Mountain Division,182.65,46831.46,1.596,5.783,-4.173,01/01/02,1130.199951
purchase-only,quarterly,Mountain Division,184.61,46831.46,1.596,5.783,-4.173,01/02/02,1106.72998
purchase-only,quarterly,Mountain Division,187.17,46831.46,1.596,5.783,-4.173,01/03/02,1147.390015
purchase-only,quarterly,Mountain Division,190.42,46831.46,1.596,5.783,-4.173,01/04/02,1076.920044
purchase-only,quarterly,Mountain Division,192.69,47691.56,2.298,5.992,-4.559,01/01/03,855.7000122
purchase-only,quarterly,Mountain Division,195.31,47691.56,2.298,5.992,-4.559,01/02/03,841.1500244
purchase-only,quarterly,Mountain Division,198.97,47691.56,2.298,5.992,-4.559,01/03/03,848.1799927
purchase-only,quarterly,Mountain Division,203.38,47691.56,2.298,5.992,-4.559,01/04/03,916.9199829
purchase-only,quarterly,Mountain Division,208.45,49080.56,2.668,5.542,-5.205,01/01/04,1131.130005
purchase-only,quarterly,Mountain Division,215.27,49080.56,2.668,5.542,-5.205,01/02/04,1144.939941
purchase-only,quarterly,Mountain Division,222.58,49080.56,2.668,5.542,-5.205,01/03/04,1126.209961
purchase-only,quarterly,Mountain Division,229.45,49080.56,2.668,5.542,-5.205,01/04/04,1107.300049
purchase-only,quarterly,Mountain Division,238.71,50322.52,3.366,5.083,-5.746,01/01/05,1181.27002
purchase-only,quarterly,Mountain Division,249.85,50322.52,3.366,5.083,-5.746,01/02/05,1203.599976
purchase-only,quarterly,Mountain Division,260.25,50322.52,3.366,5.083,-5.746,01/03/05,1180.589966
purchase-only,quarterly,Mountain Division,270.33,50322.52,3.366,5.083,-5.746,01/04/05,1156.849976
purchase-only,quarterly,Mountain Division,277.67,51235.84,3.222,4.608,-5.911,01/01/06,1280.079956
purchase-only,quarterly,Mountain Division,281.82,51235.84,3.222,4.608,-5.911,01/02/06,1280.660034
purchase-only,quarterly,Mountain Division,283.06,51235.84,3.222,4.608,-5.911,01/03/06,1294.869995
purchase-only,quarterly,Mountain Division,288.66,51235.84,3.222,4.608,-5.911,01/04/06,1310.609985
purchase-only,quarterly,Mountain Division,289.42,51751.28,2.871,4.617,-5.089,01/01/07,1438.23999
purchase-only,quarterly,Mountain Division,289.49,51751.28,2.871,4.617,-5.089,01/02/07,1406.819946
purchase-only,quarterly,Mountain Division,285.79,51751.28,2.871,4.617,-5.089,01/03/07,1420.859985
purchase-only,quarterly,Mountain Division,278.44,51751.28,2.871,4.617,-5.089,01/04/07,1482.369995
purchase-only,quarterly,Mountain Division,271.41,51335.91,3.815,5.8,-4.716,01/01/08,1378.550049
purchase-only,quarterly,Mountain Division,261.62,51335.91,3.815,5.8,-4.716,01/02/08,1330.630005
purchase-only,quarterly,Mountain Division,251.21,51335.91,3.815,5.8,-4.716,01/03/08,1322.699951
purchase-only,quarterly,Mountain Division,239.36,51335.91,3.815,5.8,-4.716,01/04/08,1385.589966
purchase-only,quarterly,Mountain Division,234.27,49569.21,-0.32,9.283,-2.623,01/01/09,825.8800049
purchase-only,quarterly,Mountain Division,227.19,49569.21,-0.32,9.283,-2.623,01/02/09,735.0900269
purchase-only,quarterly,Mountain Division,223.5,49569.21,-0.32,9.283,-2.623,01/03/09,797.8699951
purchase-only,quarterly,Mountain Division,221.73,49569.21,-0.32,9.283,-2.623,01/04/09,872.8099976
purchase-only,quarterly,Mountain Division,218.35,50523.5,1.637,9.608,-2.871,01/01/10,1073.869995
purchase-only,quarterly,Mountain Division,214.59,50523.5,1.637,9.608,-2.871,01/02/10,1104.48999
purchase-only,quarterly,Mountain Division,208.99,50523.5,1.637,9.608,-2.871,01/03/10,1169.430054
purchase-only,quarterly,Mountain Division,205.25,50523.5,1.637,9.608,-2.871,01/04/10,1186.689941
purchase-only,quarterly,Mountain Division,198.98,50943.53,3.14,8.933,-2.919,01/01/11,1286.119995
purchase-only,quarterly,Mountain Division,195.09,50943.53,3.14,8.933,-2.919,01/02/11,1327.219971
purchase-only,quarterly,Mountain Division,196.29,50943.53,3.14,8.933,-2.919,01/03/11,1325.829956
purchase-only,quarterly,Mountain Division,197.46,50943.53,3.14,8.933,-2.919,01/04/11,1363.609985
purchase-only,quarterly,Mountain Division,200.84,51736.82,2.073,8.075,-2.573,01/01/12,1312.410034
purchase-only,quarterly,Mountain Division,209.39,51736.82,2.073,8.075,-2.573,01/02/12,1365.680054
purchase-only,quarterly,Mountain Division,215.67,51736.82,2.073,8.075,-2.573,01/03/12,1408.469971
purchase-only,quarterly,Mountain Division,220.87,51736.82,2.073,8.075,-2.573,01/04/12,1397.910034
purchase-only,quarterly,Mountain Division,227.15,52329.15,1.466,7.358,-2.016,01/01/13,1498.109985
purchase-only,quarterly,Mountain Division,234.83,52329.15,1.466,7.358,-2.016,01/02/13,1514.680054
purchase-only,quarterly,Mountain Division,239.84,52329.15,1.466,7.358,-2.016,01/03/13,1569.189941
purchase-only,quarterly,Mountain Division,244.06,52329.15,1.466,7.358,-2.016,01/04/13,1597.569946
purchase-only,quarterly,Mountain Division,247.6,53141.85,1.615,6.158,-2.109,01/01/14,1782.589966
purchase-only,quarterly,Mountain Division,250.27,53141.85,1.615,6.158,-2.109,01/02/14,1859.449951
purchase-only,quarterly,Mountain Division,253.09,53141.85,1.615,6.158,-2.109,01/03/14,1872.339966
purchase-only,quarterly,Mountain Division,258.02,53141.85,1.615,6.158,-2.109,01/04/14,1883.949951
purchase-only,quarterly,Mountain Division,263.65,54187.9,0.121,5.275,-2.244,01/01/15,1994.98999
purchase-only,quarterly,Mountain Division,267.74,54187.9,0.121,5.275,-2.244,01/02/15,2104.5
purchase-only,quarterly,Mountain Division,273.91,54187.9,0.121,5.275,-2.244,01/03/15,2067.889893
purchase-only,quarterly,Mountain Division,278.18,54187.9,0.121,5.275,-2.244,01/04/15,2085.51001
purchase-only,quarterly,Mountain Division,283.26,54700.34,1.267,4.875,-2.119,01/01/16,1940.23999
purchase-only,quarterly,Mountain Division,288.7,54700.34,1.267,4.875,-2.119,01/02/16,1932.22998
purchase-only,quarterly,Mountain Division,293.09,54700.34,1.267,4.875,-2.119,01/03/16,2059.73999
purchase-only,quarterly,Mountain Division,299.99,54700.34,1.267,4.875,-2.119,01/04/16,2065.300049
purchase-only,quarterly,Mountain Division,305.27,55572.58,2.131,4.358,-1.887,01/01/17,2278.870117
purchase-only,quarterly,Mountain Division,311.51,55572.58,2.131,4.358,-1.887,01/02/17,2363.639893
purchase-only,quarterly,Mountain Division,317.83,55572.58,2.131,4.358,-1.887,01/03/17,2362.719971
purchase-only,quarterly,Mountain Division,325.53,55572.58,2.131,4.358,-1.887,01/04/17,2384.199951
purchase-only,quarterly,Mountain Division,333.77,56904.34,2.439,3.892,-2.142,01/01/18,2823.810059
purchase-only,quarterly,Mountain Division,339.93,56904.34,2.439,3.892,-2.142,01/02/18,2713.830078
purchase-only,quarterly,Mountain Division,345.88,56904.34,2.439,3.892,-2.142,01/03/18,2640.870117
purchase-only,quarterly,Mountain Division,351.76,56904.34,2.439,3.892,-2.142,01/04/18,2648.050049
purchase-only,quarterly,Mountain Division,356.21,57940.11,1.813,3.683,-2.066,01/01/19,2704.100098
purchase-only,quarterly,Mountain Division,362.94,57940.11,1.813,3.683,-2.066,01/02/19,2784.48999
purchase-only,quarterly,Mountain Division,369.3,57940.11,1.813,3.683,-2.066,01/03/19,2834.399902
purchase-only,quarterly,Mountain Division,377.36,57940.11,1.813,3.683,-2.066,01/04/19,2945.830078
purchase-only,quarterly,Mountain Division,387.33,55875.47,1.251,8.092,-2.835,01/01/20,3225.52002
purchase-only,quarterly,Mountain Division,389.57,55875.47,1.251,8.092,-2.835,01/02/20,2954.219971
purchase-only,quarterly,Mountain Division,406.48,55875.47,1.251,8.092,-2.835,01/03/20,2584.590088
purchase-only,quarterly,Mountain Division,428.39,55875.47,1.251,8.092,-2.835,01/04/20,2912.429932
purchase-only,quarterly,Mountain Division,449.21,59009.85,4.683,5.367,-3.566,01/01/21,3714.23999
purchase-only,quarterly,Mountain Division,477.65,59009.85,4.683,5.367,-3.566,01/02/21,3811.149902
purchase-only,quarterly,Mountain Division,507.27,59009.85,4.683,5.367,-3.566,01/03/21,3972.889893
purchase-only,quarterly,Mountain Division,528.55,59009.85,4.683,5.367,-3.566,01/04/21,4181.169922
purchase-only,quarterly,Mountain Division,557.22,60007.14,7.986,3.642,-3.816,01/01/22,4515.549805
purchase-only,quarterly,Mountain Division,577.29,60007.14,7.986,3.642,-3.816,01/02/22,4373.939941
purchase-only,quarterly,Mountain Division,563.92,60007.14,7.986,3.642,-3.816,01/03/22,4530.410156
purchase-only,quarterly,Mountain Division,560.5,60007.14,7.986,3.642,-3.816,01/04/22,4131.930176
purchase-only,quarterly,Mountain Division,558.23,60963.65,4.084,3.569,-2.951,01/01/23,4076.600098
purchase-only,quarterly,Mountain Division,565.23,60963.65,4.084,3.569,-2.951,01/02/23,3970.149902
purchase-only,quarterly,Mountain Division,575.58,60963.65,4.084,3.569,-2.951,01/03/23,4109.310059
purchase-only,quarterly,New England Division,100.0,36944.07,4.216,6.85,0.047,01/01/91,343.9299927
purchase-only,quarterly,New England Division,98.56,36944.07,4.216,6.85,0.047,01/02/91,367.0700073
purchase-only,quarterly,New England Division,97.39,36944.07,4.216,6.85,0.047,01/03/91,375.2200012
purchase-only,quarterly,New England Division,97.36,36944.07,4.216,6.85,0.047,01/04/91,375.3399963
purchase-only,quarterly,New England Division,98.45,37741.19,3.042,7.492,-0.792,01/01/92,408.7799988
purchase-only,quarterly,New England Division,96.16,37741.19,3.042,7.492,-0.792,01/02/92,412.7000122
purchase-only,quarterly,New England Division,96.1,37741.19,3.042,7.492,-0.792,01/03/92,403.6900024
purchase-only,quarterly,New England Division,96.93,37741.19,3.042,7.492,-0.792,01/04/92,414.9500122
purchase-only,quarterly,New England Division,94.38,38277.58,2.97,6.908,-1.237,01/01/93,438.7799988
purchase-only,quarterly,New England Division,95.2,38277.58,2.97,6.908,-1.237,01/02/93,443.3800049
purchase-only,quarterly,New England Division,95.01,38277.58,2.97,6.908,-1.237,01/03/93,451.6700134
purchase-only,quarterly,New England Division,95.05,38277.58,2.97,6.908,-1.237,01/04/93,440.1900024
purchase-only,quarterly,New England Division,95.52,39339.0,2.596,6.1,-1.669,01/01/94,481.6099854
purchase-only,quarterly,New England Division,95.65,39339.0,2.596,6.1,-1.669,01/02/94,467.1400146
purchase-only,quarterly,New England Division,95.55,39339.0,2.596,6.1,-1.669,01/03/94,445.769989
purchase-only,quarterly,New England Division,95.44,39339.0,2.596,6.1,-1.669,01/04/94,450.9100037
purchase-only,quarterly,New England Division,95.15,39919.87,2.805,5.592,-1.487,01/01/95,470.4200134
purchase-only,quarterly,New England Division,95.87,39919.87,2.805,5.592,-1.487,01/02/95,487.3900146
purchase-only,quarterly,New England Division,96.3,39919.87,2.805,5.592,-1.487,01/03/95,500.7099915
purchase-only,quarterly,New England Division,96.45,39919.87,2.805,5.592,-1.487,01/04/95,514.710022
purchase-only,quarterly,New England Division,97.93,40946.0,2.937,5.408,-1.546,01/01/96,636.0200195
purchase-only,quarterly,New England Division,98.08,40946.0,2.937,5.408,-1.546,01/02/96,640.4299927
purchase-only,quarterly,New England Division,98.63,40946.0,2.937,5.408,-1.546,01/03/96,645.5
purchase-only,quarterly,New England Division,98.84,40946.0,2.937,5.408,-1.546,01/04/96,654.1699829
purchase-only,quarterly,New England Division,99.53,42258.86,2.338,4.942,-1.641,01/01/97,786.1599731
purchase-only,quarterly,New England Division,100.65,42258.86,2.338,4.942,-1.641,01/02/97,790.8200073
purchase-only,quarterly,New England Division,101.42,42258.86,2.338,4.942,-1.641,01/03/97,757.1199951
purchase-only,quarterly,New England Division,103.2,42258.86,2.338,4.942,-1.641,01/04/97,801.3400269
purchase-only,quarterly,New England Division,104.68,43640.76,1.547,4.5,-2.373,01/01/98,980.2800293
purchase-only,quarterly,New England Division,106.77,43640.76,1.547,4.5,-2.373,01/02/98,1049.339966
purchase-only,quarterly,New England Division,108.89,43640.76,1.547,4.5,-2.373,01/03/98,1101.75
purchase-only,quarterly,New England Division,111.37,43640.76,1.547,4.5,-2.373,01/04/98,1111.75
purchase-only,quarterly,New England Division,113.76,45213.48,2.193,4.217,-2.976,01/01/99,1279.640015
purchase-only,quarterly,New England Division,116.6,45213.48,2.193,4.217,-2.976,01/02/99,1238.329956
purchase-only,quarterly,New England Division,119.61,45213.48,2.193,4.217,-2.976,01/03/99,1286.369995
purchase-only,quarterly,New England Division,122.44,45213.48,2.193,4.217,-2.976,01/04/99,1335.180054
purchase-only,quarterly,New England Division,125.89,46539.99,3.367,3.967,-3.921,01/01/00,1394.459961
purchase-only,quarterly,New England Division,130.1,46539.99,3.367,3.967,-3.921,01/02/00,1366.420044
purchase-only,quarterly,New England Division,133.38,46539.99,3.367,3.967,-3.921,01/03/00,1498.579956
purchase-only,quarterly,New England Division,137.79,46539.99,3.367,3.967,-3.921,01/04/00,1452.430054
purchase-only,quarterly,New England Division,142.07,46503.1,2.817,4.742,-3.724,01/01/01,1366.01001
purchase-only,quarterly,New England Division,146.24,46503.1,2.817,4.742,-3.724,01/02/01,1239.939941
purchase-only,quarterly,New England Division,150.74,46503.1,2.817,4.742,-3.724,01/03/01,1160.329956
purchase-only,quarterly,New England Division,154.25,46503.1,2.817,4.742,-3.724,01/04/01,1249.459961
purchase-only,quarterly,New England Division,158.77,46831.46,1.596,5.783,-4.173,01/01/02,1130.199951
purchase-only,quarterly,New England Division,164.22,46831.46,1.596,5.783,-4.173,01/02/02,1106.72998
purchase-only,quarterly,New England Division,170.03,46831.46,1.596,5.783,-4.173,01/03/02,1147.390015
purchase-only,quarterly,New England Division,174.98,46831.46,1.596,5.783,-4.173,01/04/02,1076.920044
purchase-only,quarterly,New England Division,179.01,47691.56,2.298,5.992,-4.559,01/01/03,855.7000122
purchase-only,quarterly,New England Division,182.87,47691.56,2.298,5.992,-4.559,01/02/03,841.1500244
purchase-only,quarterly,New England Division,187.02,47691.56,2.298,5.992,-4.559,01/03/03,848.1799927
purchase-only,quarterly,New England Division,193.62,47691.56,2.298,5.992,-4.559,01/04/03,916.9199829
purchase-only,quarterly,New England Division,197.93,49080.56,2.668,5.542,-5.205,01/01/04,1131.130005
purchase-only,quarterly,New England Division,203.68,49080.56,2.668,5.542,-5.205,01/02/04,1144.939941
purchase-only,quarterly,New England Division,209.22,49080.56,2.668,5.542,-5.205,01/03/04,1126.209961
purchase-only,quarterly,New England Division,213.95,49080.56,2.668,5.542,-5.205,01/04/04,1107.300049
purchase-only,quarterly,New England Division,219.23,50322.52,3.366,5.083,-5.746,01/01/05,1181.27002
purchase-only,quarterly,New England Division,222.88,50322.52,3.366,5.083,-5.746,01/02/05,1203.599976
purchase-only,quarterly,New England Division,226.18,50322.52,3.366,5.083,-5.746,01/03/05,1180.589966
purchase-only,quarterly,New England Division,227.62,50322.52,3.366,5.083,-5.746,01/04/05,1156.849976
purchase-only,quarterly,New England Division,227.68,51235.84,3.222,4.608,-5.911,01/01/06,1280.079956
purchase-only,quarterly,New England Division,226.43,51235.84,3.222,4.608,-5.911,01/02/06,1280.660034
purchase-only,quarterly,New England Division,224.21,51235.84,3.222,4.608,-5.911,01/03/06,1294.869995
purchase-only,quarterly,New England Division,222.98,51235.84,3.222,4.608,-5.911,01/04/06,1310.609985
purchase-only,quarterly,New England Division,222.83,51751.28,2.871,4.617,-5.089,01/01/07,1438.23999
purchase-only,quarterly,New England Division,222.2,51751.28,2.871,4.617,-5.089,01/02/07,1406.819946
purchase-only,quarterly,New England Division,220.12,51751.28,2.871,4.617,-5.089,01/03/07,1420.859985
purchase-only,quarterly,New England Division,217.1,51751.28,2.871,4.617,-5.089,01/04/07,1482.369995
purchase-only,quarterly,New England Division,214.37,51335.91,3.815,5.8,-4.716,01/01/08,1378.550049
purchase-only,quarterly,New England Division,209.53,51335.91,3.815,5.8,-4.716,01/02/08,1330.630005
purchase-only,quarterly,New England Division,205.77,51335.91,3.815,5.8,-4.716,01/03/08,1322.699951
purchase-only,quarterly,New England Division,202.53,51335.91,3.815,5.8,-4.716,01/04/08,1385.589966
purchase-only,quarterly,New England Division,204.31,49569.21,-0.32,9.283,-2.623,01/01/09,825.8800049
purchase-only,quarterly,New England Division,200.65,49569.21,-0.32,9.283,-2.623,01/02/09,735.0900269
purchase-only,quarterly,New England Division,199.05,49569.21,-0.32,9.283,-2.623,01/03/09,797.8699951
purchase-only,quarterly,New England Division,198.45,49569.21,-0.32,9.283,-2.623,01/04/09,872.8099976
purchase-only,quarterly,New England Division,197.11,50523.5,1.637,9.608,-2.871,01/01/10,1073.869995
purchase-only,quarterly,New England Division,195.83,50523.5,1.637,9.608,-2.871,01/02/10,1104.48999
purchase-only,quarterly,New England Division,195.03,50523.5,1.637,9.608,-2.871,01/03/10,1169.430054
purchase-only,quarterly,New England Division,193.82,50523.5,1.637,9.608,-2.871,01/04/10,1186.689941
purchase-only,quarterly,New England Division,191.14,50943.53,3.14,8.933,-2.919,01/01/11,1286.119995
purchase-only,quarterly,New England Division,190.15,50943.53,3.14,8.933,-2.919,01/02/11,1327.219971
purchase-only,quarterly,New England Division,188.95,50943.53,3.14,8.933,-2.919,01/03/11,1325.829956
purchase-only,quarterly,New England Division,189.64,50943.53,3.14,8.933,-2.919,01/04/11,1363.609985
purchase-only,quarterly,New England Division,188.12,51736.82,2.073,8.075,-2.573,01/01/12,1312.410034
purchase-only,quarterly,New England Division,187.99,51736.82,2.073,8.075,-2.573,01/02/12,1365.680054
purchase-only,quarterly,New England Division,188.58,51736.82,2.073,8.075,-2.573,01/03/12,1408.469971
purchase-only,quarterly,New England Division,190.41,51736.82,2.073,8.075,-2.573,01/04/12,1397.910034
purchase-only,quarterly,New England Division,192.54,52329.15,1.466,7.358,-2.016,01/01/13,1498.109985
purchase-only,quarterly,New England Division,194.49,52329.15,1.466,7.358,-2.016,01/02/13,1514.680054
purchase-only,quarterly,New England Division,195.97,52329.15,1.466,7.358,-2.016,01/03/13,1569.189941
purchase-only,quarterly,New England Division,196.13,52329.15,1.466,7.358,-2.016,01/04/13,1597.569946
purchase-only,quarterly,New England Division,197.98,53141.85,1.615,6.158,-2.109,01/01/14,1782.589966
purchase-only,quarterly,New England Division,199.5,53141.85,1.615,6.158,-2.109,01/02/14,1859.449951
purchase-only,quarterly,New England Division,200.66,53141.85,1.615,6.158,-2.109,01/03/14,1872.339966
purchase-only,quarterly,New England Division,200.99,53141.85,1.615,6.158,-2.109,01/04/14,1883.949951
purchase-only,quarterly,New England Division,203.2,54187.9,0.121,5.275,-2.244,01/01/15,1994.98999
purchase-only,quarterly,New England Division,206.12,54187.9,0.121,5.275,-2.244,01/02/15,2104.5
purchase-only,quarterly,New England Division,206.8,54187.9,0.121,5.275,-2.244,01/03/15,2067.889893
purchase-only,quarterly,New England Division,208.32,54187.9,0.121,5.275,-2.244,01/04/15,2085.51001
purchase-only,quarterly,New England Division,209.92,54700.34,1.267,4.875,-2.119,01/01/16,1940.23999
purchase-only,quarterly,New England Division,212.05,54700.34,1.267,4.875,-2.119,01/02/16,1932.22998
purchase-only,quarterly,New England Division,214.41,54700.34,1.267,4.875,-2.119,01/03/16,2059.73999
purchase-only,quarterly,New England Division,217.72,54700.34,1.267,4.875,-2.119,01/04/16,2065.300049
purchase-only,quarterly,New England Division,220.43,55572.58,2.131,4.358,-1.887,01/01/17,2278.870117
purchase-only,quarterly,New England Division,223.36,55572.58,2.131,4.358,-1.887,01/02/17,2363.639893
purchase-only,quarterly,New England Division,226.5,55572.58,2.131,4.358,-1.887,01/03/17,2362.719971
purchase-only,quarterly,New England Division,229.28,55572.58,2.131,4.358,-1.887,01/04/17,2384.199951
purchase-only,quarterly,New England Division,232.07,56904.34,2.439,3.892,-2.142,01/01/18,2823.810059
purchase-only,quarterly,New England Division,234.73,56904.34,2.439,3.892,-2.142,01/02/18,2713.830078
purchase-only,quarterly,New England Division,237.33,56904.34,2.439,3.892,-2.142,01/03/18,2640.870117
purchase-only,quarterly,New England Division,240.02,56904.34,2.439,3.892,-2.142,01/04/18,2648.050049
purchase-only,quarterly,New England Division,242.86,57940.11,1.813,3.683,-2.066,01/01/19,2704.100098
purchase-only,quarterly,New England Division,244.9,57940.11,1.813,3.683,-2.066,01/02/19,2784.48999
purchase-only,quarterly,New England Division,248.12,57940.11,1.813,3.683,-2.066,01/03/19,2834.399902
purchase-only,quarterly,New England Division,251.74,57940.11,1.813,3.683,-2.066,01/04/19,2945.830078
purchase-only,quarterly,New England Division,257.0,55875.47,1.251,8.092,-2.835,01/01/20,3225.52002
purchase-only,quarterly,New England Division,256.63,55875.47,1.251,8.092,-2.835,01/02/20,2954.219971
purchase-only,quarterly,New England Division,269.29,55875.47,1.251,8.092,-2.835,01/03/20,2584.590088
purchase-only,quarterly,New England Division,284.27,55875.47,1.251,8.092,-2.835,01/04/20,2912.429932
purchase-only,quarterly,New England Division,294.94,59009.85,4.683,5.367,-3.566,01/01/21,3714.23999
purchase-only,quarterly,New England Division,308.63,59009.85,4.683,5.367,-3.566,01/02/21,3811.149902
purchase-only,quarterly,New England Division,320.77,59009.85,4.683,5.367,-3.566,01/03/21,3972.889893
purchase-only,quarterly,New England Division,330.68,59009.85,4.683,5.367,-3.566,01/04/21,4181.169922
purchase-only,quarterly,New England Division,343.63,60007.14,7.986,3.642,-3.816,01/01/22,4515.549805
purchase-only,quarterly,New England Division,355.83,60007.14,7.986,3.642,-3.816,01/02/22,4373.939941
purchase-only,quarterly,New England Division,354.6,60007.14,7.986,3.642,-3.816,01/03/22,4530.410156
purchase-only,quarterly,New England Division,357.19,60007.14,7.986,3.642,-3.816,01/04/22,4131.930176
purchase-only,quarterly,New England Division,365.83,60963.65,4.084,3.569,-2.951,01/01/23,4076.600098
purchase-only,quarterly,New England Division,375.96,60963.65,4.084,3.569,-2.951,01/02/23,3970.149902
purchase-only,quarterly,New England Division,387.27,60963.65,4.084,3.569,-2.951,01/03/23,4109.310059
purchase-only,quarterly,Pacific Division,100.0,36944.07,4.216,6.85,0.047,01/01/91,343.9299927
purchase-only,quarterly,Pacific Division,99.58,36944.07,4.216,6.85,0.047,01/02/91,367.0700073
purchase-only,quarterly,Pacific Division,99.54,36944.07,4.216,6.85,0.047,01/03/91,375.2200012
purchase-only,quarterly,Pacific Division,100.27,36944.07,4.216,6.85,0.047,01/04/91,375.3399963
purchase-only,quarterly,Pacific Division,100.76,37741.19,3.042,7.492,-0.792,01/01/92,408.7799988
purchase-only,quarterly,Pacific Division,99.68,37741.19,3.042,7.492,-0.792,01/02/92,412.7000122
purchase-only,quarterly,Pacific Division,99.89,37741.19,3.042,7.492,-0.792,01/03/92,403.6900024
purchase-only,quarterly,Pacific Division,99.17,37741.19,3.042,7.492,-0.792,01/04/92,414.9500122
purchase-only,quarterly,Pacific Division,98.06,38277.58,2.97,6.908,-1.237,01/01/93,438.7799988
purchase-only,quarterly,Pacific Division,97.6,38277.58,2.97,6.908,-1.237,01/02/93,443.3800049
purchase-only,quarterly,Pacific Division,96.76,38277.58,2.97,6.908,-1.237,01/03/93,451.6700134
purchase-only,quarterly,Pacific Division,96.69,38277.58,2.97,6.908,-1.237,01/04/93,440.1900024
purchase-only,quarterly,Pacific Division,96.26,39339.0,2.596,6.1,-1.669,01/01/94,481.6099854
purchase-only,quarterly,Pacific Division,96.19,39339.0,2.596,6.1,-1.669,01/02/94,467.1400146
purchase-only,quarterly,Pacific Division,95.96,39339.0,2.596,6.1,-1.669,01/03/94,445.769989
purchase-only,quarterly,Pacific Division,95.6,39339.0,2.596,6.1,-1.669,01/04/94,450.9100037
purchase-only,quarterly,Pacific Division,95.66,39919.87,2.805,5.592,-1.487,01/01/95,470.4200134
purchase-only,quarterly,Pacific Division,95.09,39919.87,2.805,5.592,-1.487,01/02/95,487.3900146
purchase-only,quarterly,Pacific Division,95.27,39919.87,2.805,5.592,-1.487,01/03/95,500.7099915
purchase-only,quarterly,Pacific Division,95.13,39919.87,2.805,5.592,-1.487,01/04/95,514.710022
purchase-only,quarterly,Pacific Division,95.25,40946.0,2.937,5.408,-1.546,01/01/96,636.0200195
purchase-only,quarterly,Pacific Division,95.15,40946.0,2.937,5.408,-1.546,01/02/96,640.4299927
purchase-only,quarterly,Pacific Division,95.42,40946.0,2.937,5.408,-1.546,01/03/96,645.5
purchase-only,quarterly,Pacific Division,96.07,40946.0,2.937,5.408,-1.546,01/04/96,654.1699829
purchase-only,quarterly,Pacific Division,95.99,42258.86,2.338,4.942,-1.641,01/01/97,786.1599731
purchase-only,quarterly,Pacific Division,97.39,42258.86,2.338,4.942,-1.641,01/02/97,790.8200073
purchase-only,quarterly,Pacific Division,98.71,42258.86,2.338,4.942,-1.641,01/03/97,757.1199951
purchase-only,quarterly,Pacific Division,100.2,42258.86,2.338,4.942,-1.641,01/04/97,801.3400269
purchase-only,quarterly,Pacific Division,102.25,43640.76,1.547,4.5,-2.373,01/01/98,980.2800293
purchase-only,quarterly,Pacific Division,104.91,43640.76,1.547,4.5,-2.373,01/02/98,1049.339966
purchase-only,quarterly,Pacific Division,106.8,43640.76,1.547,4.5,-2.373,01/03/98,1101.75
purchase-only,quarterly,Pacific Division,108.99,43640.76,1.547,4.5,-2.373,01/04/98,1111.75
purchase-only,quarterly,Pacific Division,111.27,45213.48,2.193,4.217,-2.976,01/01/99,1279.640015
purchase-only,quarterly,Pacific Division,113.46,45213.48,2.193,4.217,-2.976,01/02/99,1238.329956
purchase-only,quarterly,Pacific Division,115.63,45213.48,2.193,4.217,-2.976,01/03/99,1286.369995
purchase-only,quarterly,Pacific Division,118.38,45213.48,2.193,4.217,-2.976,01/04/99,1335.180054
purchase-only,quarterly,Pacific Division,121.57,46539.99,3.367,3.967,-3.921,01/01/00,1394.459961
purchase-only,quarterly,Pacific Division,124.34,46539.99,3.367,3.967,-3.921,01/02/00,1366.420044
purchase-only,quarterly,Pacific Division,127.53,46539.99,3.367,3.967,-3.921,01/03/00,1498.579956
purchase-only,quarterly,Pacific Division,131.77,46539.99,3.367,3.967,-3.921,01/04/00,1452.430054
purchase-only,quarterly,Pacific Division,135.63,46503.1,2.817,4.742,-3.724,01/01/01,1366.01001
purchase-only,quarterly,Pacific Division,138.68,46503.1,2.817,4.742,-3.724,01/02/01,1239.939941
purchase-only,quarterly,Pacific Division,141.26,46503.1,2.817,4.742,-3.724,01/03/01,1160.329956
purchase-only,quarterly,Pacific Division,144.48,46503.1,2.817,4.742,-3.724,01/04/01,1249.459961
purchase-only,quarterly,Pacific Division,148.44,46831.46,1.596,5.783,-4.173,01/01/02,1130.199951
purchase-only,quarterly,Pacific Division,153.75,46831.46,1.596,5.783,-4.173,01/02/02,1106.72998
purchase-only,quarterly,Pacific Division,159.33,46831.46,1.596,5.783,-4.173,01/03/02,1147.390015
purchase-only,quarterly,Pacific Division,164.63,46831.46,1.596,5.783,-4.173,01/04/02,1076.920044
purchase-only,quarterly,Pacific Division,169.78,47691.56,2.298,5.992,-4.559,01/01/03,855.7000122
purchase-only,quarterly,Pacific Division,174.89,47691.56,2.298,5.992,-4.559,01/02/03,841.1500244
purchase-only,quarterly,Pacific Division,181.1,47691.56,2.298,5.992,-4.559,01/03/03,848.1799927
purchase-only,quarterly,Pacific Division,190.17,47691.56,2.298,5.992,-4.559,01/04/03,916.9199829
purchase-only,quarterly,Pacific Division,198.77,49080.56,2.668,5.542,-5.205,01/01/04,1131.130005
purchase-only,quarterly,Pacific Division,209.35,49080.56,2.668,5.542,-5.205,01/02/04,1144.939941
purchase-only,quarterly,Pacific Division,221.31,49080.56,2.668,5.542,-5.205,01/03/04,1126.209961
purchase-only,quarterly,Pacific Division,231.72,49080.56,2.668,5.542,-5.205,01/04/04,1107.300049
purchase-only,quarterly,Pacific Division,242.54,50322.52,3.366,5.083,-5.746,01/01/05,1181.27002
purchase-only,quarterly,Pacific Division,254.62,50322.52,3.366,5.083,-5.746,01/02/05,1203.599976
purchase-only,quarterly,Pacific Division,266.5,50322.52,3.366,5.083,-5.746,01/03/05,1180.589966
purchase-only,quarterly,Pacific Division,273.96,50322.52,3.366,5.083,-5.746,01/04/05,1156.849976
purchase-only,quarterly,Pacific Division,278.83,51235.84,3.222,4.608,-5.911,01/01/06,1280.079956
purchase-only,quarterly,Pacific Division,279.58,51235.84,3.222,4.608,-5.911,01/02/06,1280.660034
purchase-only,quarterly,Pacific Division,276.94,51235.84,3.222,4.608,-5.911,01/03/06,1294.869995
purchase-only,quarterly,Pacific Division,274.52,51235.84,3.222,4.608,-5.911,01/04/06,1310.609985
purchase-only,quarterly,Pacific Division,275.8,51751.28,2.871,4.617,-5.089,01/01/07,1438.23999
purchase-only,quarterly,Pacific Division,271.54,51751.28,2.871,4.617,-5.089,01/02/07,1406.819946
purchase-only,quarterly,Pacific Division,260.84,51751.28,2.871,4.617,-5.089,01/03/07,1420.859985
purchase-only,quarterly,Pacific Division,246.84,51751.28,2.871,4.617,-5.089,01/04/07,1482.369995
purchase-only,quarterly,Pacific Division,230.73,51335.91,3.815,5.8,-4.716,01/01/08,1378.550049
purchase-only,quarterly,Pacific Division,214.62,51335.91,3.815,5.8,-4.716,01/02/08,1330.630005
purchase-only,quarterly,Pacific Division,202.64,51335.91,3.815,5.8,-4.716,01/03/08,1322.699951
purchase-only,quarterly,Pacific Division,192.87,51335.91,3.815,5.8,-4.716,01/04/08,1385.589966
purchase-only,quarterly,Pacific Division,187.23,49569.21,-0.32,9.283,-2.623,01/01/09,825.8800049
purchase-only,quarterly,Pacific Division,183.28,49569.21,-0.32,9.283,-2.623,01/02/09,735.0900269
purchase-only,quarterly,Pacific Division,184.52,49569.21,-0.32,9.283,-2.623,01/03/09,797.8699951
purchase-only,quarterly,Pacific Division,186.38,49569.21,-0.32,9.283,-2.623,01/04/09,872.8099976
purchase-only,quarterly,Pacific Division,185.33,50523.5,1.637,9.608,-2.871,01/01/10,1073.869995
purchase-only,quarterly,Pacific Division,184.59,50523.5,1.637,9.608,-2.871,01/02/10,1104.48999
purchase-only,quarterly,Pacific Division,180.4,50523.5,1.637,9.608,-2.871,01/03/10,1169.430054
purchase-only,quarterly,Pacific Division,176.82,50523.5,1.637,9.608,-2.871,01/04/10,1186.689941
purchase-only,quarterly,Pacific Division,172.12,50943.53,3.14,8.933,-2.919,01/01/11,1286.119995
purchase-only,quarterly,Pacific Division,168.63,50943.53,3.14,8.933,-2.919,01/02/11,1327.219971
purchase-only,quarterly,Pacific Division,168.25,50943.53,3.14,8.933,-2.919,01/03/11,1325.829956
purchase-only,quarterly,Pacific Division,168.03,50943.53,3.14,8.933,-2.919,01/04/11,1363.609985
purchase-only,quarterly,Pacific Division,169.47,51736.82,2.073,8.075,-2.573,01/01/12,1312.410034
purchase-only,quarterly,Pacific Division,174.04,51736.82,2.073,8.075,-2.573,01/02/12,1365.680054
purchase-only,quarterly,Pacific Division,178.05,51736.82,2.073,8.075,-2.573,01/03/12,1408.469971
purchase-only,quarterly,Pacific Division,184.95,51736.82,2.073,8.075,-2.573,01/04/12,1397.910034
purchase-only,quarterly,Pacific Division,192.92,52329.15,1.466,7.358,-2.016,01/01/13,1498.109985
purchase-only,quarterly,Pacific Division,201.61,52329.15,1.466,7.358,-2.016,01/02/13,1514.680054
purchase-only,quarterly,Pacific Division,209.11,52329.15,1.466,7.358,-2.016,01/03/13,1569.189941
purchase-only,quarterly,Pacific Division,212.72,52329.15,1.466,7.358,-2.016,01/04/13,1597.569946
purchase-only,quarterly,Pacific Division,216.88,53141.85,1.615,6.158,-2.109,01/01/14,1782.589966
purchase-only,quarterly,Pacific Division,220.17,53141.85,1.615,6.158,-2.109,01/02/14,1859.449951
purchase-only,quarterly,Pacific Division,224.09,53141.85,1.615,6.158,-2.109,01/03/14,1872.339966
purchase-only,quarterly,Pacific Division,227.96,53141.85,1.615,6.158,-2.109,01/04/14,1883.949951
purchase-only,quarterly,Pacific Division,232.54,54187.9,0.121,5.275,-2.244,01/01/15,1994.98999
purchase-only,quarterly,Pacific Division,236.41,54187.9,0.121,5.275,-2.244,01/02/15,2104.5
purchase-only,quarterly,Pacific Division,240.63,54187.9,0.121,5.275,-2.244,01/03/15,2067.889893
purchase-only,quarterly,Pacific Division,246.31,54187.9,0.121,5.275,-2.244,01/04/15,2085.51001
purchase-only,quarterly,Pacific Division,250.61,54700.34,1.267,4.875,-2.119,01/01/16,1940.23999
purchase-only,quarterly,Pacific Division,255.03,54700.34,1.267,4.875,-2.119,01/02/16,1932.22998
purchase-only,quarterly,Pacific Division,259.38,54700.34,1.267,4.875,-2.119,01/03/16,2059.73999
purchase-only,quarterly,Pacific Division,265.02,54700.34,1.267,4.875,-2.119,01/04/16,2065.300049
purchase-only,quarterly,Pacific Division,269.77,55572.58,2.131,4.358,-1.887,01/01/17,2278.870117
purchase-only,quarterly,Pacific Division,275.98,55572.58,2.131,4.358,-1.887,01/02/17,2363.639893
purchase-only,quarterly,Pacific Division,281.77,55572.58,2.131,4.358,-1.887,01/03/17,2362.719971
purchase-only,quarterly,Pacific Division,286.84,55572.58,2.131,4.358,-1.887,01/04/17,2384.199951
purchase-only,quarterly,Pacific Division,293.22,56904.34,2.439,3.892,-2.142,01/01/18,2823.810059
purchase-only,quarterly,Pacific Division,296.1,56904.34,2.439,3.892,-2.142,01/02/18,2713.830078
purchase-only,quarterly,Pacific Division,300.08,56904.34,2.439,3.892,-2.142,01/03/18,2640.870117
purchase-only,quarterly,Pacific Division,302.47,56904.34,2.439,3.892,-2.142,01/04/18,2648.050049
purchase-only,quarterly,Pacific Division,304.85,57940.11,1.813,3.683,-2.066,01/01/19,2704.100098
purchase-only,quarterly,Pacific Division,308.5,57940.11,1.813,3.683,-2.066,01/02/19,2784.48999
purchase-only,quarterly,Pacific Division,313.15,57940.11,1.813,3.683,-2.066,01/03/19,2834.399902
purchase-only,quarterly,Pacific Division,318.11,57940.11,1.813,3.683,-2.066,01/04/19,2945.830078
purchase-only,quarterly,Pacific Division,324.58,55875.47,1.251,8.092,-2.835,01/01/20,3225.52002
purchase-only,quarterly,Pacific Division,325.53,55875.47,1.251,8.092,-2.835,01/02/20,2954.219971
purchase-only,quarterly,Pacific Division,338.85,55875.47,1.251,8.092,-2.835,01/03/20,2584.590088
purchase-only,quarterly,Pacific Division,356.32,55875.47,1.251,8.092,-2.835,01/04/20,2912.429932
purchase-only,quarterly,Pacific Division,371.06,59009.85,4.683,5.367,-3.566,01/01/21,3714.23999
purchase-only,quarterly,Pacific Division,390.15,59009.85,4.683,5.367,-3.566,01/02/21,3811.149902
purchase-only,quarterly,Pacific Division,409.13,59009.85,4.683,5.367,-3.566,01/03/21,3972.889893
purchase-only,quarterly,Pacific Division,425.34,59009.85,4.683,5.367,-3.566,01/04/21,4181.169922
purchase-only,quarterly,Pacific Division,444.47,60007.14,7.986,3.642,-3.816,01/01/22,4515.549805
purchase-only,quarterly,Pacific Division,450.4,60007.14,7.986,3.642,-3.816,01/02/22,4373.939941
purchase-only,quarterly,Pacific Division,442.3,60007.14,7.986,3.642,-3.816,01/03/22,4530.410156
purchase-only,quarterly,Pacific Division,437.99,60007.14,7.986,3.642,-3.816,01/04/22,4131.930176
purchase-only,quarterly,Pacific Division,435.32,60963.65,4.084,3.569,-2.951,01/01/23,4076.600098
purchase-only,quarterly,Pacific Division,442.42,60963.65,4.084,3.569,-2.951,01/02/23,3970.149902
purchase-only,quarterly,Pacific Division,451.1,60963.65,4.084,3.569,-2.951,01/03/23,4109.310059
purchase-only,quarterly,South Atlantic Division,100.0,36944.07,4.216,6.85,0.047,01/01/91,343.9299927
purchase-only,quarterly,South Atlantic Division,99.97,36944.07,4.216,6.85,0.047,01/02/91,367.0700073
purchase-only,quarterly,South Atlantic Division,99.74,36944.07,4.216,6.85,0.047,01/03/91,375.2200012
purchase-only,quarterly,South Atlantic Division,100.77,36944.07,4.216,6.85,0.047,01/04/91,375.3399963
purchase-only,quarterly,South Atlantic Division,101.73,37741.19,3.042,7.492,-0.792,01/01/92,408.7799988
purchase-only,quarterly,South Atlantic Division,101.33,37741.19,3.042,7.492,-0.792,01/02/92,412.7000122
purchase-only,quarterly,South Atlantic Division,102.44,37741.19,3.042,7.492,-0.792,01/03/92,403.6900024
purchase-only,quarterly,South Atlantic Division,102.89,37741.19,3.042,7.492,-0.792,01/04/92,414.9500122
purchase-only,quarterly,South Atlantic Division,102.92,38277.58,2.97,6.908,-1.237,01/01/93,438.7799988
purchase-only,quarterly,South Atlantic Division,103.96,38277.58,2.97,6.908,-1.237,01/02/93,443.3800049
purchase-only,quarterly,South Atlantic Division,104.63,38277.58,2.97,6.908,-1.237,01/03/93,451.6700134
purchase-only,quarterly,South Atlantic Division,105.33,38277.58,2.97,6.908,-1.237,01/04/93,440.1900024
purchase-only,quarterly,South Atlantic Division,106.24,39339.0,2.596,6.1,-1.669,01/01/94,481.6099854
purchase-only,quarterly,South Atlantic Division,107.26,39339.0,2.596,6.1,-1.669,01/02/94,467.1400146
purchase-only,quarterly,South Atlantic Division,108.1,39339.0,2.596,6.1,-1.669,01/03/94,445.769989
purchase-only,quarterly,South Atlantic Division,108.96,39339.0,2.596,6.1,-1.669,01/04/94,450.9100037
purchase-only,quarterly,South Atlantic Division,109.63,39919.87,2.805,5.592,-1.487,01/01/95,470.4200134
purchase-only,quarterly,South Atlantic Division,110.09,39919.87,2.805,5.592,-1.487,01/02/95,487.3900146
purchase-only,quarterly,South Atlantic Division,111.17,39919.87,2.805,5.592,-1.487,01/03/95,500.7099915
purchase-only,quarterly,South Atlantic Division,111.75,39919.87,2.805,5.592,-1.487,01/04/95,514.710022
purchase-only,quarterly,South Atlantic Division,112.86,40946.0,2.937,5.408,-1.546,01/01/96,636.0200195
purchase-only,quarterly,South Atlantic Division,113.47,40946.0,2.937,5.408,-1.546,01/02/96,640.4299927
purchase-only,quarterly,South Atlantic Division,114.31,40946.0,2.937,5.408,-1.546,01/03/96,645.5
purchase-only,quarterly,South Atlantic Division,114.86,40946.0,2.937,5.408,-1.546,01/04/96,654.1699829
purchase-only,quarterly,South Atlantic Division,115.79,42258.86,2.338,4.942,-1.641,01/01/97,786.1599731
purchase-only,quarterly,South Atlantic Division,116.56,42258.86,2.338,4.942,-1.641,01/02/97,790.8200073
purchase-only,quarterly,South Atlantic Division,117.03,42258.86,2.338,4.942,-1.641,01/03/97,757.1199951
purchase-only,quarterly,South Atlantic Division,118.51,42258.86,2.338,4.942,-1.641,01/04/97,801.3400269
purchase-only,quarterly,South Atlantic Division,119.63,43640.76,1.547,4.5,-2.373,01/01/98,980.2800293
purchase-only,quarterly,South Atlantic Division,121.01,43640.76,1.547,4.5,-2.373,01/02/98,1049.339966
purchase-only,quarterly,South Atlantic Division,122.21,43640.76,1.547,4.5,-2.373,01/03/98,1101.75
purchase-only,quarterly,South Atlantic Division,123.86,43640.76,1.547,4.5,-2.373,01/04/98,1111.75
purchase-only,quarterly,South Atlantic Division,125.7,45213.48,2.193,4.217,-2.976,01/01/99,1279.640015
purchase-only,quarterly,South Atlantic Division,127.33,45213.48,2.193,4.217,-2.976,01/02/99,1238.329956
purchase-only,quarterly,South Atlantic Division,129.02,45213.48,2.193,4.217,-2.976,01/03/99,1286.369995
purchase-only,quarterly,South Atlantic Division,130.91,45213.48,2.193,4.217,-2.976,01/04/99,1335.180054
purchase-only,quarterly,South Atlantic Division,132.76,46539.99,3.367,3.967,-3.921,01/01/00,1394.459961
purchase-only,quarterly,South Atlantic Division,135.06,46539.99,3.367,3.967,-3.921,01/02/00,1366.420044
purchase-only,quarterly,South Atlantic Division,137.1,46539.99,3.367,3.967,-3.921,01/03/00,1498.579956
purchase-only,quarterly,South Atlantic Division,139.24,46539.99,3.367,3.967,-3.921,01/04/00,1452.430054
purchase-only,quarterly,South Atlantic Division,141.95,46503.1,2.817,4.742,-3.724,01/01/01,1366.01001
purchase-only,quarterly,South Atlantic Division,144.36,46503.1,2.817,4.742,-3.724,01/02/01,1239.939941
purchase-only,quarterly,South Atlantic Division,147.03,46503.1,2.817,4.742,-3.724,01/03/01,1160.329956
purchase-only,quarterly,South Atlantic Division,149.47,46503.1,2.817,4.742,-3.724,01/04/01,1249.459961
purchase-only,quarterly,South Atlantic Division,152.3,46831.46,1.596,5.783,-4.173,01/01/02,1130.199951
purchase-only,quarterly,South Atlantic Division,155.1,46831.46,1.596,5.783,-4.173,01/02/02,1106.72998
purchase-only,quarterly,South Atlantic Division,158.08,46831.46,1.596,5.783,-4.173,01/03/02,1147.390015
purchase-only,quarterly,South Atlantic Division,161.56,46831.46,1.596,5.783,-4.173,01/04/02,1076.920044
purchase-only,quarterly,South Atlantic Division,164.59,47691.56,2.298,5.992,-4.559,01/01/03,855.7000122
purchase-only,quarterly,South Atlantic Division,167.86,47691.56,2.298,5.992,-4.559,01/02/03,841.1500244
purchase-only,quarterly,South Atlantic Division,171.34,47691.56,2.298,5.992,-4.559,01/03/03,848.1799927
purchase-only,quarterly,South Atlantic Division,175.33,47691.56,2.298,5.992,-4.559,01/04/03,916.9199829
purchase-only,quarterly,South Atlantic Division,179.97,49080.56,2.668,5.542,-5.205,01/01/04,1131.130005
purchase-only,quarterly,South Atlantic Division,185.45,49080.56,2.668,5.542,-5.205,01/02/04,1144.939941
purchase-only,quarterly,South Atlantic Division,191.62,49080.56,2.668,5.542,-5.205,01/03/04,1126.209961
purchase-only,quarterly,South Atlantic Division,197.93,49080.56,2.668,5.542,-5.205,01/04/04,1107.300049
purchase-only,quarterly,South Atlantic Division,204.95,50322.52,3.366,5.083,-5.746,01/01/05,1181.27002
purchase-only,quarterly,South Atlantic Division,212.79,50322.52,3.366,5.083,-5.746,01/02/05,1203.599976
purchase-only,quarterly,South Atlantic Division,220.77,50322.52,3.366,5.083,-5.746,01/03/05,1180.589966
purchase-only,quarterly,South Atlantic Division,227.39,50322.52,3.366,5.083,-5.746,01/04/05,1156.849976
purchase-only,quarterly,South Atlantic Division,231.93,51235.84,3.222,4.608,-5.911,01/01/06,1280.079956
purchase-only,quarterly,South Atlantic Division,234.33,51235.84,3.222,4.608,-5.911,01/02/06,1280.660034
purchase-only,quarterly,South Atlantic Division,235.35,51235.84,3.222,4.608,-5.911,01/03/06,1294.869995
purchase-only,quarterly,South Atlantic Division,238.02,51235.84,3.222,4.608,-5.911,01/04/06,1310.609985
purchase-only,quarterly,South Atlantic Division,238.92,51751.28,2.871,4.617,-5.089,01/01/07,1438.23999
purchase-only,quarterly,South Atlantic Division,238.27,51751.28,2.871,4.617,-5.089,01/02/07,1406.819946
purchase-only,quarterly,South Atlantic Division,234.06,51751.28,2.871,4.617,-5.089,01/03/07,1420.859985
purchase-only,quarterly,South Atlantic Division,229.19,51751.28,2.871,4.617,-5.089,01/04/07,1482.369995
purchase-only,quarterly,South Atlantic Division,222.35,51335.91,3.815,5.8,-4.716,01/01/08,1378.550049
purchase-only,quarterly,South Atlantic Division,213.99,51335.91,3.815,5.8,-4.716,01/02/08,1330.630005
purchase-only,quarterly,South Atlantic Division,205.48,51335.91,3.815,5.8,-4.716,01/03/08,1322.699951
purchase-only,quarterly,South Atlantic Division,196.55,51335.91,3.815,5.8,-4.716,01/04/08,1385.589966
purchase-only,quarterly,South Atlantic Division,195.17,49569.21,-0.32,9.283,-2.623,01/01/09,825.8800049
purchase-only,quarterly,South Atlantic Division,191.82,49569.21,-0.32,9.283,-2.623,01/02/09,735.0900269
purchase-only,quarterly,South Atlantic Division,190.64,49569.21,-0.32,9.283,-2.623,01/03/09,797.8699951
purchase-only,quarterly,South Atlantic Division,188.52,49569.21,-0.32,9.283,-2.623,01/04/09,872.8099976
purchase-only,quarterly,South Atlantic Division,185.91,50523.5,1.637,9.608,-2.871,01/01/10,1073.869995
purchase-only,quarterly,South Atlantic Division,184.78,50523.5,1.637,9.608,-2.871,01/02/10,1104.48999
purchase-only,quarterly,South Atlantic Division,180.15,50523.5,1.637,9.608,-2.871,01/03/10,1169.430054
purchase-only,quarterly,South Atlantic Division,178.28,50523.5,1.637,9.608,-2.871,01/04/10,1186.689941
purchase-only,quarterly,South Atlantic Division,173.08,50943.53,3.14,8.933,-2.919,01/01/11,1286.119995
purchase-only,quarterly,South Atlantic Division,171.55,50943.53,3.14,8.933,-2.919,01/02/11,1327.219971
purchase-only,quarterly,South Atlantic Division,172.6,50943.53,3.14,8.933,-2.919,01/03/11,1325.829956
purchase-only,quarterly,South Atlantic Division,173.68,50943.53,3.14,8.933,-2.919,01/04/11,1363.609985
purchase-only,quarterly,South Atlantic Division,174.14,51736.82,2.073,8.075,-2.573,01/01/12,1312.410034
purchase-only,quarterly,South Atlantic Division,177.22,51736.82,2.073,8.075,-2.573,01/02/12,1365.680054
purchase-only,quarterly,South Atlantic Division,179.5,51736.82,2.073,8.075,-2.573,01/03/12,1408.469971
purchase-only,quarterly,South Atlantic Division,181.87,51736.82,2.073,8.075,-2.573,01/04/12,1397.910034
purchase-only,quarterly,South Atlantic Division,186.17,52329.15,1.466,7.358,-2.016,01/01/13,1498.109985
purchase-only,quarterly,South Atlantic Division,189.82,52329.15,1.466,7.358,-2.016,01/02/13,1514.680054
purchase-only,quarterly,South Atlantic Division,193.05,52329.15,1.466,7.358,-2.016,01/03/13,1569.189941
purchase-only,quarterly,South Atlantic Division,195.02,52329.15,1.466,7.358,-2.016,01/04/13,1597.569946
purchase-only,quarterly,South Atlantic Division,197.42,53141.85,1.615,6.158,-2.109,01/01/14,1782.589966
purchase-only,quarterly,South Atlantic Division,199.44,53141.85,1.615,6.158,-2.109,01/02/14,1859.449951
purchase-only,quarterly,South Atlantic Division,201.17,53141.85,1.615,6.158,-2.109,01/03/14,1872.339966
purchase-only,quarterly,South Atlantic Division,204.39,53141.85,1.615,6.158,-2.109,01/04/14,1883.949951
purchase-only,quarterly,South Atlantic Division,207.95,54187.9,0.121,5.275,-2.244,01/01/15,1994.98999
purchase-only,quarterly,South Atlantic Division,210.69,54187.9,0.121,5.275,-2.244,01/02/15,2104.5
purchase-only,quarterly,South Atlantic Division,213.72,54187.9,0.121,5.275,-2.244,01/03/15,2067.889893
purchase-only,quarterly,South Atlantic Division,217.35,54187.9,0.121,5.275,-2.244,01/04/15,2085.51001
purchase-only,quarterly,South Atlantic Division,220.26,54700.34,1.267,4.875,-2.119,01/01/16,1940.23999
purchase-only,quarterly,South Atlantic Division,224.0,54700.34,1.267,4.875,-2.119,01/02/16,1932.22998
purchase-only,quarterly,South Atlantic Division,227.7,54700.34,1.267,4.875,-2.119,01/03/16,2059.73999
purchase-only,quarterly,South Atlantic Division,231.47,54700.34,1.267,4.875,-2.119,01/04/16,2065.300049
purchase-only,quarterly,South Atlantic Division,233.98,55572.58,2.131,4.358,-1.887,01/01/17,2278.870117
purchase-only,quarterly,South Atlantic Division,238.51,55572.58,2.131,4.358,-1.887,01/02/17,2363.639893
purchase-only,quarterly,South Atlantic Division,242.03,55572.58,2.131,4.358,-1.887,01/03/17,2362.719971
purchase-only,quarterly,South Atlantic Division,245.71,55572.58,2.131,4.358,-1.887,01/04/17,2384.199951
purchase-only,quarterly,South Atlantic Division,250.79,56904.34,2.439,3.892,-2.142,01/01/18,2823.810059
purchase-only,quarterly,South Atlantic Division,254.26,56904.34,2.439,3.892,-2.142,01/02/18,2713.830078
purchase-only,quarterly,South Atlantic Division,257.94,56904.34,2.439,3.892,-2.142,01/03/18,2640.870117
purchase-only,quarterly,South Atlantic Division,260.4,56904.34,2.439,3.892,-2.142,01/04/18,2648.050049
purchase-only,quarterly,South Atlantic Division,263.92,57940.11,1.813,3.683,-2.066,01/01/19,2704.100098
purchase-only,quarterly,South Atlantic Division,267.72,57940.11,1.813,3.683,-2.066,01/02/19,2784.48999
purchase-only,quarterly,South Atlantic Division,270.83,57940.11,1.813,3.683,-2.066,01/03/19,2834.399902
purchase-only,quarterly,South Atlantic Division,276.3,57940.11,1.813,3.683,-2.066,01/04/19,2945.830078
purchase-only,quarterly,South Atlantic Division,281.79,55875.47,1.251,8.092,-2.835,01/01/20,3225.52002
purchase-only,quarterly,South Atlantic Division,283.97,55875.47,1.251,8.092,-2.835,01/02/20,2954.219971
purchase-only,quarterly,South Atlantic Division,293.87,55875.47,1.251,8.092,-2.835,01/03/20,2584.590088
purchase-only,quarterly,South Atlantic Division,307.33,55875.47,1.251,8.092,-2.835,01/04/20,2912.429932
purchase-only,quarterly,South Atlantic Division,318.97,59009.85,4.683,5.367,-3.566,01/01/21,3714.23999
purchase-only,quarterly,South Atlantic Division,334.19,59009.85,4.683,5.367,-3.566,01/02/21,3811.149902
purchase-only,quarterly,South Atlantic Division,353.05,59009.85,4.683,5.367,-3.566,01/03/21,3972.889893
purchase-only,quarterly,South Atlantic Division,370.39,59009.85,4.683,5.367,-3.566,01/04/21,4181.169922
purchase-only,quarterly,South Atlantic Division,390.84,60007.14,7.986,3.642,-3.816,01/01/22,4515.549805
purchase-only,quarterly,South Atlantic Division,409.57,60007.14,7.986,3.642,-3.816,01/02/22,4373.939941
purchase-only,quarterly,South Atlantic Division,411.42,60007.14,7.986,3.642,-3.816,01/03/22,4530.410156
purchase-only,quarterly,South Atlantic Division,415.37,60007.14,7.986,3.642,-3.816,01/04/22,4131.930176
purchase-only,quarterly,South Atlantic Division,420.43,60963.65,4.084,3.569,-2.951,01/01/23,4076.600098
purchase-only,quarterly,South Atlantic Division,428.2,60963.65,4.084,3.569,-2.951,01/02/23,3970.149902
purchase-only,quarterly,South Atlantic Division,437.98,60963.65,4.084,3.569,-2.951,01/03/23,4109.310059
purchase-only,quarterly,West North Central Division,100.0,36944.07,4.216,6.85,0.047,01/01/91,343.9299927
purchase-only,quarterly,West North Central Division,100.08,36944.07,4.216,6.85,0.047,01/02/91,367.0700073
purchase-only,quarterly,West North Central Division,100.33,36944.07,4.216,6.85,0.047,01/03/91,375.2200012
purchase-only,quarterly,West North Central Division,101.43,36944.07,4.216,6.85,0.047,01/04/91,375.3399963
purchase-only,quarterly,West North Central Division,102.77,37741.19,3.042,7.492,-0.792,01/01/92,408.7799988
purchase-only,quarterly,West North Central Division,103.52,37741.19,3.042,7.492,-0.792,01/02/92,412.7000122
purchase-only,quarterly,West North Central Division,104.68,37741.19,3.042,7.492,-0.792,01/03/92,403.6900024
purchase-only,quarterly,West North Central Division,105.7,37741.19,3.042,7.492,-0.792,01/04/92,414.9500122
purchase-only,quarterly,West North Central Division,106.84,38277.58,2.97,6.908,-1.237,01/01/93,438.7799988
purchase-only,quarterly,West North Central Division,108.47,38277.58,2.97,6.908,-1.237,01/02/93,443.3800049
purchase-only,quarterly,West North Central Division,110.24,38277.58,2.97,6.908,-1.237,01/03/93,451.6700134
purchase-only,quarterly,West North Central Division,112.23,38277.58,2.97,6.908,-1.237,01/04/93,440.1900024
purchase-only,quarterly,West North Central Division,113.77,39339.0,2.596,6.1,-1.669,01/01/94,481.6099854
purchase-only,quarterly,West North Central Division,115.01,39339.0,2.596,6.1,-1.669,01/02/94,467.1400146
purchase-only,quarterly,West North Central Division,116.11,39339.0,2.596,6.1,-1.669,01/03/94,445.769989
purchase-only,quarterly,West North Central Division,117.1,39339.0,2.596,6.1,-1.669,01/04/94,450.9100037
purchase-only,quarterly,West North Central Division,118.25,39919.87,2.805,5.592,-1.487,01/01/95,470.4200134
purchase-only,quarterly,West North Central Division,119.73,39919.87,2.805,5.592,-1.487,01/02/95,487.3900146
purchase-only,quarterly,West North Central Division,121.19,39919.87,2.805,5.592,-1.487,01/03/95,500.7099915
purchase-only,quarterly,West North Central Division,122.71,39919.87,2.805,5.592,-1.487,01/04/95,514.710022
purchase-only,quarterly,West North Central Division,123.77,40946.0,2.937,5.408,-1.546,01/01/96,636.0200195
purchase-only,quarterly,West North Central Division,125.38,40946.0,2.937,5.408,-1.546,01/02/96,640.4299927
purchase-only,quarterly,West North Central Division,126.37,40946.0,2.937,5.408,-1.546,01/03/96,645.5
purchase-only,quarterly,West North Central Division,127.58,40946.0,2.937,5.408,-1.546,01/04/96,654.1699829
purchase-only,quarterly,West North Central Division,128.62,42258.86,2.338,4.942,-1.641,01/01/97,786.1599731
purchase-only,quarterly,West North Central Division,129.61,42258.86,2.338,4.942,-1.641,01/02/97,790.8200073
purchase-only,quarterly,West North Central Division,130.89,42258.86,2.338,4.942,-1.641,01/03/97,757.1199951
purchase-only,quarterly,West North Central Division,132.17,42258.86,2.338,4.942,-1.641,01/04/97,801.3400269
purchase-only,quarterly,West North Central Division,134.19,43640.76,1.547,4.5,-2.373,01/01/98,980.2800293
purchase-only,quarterly,West North Central Division,135.59,43640.76,1.547,4.5,-2.373,01/02/98,1049.339966
purchase-only,quarterly,West North Central Division,137.61,43640.76,1.547,4.5,-2.373,01/03/98,1101.75
purchase-only,quarterly,West North Central Division,140.75,43640.76,1.547,4.5,-2.373,01/04/98,1111.75
purchase-only,quarterly,West North Central Division,142.65,45213.48,2.193,4.217,-2.976,01/01/99,1279.640015
purchase-only,quarterly,West North Central Division,144.9,45213.48,2.193,4.217,-2.976,01/02/99,1238.329956
purchase-only,quarterly,West North Central Division,146.83,45213.48,2.193,4.217,-2.976,01/03/99,1286.369995
purchase-only,quarterly,West North Central Division,148.49,45213.48,2.193,4.217,-2.976,01/04/99,1335.180054
purchase-only,quarterly,West North Central Division,151.17,46539.99,3.367,3.967,-3.921,01/01/00,1394.459961
purchase-only,quarterly,West North Central Division,153.7,46539.99,3.367,3.967,-3.921,01/02/00,1366.420044
purchase-only,quarterly,West North Central Division,155.73,46539.99,3.367,3.967,-3.921,01/03/00,1498.579956
purchase-only,quarterly,West North Central Division,157.92,46539.99,3.367,3.967,-3.921,01/04/00,1452.430054
purchase-only,quarterly,West North Central Division,160.35,46503.1,2.817,4.742,-3.724,01/01/01,1366.01001
purchase-only,quarterly,West North Central Division,163.2,46503.1,2.817,4.742,-3.724,01/02/01,1239.939941
purchase-only,quarterly,West North Central Division,165.32,46503.1,2.817,4.742,-3.724,01/03/01,1160.329956
purchase-only,quarterly,West North Central Division,167.63,46503.1,2.817,4.742,-3.724,01/04/01,1249.459961
purchase-only,quarterly,West North Central Division,169.42,46831.46,1.596,5.783,-4.173,01/01/02,1130.199951
purchase-only,quarterly,West North Central Division,171.92,46831.46,1.596,5.783,-4.173,01/02/02,1106.72998
purchase-only,quarterly,West North Central Division,174.25,46831.46,1.596,5.783,-4.173,01/03/02,1147.390015
purchase-only,quarterly,West North Central Division,176.95,46831.46,1.596,5.783,-4.173,01/04/02,1076.920044
purchase-only,quarterly,West North Central Division,179.48,47691.56,2.298,5.992,-4.559,01/01/03,855.7000122
purchase-only,quarterly,West North Central Division,181.18,47691.56,2.298,5.992,-4.559,01/02/03,841.1500244
purchase-only,quarterly,West North Central Division,184.04,47691.56,2.298,5.992,-4.559,01/03/03,848.1799927
purchase-only,quarterly,West North Central Division,186.78,47691.56,2.298,5.992,-4.559,01/04/03,916.9199829
purchase-only,quarterly,West North Central Division,189.35,49080.56,2.668,5.542,-5.205,01/01/04,1131.130005
purchase-only,quarterly,West North Central Division,191.6,49080.56,2.668,5.542,-5.205,01/02/04,1144.939941
purchase-only,quarterly,West North Central Division,194.15,49080.56,2.668,5.542,-5.205,01/03/04,1126.209961
purchase-only,quarterly,West North Central Division,197.0,49080.56,2.668,5.542,-5.205,01/04/04,1107.300049
purchase-only,quarterly,West North Central Division,198.79,50322.52,3.366,5.083,-5.746,01/01/05,1181.27002
purchase-only,quarterly,West North Central Division,201.86,50322.52,3.366,5.083,-5.746,01/02/05,1203.599976
purchase-only,quarterly,West North Central Division,203.82,50322.52,3.366,5.083,-5.746,01/03/05,1180.589966
purchase-only,quarterly,West North Central Division,206.56,50322.52,3.366,5.083,-5.746,01/04/05,1156.849976
purchase-only,quarterly,West North Central Division,208.39,51235.84,3.222,4.608,-5.911,01/01/06,1280.079956
purchase-only,quarterly,West North Central Division,209.35,51235.84,3.222,4.608,-5.911,01/02/06,1280.660034
purchase-only,quarterly,West North Central Division,210.03,51235.84,3.222,4.608,-5.911,01/03/06,1294.869995
purchase-only,quarterly,West North Central Division,210.63,51235.84,3.222,4.608,-5.911,01/04/06,1310.609985
purchase-only,quarterly,West North Central Division,212.44,51751.28,2.871,4.617,-5.089,01/01/07,1438.23999
purchase-only,quarterly,West North Central Division,212.09,51751.28,2.871,4.617,-5.089,01/02/07,1406.819946
purchase-only,quarterly,West North Central Division,211.51,51751.28,2.871,4.617,-5.089,01/03/07,1420.859985
purchase-only,quarterly,West North Central Division,208.9,51751.28,2.871,4.617,-5.089,01/04/07,1482.369995
purchase-only,quarterly,West North Central Division,206.39,51335.91,3.815,5.8,-4.716,01/01/08,1378.550049
purchase-only,quarterly,West North Central Division,204.34,51335.91,3.815,5.8,-4.716,01/02/08,1330.630005
purchase-only,quarterly,West North Central Division,201.82,51335.91,3.815,5.8,-4.716,01/03/08,1322.699951
purchase-only,quarterly,West North Central Division,199.23,51335.91,3.815,5.8,-4.716,01/04/08,1385.589966
purchase-only,quarterly,West North Central Division,199.93,49569.21,-0.32,9.283,-2.623,01/01/09,825.8800049
purchase-only,quarterly,West North Central Division,198.46,49569.21,-0.32,9.283,-2.623,01/02/09,735.0900269
purchase-only,quarterly,West North Central Division,197.5,49569.21,-0.32,9.283,-2.623,01/03/09,797.8699951
purchase-only,quarterly,West North Central Division,198.27,49569.21,-0.32,9.283,-2.623,01/04/09,872.8099976
purchase-only,quarterly,West North Central Division,195.4,50523.5,1.637,9.608,-2.871,01/01/10,1073.869995
purchase-only,quarterly,West North Central Division,197.05,50523.5,1.637,9.608,-2.871,01/02/10,1104.48999
purchase-only,quarterly,West North Central Division,193.01,50523.5,1.637,9.608,-2.871,01/03/10,1169.430054
purchase-only,quarterly,West North Central Division,191.44,50523.5,1.637,9.608,-2.871,01/04/10,1186.689941
purchase-only,quarterly,West North Central Division,187.12,50943.53,3.14,8.933,-2.919,01/01/11,1286.119995
purchase-only,quarterly,West North Central Division,186.59,50943.53,3.14,8.933,-2.919,01/02/11,1327.219971
purchase-only,quarterly,West North Central Division,188.11,50943.53,3.14,8.933,-2.919,01/03/11,1325.829956
purchase-only,quarterly,West North Central Division,188.9,50943.53,3.14,8.933,-2.919,01/04/11,1363.609985
purchase-only,quarterly,West North Central Division,189.89,51736.82,2.073,8.075,-2.573,01/01/12,1312.410034
purchase-only,quarterly,West North Central Division,191.57,51736.82,2.073,8.075,-2.573,01/02/12,1365.680054
purchase-only,quarterly,West North Central Division,193.6,51736.82,2.073,8.075,-2.573,01/03/12,1408.469971
purchase-only,quarterly,West North Central Division,195.88,51736.82,2.073,8.075,-2.573,01/04/12,1397.910034
purchase-only,quarterly,West North Central Division,197.99,52329.15,1.466,7.358,-2.016,01/01/13,1498.109985
purchase-only,quarterly,West North Central Division,200.2,52329.15,1.466,7.358,-2.016,01/02/13,1514.680054
purchase-only,quarterly,West North Central Division,202.94,52329.15,1.466,7.358,-2.016,01/03/13,1569.189941
purchase-only,quarterly,West North Central Division,203.57,52329.15,1.466,7.358,-2.016,01/04/13,1597.569946
purchase-only,quarterly,West North Central Division,206.04,53141.85,1.615,6.158,-2.109,01/01/14,1782.589966
purchase-only,quarterly,West North Central Division,207.93,53141.85,1.615,6.158,-2.109,01/02/14,1859.449951
purchase-only,quarterly,West North Central Division,209.27,53141.85,1.615,6.158,-2.109,01/03/14,1872.339966
purchase-only,quarterly,West North Central Division,211.63,53141.85,1.615,6.158,-2.109,01/04/14,1883.949951
purchase-only,quarterly,West North Central Division,212.73,54187.9,0.121,5.275,-2.244,01/01/15,1994.98999
purchase-only,quarterly,West North Central Division,215.72,54187.9,0.121,5.275,-2.244,01/02/15,2104.5
purchase-only,quarterly,West North Central Division,217.92,54187.9,0.121,5.275,-2.244,01/03/15,2067.889893
purchase-only,quarterly,West North Central Division,220.89,54187.9,0.121,5.275,-2.244,01/04/15,2085.51001
purchase-only,quarterly,West North Central Division,223.94,54700.34,1.267,4.875,-2.119,01/01/16,1940.23999
purchase-only,quarterly,West North Central Division,225.61,54700.34,1.267,4.875,-2.119,01/02/16,1932.22998
purchase-only,quarterly,West North Central Division,229.11,54700.34,1.267,4.875,-2.119,01/03/16,2059.73999
purchase-only,quarterly,West North Central Division,231.89,54700.34,1.267,4.875,-2.119,01/04/16,2065.300049
purchase-only,quarterly,West North Central Division,234.52,55572.58,2.131,4.358,-1.887,01/01/17,2278.870117
purchase-only,quarterly,West North Central Division,238.39,55572.58,2.131,4.358,-1.887,01/02/17,2363.639893
purchase-only,quarterly,West North Central Division,240.74,55572.58,2.131,4.358,-1.887,01/03/17,2362.719971
purchase-only,quarterly,West North Central Division,243.81,55572.58,2.131,4.358,-1.887,01/04/17,2384.199951
purchase-only,quarterly,West North Central Division,248.49,56904.34,2.439,3.892,-2.142,01/01/18,2823.810059
purchase-only,quarterly,West North Central Division,251.05,56904.34,2.439,3.892,-2.142,01/02/18,2713.830078
purchase-only,quarterly,West North Central Division,254.34,56904.34,2.439,3.892,-2.142,01/03/18,2640.870117
purchase-only,quarterly,West North Central Division,257.32,56904.34,2.439,3.892,-2.142,01/04/18,2648.050049
purchase-only,quarterly,West North Central Division,260.63,57940.11,1.813,3.683,-2.066,01/01/19,2704.100098
purchase-only,quarterly,West North Central Division,262.51,57940.11,1.813,3.683,-2.066,01/02/19,2784.48999
purchase-only,quarterly,West North Central Division,266.2,57940.11,1.813,3.683,-2.066,01/03/19,2834.399902
purchase-only,quarterly,West North Central Division,270.6,57940.11,1.813,3.683,-2.066,01/04/19,2945.830078
purchase-only,quarterly,West North Central Division,274.54,55875.47,1.251,8.092,-2.835,01/01/20,3225.52002
purchase-only,quarterly,West North Central Division,276.94,55875.47,1.251,8.092,-2.835,01/02/20,2954.219971
purchase-only,quarterly,West North Central Division,286.65,55875.47,1.251,8.092,-2.835,01/03/20,2584.590088
purchase-only,quarterly,West North Central Division,297.73,55875.47,1.251,8.092,-2.835,01/04/20,2912.429932
purchase-only,quarterly,West North Central Division,306.69,59009.85,4.683,5.367,-3.566,01/01/21,3714.23999
purchase-only,quarterly,West North Central Division,318.02,59009.85,4.683,5.367,-3.566,01/02/21,3811.149902
purchase-only,quarterly,West North Central Division,328.64,59009.85,4.683,5.367,-3.566,01/03/21,3972.889893
purchase-only,quarterly,West North Central Division,338.87,59009.85,4.683,5.367,-3.566,01/04/21,4181.169922
purchase-only,quarterly,West North Central Division,350.43,60007.14,7.986,3.642,-3.816,01/01/22,4515.549805
purchase-only,quarterly,West North Central Division,360.76,60007.14,7.986,3.642,-3.816,01/02/22,4373.939941
purchase-only,quarterly,West North Central Division,362.28,60007.14,7.986,3.642,-3.816,01/03/22,4530.410156
purchase-only,quarterly,West North Central Division,365.03,60007.14,7.986,3.642,-3.816,01/04/22,4131.930176
purchase-only,quarterly,West North Central Division,370.55,60963.65,4.084,3.569,-2.951,01/01/23,4076.600098
purchase-only,quarterly,West North Central Division,377.39,60963.65,4.084,3.569,-2.951,01/02/23,3970.149902
purchase-only,quarterly,West North Central Division,384.62,60963.65,4.084,3.569,-2.951,01/03/23,4109.310059
purchase-only,quarterly,West South Central Division,100.0,36944.07,4.216,6.85,0.047,01/01/91,343.9299927
purchase-only,quarterly,West South Central Division,100.37,36944.07,4.216,6.85,0.047,01/02/91,367.0700073
purchase-only,quarterly,West South Central Division,100.96,36944.07,4.216,6.85,0.047,01/03/91,375.2200012
purchase-only,quarterly,West South Central Division,101.16,36944.07,4.216,6.85,0.047,01/04/91,375.3399963
purchase-only,quarterly,West South Central Division,102.74,37741.19,3.042,7.492,-0.792,01/01/92,408.7799988
purchase-only,quarterly,West South Central Division,102.71,37741.19,3.042,7.492,-0.792,01/02/92,412.7000122
purchase-only,quarterly,West South Central Division,103.76,37741.19,3.042,7.492,-0.792,01/03/92,403.6900024
purchase-only,quarterly,West South Central Division,104.9,37741.19,3.042,7.492,-0.792,01/04/92,414.9500122
purchase-only,quarterly,West South Central Division,105.63,38277.58,2.97,6.908,-1.237,01/01/93,438.7799988
purchase-only,quarterly,West South Central Division,106.97,38277.58,2.97,6.908,-1.237,01/02/93,443.3800049
purchase-only,quarterly,West South Central Division,108.39,38277.58,2.97,6.908,-1.237,01/03/93,451.6700134
purchase-only,quarterly,West South Central Division,109.75,38277.58,2.97,6.908,-1.237,01/04/93,440.1900024
purchase-only,quarterly,West South Central Division,111.28,39339.0,2.596,6.1,-1.669,01/01/94,481.6099854
purchase-only,quarterly,West South Central Division,112.13,39339.0,2.596,6.1,-1.669,01/02/94,467.1400146
purchase-only,quarterly,West South Central Division,112.68,39339.0,2.596,6.1,-1.669,01/03/94,445.769989
purchase-only,quarterly,West South Central Division,113.27,39339.0,2.596,6.1,-1.669,01/04/94,450.9100037
purchase-only,quarterly,West South Central Division,113.77,39919.87,2.805,5.592,-1.487,01/01/95,470.4200134
purchase-only,quarterly,West South Central Division,114.72,39919.87,2.805,5.592,-1.487,01/02/95,487.3900146
purchase-only,quarterly,West South Central Division,115.86,39919.87,2.805,5.592,-1.487,01/03/95,500.7099915
purchase-only,quarterly,West South Central Division,116.63,39919.87,2.805,5.592,-1.487,01/04/95,514.710022
purchase-only,quarterly,West South Central Division,117.51,40946.0,2.937,5.408,-1.546,01/01/96,636.0200195
purchase-only,quarterly,West South Central Division,118.25,40946.0,2.937,5.408,-1.546,01/02/96,640.4299927
purchase-only,quarterly,West South Central Division,118.82,40946.0,2.937,5.408,-1.546,01/03/96,645.5
purchase-only,quarterly,West South Central Division,119.33,40946.0,2.937,5.408,-1.546,01/04/96,654.1699829
purchase-only,quarterly,West South Central Division,120.23,42258.86,2.338,4.942,-1.641,01/01/97,786.1599731
purchase-only,quarterly,West South Central Division,120.96,42258.86,2.338,4.942,-1.641,01/02/97,790.8200073
purchase-only,quarterly,West South Central Division,121.61,42258.86,2.338,4.942,-1.641,01/03/97,757.1199951
purchase-only,quarterly,West South Central Division,123.01,42258.86,2.338,4.942,-1.641,01/04/97,801.3400269
purchase-only,quarterly,West South Central Division,124.66,43640.76,1.547,4.5,-2.373,01/01/98,980.2800293
purchase-only,quarterly,West South Central Division,126.06,43640.76,1.547,4.5,-2.373,01/02/98,1049.339966
purchase-only,quarterly,West South Central Division,127.99,43640.76,1.547,4.5,-2.373,01/03/98,1101.75
purchase-only,quarterly,West South Central Division,129.85,43640.76,1.547,4.5,-2.373,01/04/98,1111.75
purchase-only,quarterly,West South Central Division,131.4,45213.48,2.193,4.217,-2.976,01/01/99,1279.640015
purchase-only,quarterly,West South Central Division,133.23,45213.48,2.193,4.217,-2.976,01/02/99,1238.329956
purchase-only,quarterly,West South Central Division,135.03,45213.48,2.193,4.217,-2.976,01/03/99,1286.369995
purchase-only,quarterly,West South Central Division,136.82,45213.48,2.193,4.217,-2.976,01/04/99,1335.180054
purchase-only,quarterly,West South Central Division,138.97,46539.99,3.367,3.967,-3.921,01/01/00,1394.459961
purchase-only,quarterly,West South Central Division,140.94,46539.99,3.367,3.967,-3.921,01/02/00,1366.420044
purchase-only,quarterly,West South Central Division,142.72,46539.99,3.367,3.967,-3.921,01/03/00,1498.579956
purchase-only,quarterly,West South Central Division,144.39,46539.99,3.367,3.967,-3.921,01/04/00,1452.430054
purchase-only,quarterly,West South Central Division,146.14,46503.1,2.817,4.742,-3.724,01/01/01,1366.01001
purchase-only,quarterly,West South Central Division,147.68,46503.1,2.817,4.742,-3.724,01/02/01,1239.939941
purchase-only,quarterly,West South Central Division,148.96,46503.1,2.817,4.742,-3.724,01/03/01,1160.329956
purchase-only,quarterly,West South Central Division,150.18,46503.1,2.817,4.742,-3.724,01/04/01,1249.459961
purchase-only,quarterly,West South Central Division,151.26,46831.46,1.596,5.783,-4.173,01/01/02,1130.199951
purchase-only,quarterly,West South Central Division,152.94,46831.46,1.596,5.783,-4.173,01/02/02,1106.72998
purchase-only,quarterly,West South Central Division,153.97,46831.46,1.596,5.783,-4.173,01/03/02,1147.390015
purchase-only,quarterly,West South Central Division,155.65,46831.46,1.596,5.783,-4.173,01/04/02,1076.920044
purchase-only,quarterly,West South Central Division,156.76,47691.56,2.298,5.992,-4.559,01/01/03,855.7000122
purchase-only,quarterly,West South Central Division,157.69,47691.56,2.298,5.992,-4.559,01/02/03,841.1500244
purchase-only,quarterly,West South Central Division,159.23,47691.56,2.298,5.992,-4.559,01/03/03,848.1799927
purchase-only,quarterly,West South Central Division,160.53,47691.56,2.298,5.992,-4.559,01/04/03,916.9199829
purchase-only,quarterly,West South Central Division,162.24,49080.56,2.668,5.542,-5.205,01/01/04,1131.130005
purchase-only,quarterly,West South Central Division,164.18,49080.56,2.668,5.542,-5.205,01/02/04,1144.939941
purchase-only,quarterly,West South Central Division,165.5,49080.56,2.668,5.542,-5.205,01/03/04,1126.209961
purchase-only,quarterly,West South Central Division,167.58,49080.56,2.668,5.542,-5.205,01/04/04,1107.300049
purchase-only,quarterly,West South Central Division,169.7,50322.52,3.366,5.083,-5.746,01/01/05,1181.27002
purchase-only,quarterly,West South Central Division,172.3,50322.52,3.366,5.083,-5.746,01/02/05,1203.599976
purchase-only,quarterly,West South Central Division,175.12,50322.52,3.366,5.083,-5.746,01/03/05,1180.589966
purchase-only,quarterly,West South Central Division,178.97,50322.52,3.366,5.083,-5.746,01/04/05,1156.849976
purchase-only,quarterly,West South Central Division,182.12,51235.84,3.222,4.608,-5.911,01/01/06,1280.079956
purchase-only,quarterly,West South Central Division,184.43,51235.84,3.222,4.608,-5.911,01/02/06,1280.660034
purchase-only,quarterly,West South Central Division,186.86,51235.84,3.222,4.608,-5.911,01/03/06,1294.869995
purchase-only,quarterly,West South Central Division,189.9,51235.84,3.222,4.608,-5.911,01/04/06,1310.609985
purchase-only,quarterly,West South Central Division,192.72,51751.28,2.871,4.617,-5.089,01/01/07,1438.23999
purchase-only,quarterly,West South Central Division,193.94,51751.28,2.871,4.617,-5.089,01/02/07,1406.819946
purchase-only,quarterly,West South Central Division,195.44,51751.28,2.871,4.617,-5.089,01/03/07,1420.859985
purchase-only,quarterly,West South Central Division,195.99,51751.28,2.871,4.617,-5.089,01/04/07,1482.369995
purchase-only,quarterly,West South Central Division,195.02,51335.91,3.815,5.8,-4.716,01/01/08,1378.550049
purchase-only,quarterly,West South Central Division,194.43,51335.91,3.815,5.8,-4.716,01/02/08,1330.630005
purchase-only,quarterly,West South Central Division,194.44,51335.91,3.815,5.8,-4.716,01/03/08,1322.699951
purchase-only,quarterly,West South Central Division,192.05,51335.91,3.815,5.8,-4.716,01/04/08,1385.589966
purchase-only,quarterly,West South Central Division,192.59,49569.21,-0.32,9.283,-2.623,01/01/09,825.8800049
purchase-only,quarterly,West South Central Division,192.5,49569.21,-0.32,9.283,-2.623,01/02/09,735.0900269
purchase-only,quarterly,West South Central Division,192.42,49569.21,-0.32,9.283,-2.623,01/03/09,797.8699951
purchase-only,quarterly,West South Central Division,193.67,49569.21,-0.32,9.283,-2.623,01/04/09,872.8099976
purchase-only,quarterly,West South Central Division,192.52,50523.5,1.637,9.608,-2.871,01/01/10,1073.869995
purchase-only,quarterly,West South Central Division,193.06,50523.5,1.637,9.608,-2.871,01/02/10,1104.48999
purchase-only,quarterly,West South Central Division,191.94,50523.5,1.637,9.608,-2.871,01/03/10,1169.430054
purchase-only,quarterly,West South Central Division,189.16,50523.5,1.637,9.608,-2.871,01/04/10,1186.689941
purchase-only,quarterly,West South Central Division,187.81,50943.53,3.14,8.933,-2.919,01/01/11,1286.119995
purchase-only,quarterly,West South Central Division,188.85,50943.53,3.14,8.933,-2.919,01/02/11,1327.219971
purchase-only,quarterly,West South Central Division,188.61,50943.53,3.14,8.933,-2.919,01/03/11,1325.829956
purchase-only,quarterly,West South Central Division,190.56,50943.53,3.14,8.933,-2.919,01/04/11,1363.609985
purchase-only,quarterly,West South Central Division,191.68,51736.82,2.073,8.075,-2.573,01/01/12,1312.410034
purchase-only,quarterly,West South Central Division,194.04,51736.82,2.073,8.075,-2.573,01/02/12,1365.680054
purchase-only,quarterly,West South Central Division,197.13,51736.82,2.073,8.075,-2.573,01/03/12,1408.469971
purchase-only,quarterly,West South Central Division,199.59,51736.82,2.073,8.075,-2.573,01/04/12,1397.910034
purchase-only,quarterly,West South Central Division,202.75,52329.15,1.466,7.358,-2.016,01/01/13,1498.109985
purchase-only,quarterly,West South Central Division,205.41,52329.15,1.466,7.358,-2.016,01/02/13,1514.680054
purchase-only,quarterly,West South Central Division,206.95,52329.15,1.466,7.358,-2.016,01/03/13,1569.189941
purchase-only,quarterly,West South Central Division,210.28,52329.15,1.466,7.358,-2.016,01/04/13,1597.569946
purchase-only,quarterly,West South Central Division,213.93,53141.85,1.615,6.158,-2.109,01/01/14,1782.589966
purchase-only,quarterly,West South Central Division,214.89,53141.85,1.615,6.158,-2.109,01/02/14,1859.449951
purchase-only,quarterly,West South Central Division,218.94,53141.85,1.615,6.158,-2.109,01/03/14,1872.339966
purchase-only,quarterly,West South Central Division,221.87,53141.85,1.615,6.158,-2.109,01/04/14,1883.949951
purchase-only,quarterly,West South Central Division,225.55,54187.9,0.121,5.275,-2.244,01/01/15,1994.98999
purchase-only,quarterly,West South Central Division,228.49,54187.9,0.121,5.275,-2.244,01/02/15,2104.5
purchase-only,quarterly,West South Central Division,231.73,54187.9,0.121,5.275,-2.244,01/03/15,2067.889893
purchase-only,quarterly,West South Central Division,234.56,54187.9,0.121,5.275,-2.244,01/04/15,2085.51001
purchase-only,quarterly,West South Central Division,237.37,54700.34,1.267,4.875,-2.119,01/01/16,1940.23999
purchase-only,quarterly,West South Central Division,240.58,54700.34,1.267,4.875,-2.119,01/02/16,1932.22998
purchase-only,quarterly,West South Central Division,244.1,54700.34,1.267,4.875,-2.119,01/03/16,2059.73999
purchase-only,quarterly,West South Central Division,247.06,54700.34,1.267,4.875,-2.119,01/04/16,2065.300049
purchase-only,quarterly,West South Central Division,250.5,55572.58,2.131,4.358,-1.887,01/01/17,2278.870117
purchase-only,quarterly,West South Central Division,255.08,55572.58,2.131,4.358,-1.887,01/02/17,2363.639893
purchase-only,quarterly,West South Central Division,257.98,55572.58,2.131,4.358,-1.887,01/03/17,2362.719971
purchase-only,quarterly,West South Central Division,261.88,55572.58,2.131,4.358,-1.887,01/04/17,2384.199951
purchase-only,quarterly,West South Central Division,264.86,56904.34,2.439,3.892,-2.142,01/01/18,2823.810059
purchase-only,quarterly,West South Central Division,267.59,56904.34,2.439,3.892,-2.142,01/02/18,2713.830078
purchase-only,quarterly,West South Central Division,270.21,56904.34,2.439,3.892,-2.142,01/03/18,2640.870117
purchase-only,quarterly,West South Central Division,273.29,56904.34,2.439,3.892,-2.142,01/04/18,2648.050049
purchase-only,quarterly,West South Central Division,276.73,57940.11,1.813,3.683,-2.066,01/01/19,2704.100098
purchase-only,quarterly,West South Central Division,278.76,57940.11,1.813,3.683,-2.066,01/02/19,2784.48999
purchase-only,quarterly,West South Central Division,281.71,57940.11,1.813,3.683,-2.066,01/03/19,2834.399902
purchase-only,quarterly,West South Central Division,285.47,57940.11,1.813,3.683,-2.066,01/04/19,2945.830078
purchase-only,quarterly,West South Central Division,290.06,55875.47,1.251,8.092,-2.835,01/01/20,3225.52002
purchase-only,quarterly,West South Central Division,292.43,55875.47,1.251,8.092,-2.835,01/02/20,2954.219971
purchase-only,quarterly,West South Central Division,300.42,55875.47,1.251,8.092,-2.835,01/03/20,2584.590088
purchase-only,quarterly,West South Central Division,311.4,55875.47,1.251,8.092,-2.835,01/04/20,2912.429932
purchase-only,quarterly,West South Central Division,322.81,59009.85,4.683,5.367,-3.566,01/01/21,3714.23999
purchase-only,quarterly,West South Central Division,336.44,59009.85,4.683,5.367,-3.566,01/02/21,3811.149902
purchase-only,quarterly,West South Central Division,353.13,59009.85,4.683,5.367,-3.566,01/03/21,3972.889893
purchase-only,quarterly,West South Central Division,367.3,59009.85,4.683,5.367,-3.566,01/04/21,4181.169922
purchase-only,quarterly,West South Central Division,382.14,60007.14,7.986,3.642,-3.816,01/01/22,4515.549805
purchase-only,quarterly,West South Central Division,397.85,60007.14,7.986,3.642,-3.816,01/02/22,4373.939941
purchase-only,quarterly,West South Central Division,399.45,60007.14,7.986,3.642,-3.816,01/03/22,4530.410156
purchase-only,quarterly,West South Central Division,401.86,60007.14,7.986,3.642,-3.816,01/04/22,4131.930176
purchase-only,quarterly,West South Central Division,402.64,60963.65,4.084,3.569,-2.951,01/01/23,4076.600098
purchase-only,quarterly,West South Central Division,408.12,60963.65,4.084,3.569,-2.951,01/02/23,3970.149902
purchase-only,quarterly,West South Central Division,412.43,60963.65,4.084,3.569,-2.951,01/03/23,4109.310059
